Date,XLB,XLC,XLE,XLF,XLI,XLK,XLP,XLRE,XLU,XLV,XLY
2015-01-02,19.495243072509766,,25.714990615844727,16.358440399169922,46.341243743896484,18.10676383972168,36.067264556884766,,16.626708984375,57.292396545410156,31.700197219848633
2015-01-05,18.998342514038086,,24.65120506286621,16.014474868774414,45.25878143310547,17.83035659790039,35.81364440917969,,16.423429489135742,57.00022506713867,31.093915939331055
2015-01-06,18.83005142211914,,24.289073944091797,15.769725799560547,44.70113754272461,17.615365982055664,35.76888656616211,,16.433948516845703,56.8082275390625,30.784116744995117
2015-01-07,19.042428970336914,,24.340805053710938,15.935100555419922,45.0373649597168,17.76454734802246,36.38057327270508,,16.595163345336914,58.143898010253906,31.27092742919922
2015-01-08,19.495243072509766,,24.887250900268555,16.173233032226562,45.939422607421875,18.155019760131836,36.93259811401367,,16.710824966430664,59.1373176574707,31.740026473999023
2015-01-09,19.395063400268555,,24.690013885498047,15.954946517944336,45.447391510009766,18.097990036010742,36.63420486450195,,16.605682373046875,58.61137771606445,31.37272071838379
2015-01-12,19.350990295410156,,23.978666305541992,15.822647094726562,45.13578414916992,17.887388229370117,36.522308349609375,,16.567127227783203,58.63642501831055,31.204547882080078
2015-01-13,19.134592056274414,,23.78789520263672,15.769725799560547,45.045570373535156,17.874231338500977,36.51485061645508,,16.612689971923828,58.37762451171875,31.204547882080078
2015-01-14,18.910192489624023,,23.86226463317871,15.54482364654541,44.799556732177734,17.773317337036133,36.40293502807617,,16.756385803222656,58.28579330444336,30.828369140625
2015-01-15,18.874120712280273,,23.558324813842773,15.352996826171875,44.586341857910156,17.545181274414062,36.46263122558594,,16.889564514160156,57.65970993041992,30.430068969726562
2015-01-16,19.17466926574707,,24.324642181396484,15.538213729858398,44.88154602050781,17.716279983520508,36.75355911254883,,17.04026985168457,58.74496841430664,30.83280372619629
2015-01-20,19.206722259521484,,24.353740692138672,15.472062110900879,45.20136260986328,17.86545181274414,36.902748107910156,,17.08232879638672,58.74496841430664,30.655771255493164
2015-01-21,19.395063400268555,,24.84843635559082,15.511748313903809,45.57040786743164,17.896167755126953,37.0817756652832,,17.24705696105957,58.861839294433594,30.854915618896484
2015-01-22,19.63950538635254,,24.9648494720459,15.89540958404541,46.30024719238281,18.19011688232422,37.45476150512695,,17.17344856262207,59.56307601928711,31.434663772583008
2015-01-23,19.334959030151367,,24.78700828552246,15.723427772521973,45.914833068847656,18.185731887817383,37.03701400756836,,17.222518920898438,59.2208251953125,31.39042854309082
2015-01-26,19.419109344482422,,25.142677307128906,15.802800178527832,45.97222137451172,18.111143112182617,37.03701400756836,,17.212007522583008,59.52967834472656,31.554176330566406
2015-01-27,19.286874771118164,,25.126510620117188,15.630817413330078,45.365379333496094,17.589046478271484,36.611820220947266,,17.236539840698242,59.103919982910156,31.301902770996094
2015-01-28,18.93824005126953,,24.13710594177246,15.346382141113281,44.971771240234375,17.558340072631836,36.18663024902344,,17.089338302612305,58.2524299621582,30.894746780395508
2015-01-29,19.186683654785156,,24.217933654785156,15.472062110900879,45.48839569091797,17.725053787231445,36.477542877197266,,17.317153930664062,58.74496841430664,31.315181732177734
2015-01-30,19.110553741455078,,24.428102493286133,15.220697402954102,44.750343322753906,17.50568962097168,35.82110595703125,,16.935129165649414,57.82668685913086,30.974403381347656
2015-02-02,19.28286361694336,,25.17500877380371,15.46544361114502,45.41458511352539,17.685571670532227,36.24628829956055,,17.008729934692383,58.1522331237793,31.253231048583984
2015-02-03,19.70762825012207,,25.86372184753418,15.723427772521973,46.15264129638672,17.887388229370117,36.56705856323242,,17.07181167602539,58.54459762573242,31.917049407958984
2015-02-04,19.57940101623535,,25.436914443969727,15.683732986450195,45.80001449584961,17.922489166259766,36.58198165893555,,16.865034103393555,57.80997085571289,32.12948226928711
2015-02-05,20.05225372314453,,25.802288055419922,15.84249210357666,46.19364929199219,18.089214324951172,36.76846694946289,,17.019245147705078,58.78669357299805,32.328643798828125
2015-02-06,20.004167556762695,,25.808748245239258,15.968171119689941,46.08701705932617,18.03217315673828,36.60437774658203,,16.318283081054688,58.2524299621582,32.27995300292969
2015-02-09,19.980125427246094,,25.83462142944336,15.888797760009766,45.964027404785156,18.00584602355957,36.32836151123047,,16.174589157104492,57.56788635253906,32.15603256225586
2015-02-10,20.128387451171875,,25.82168960571289,16.014474868774414,46.21824645996094,18.273483276367188,36.75355911254883,,16.507545471191406,58.53626251220703,32.5499153137207
2015-02-11,20.096336364746094,,25.640623092651367,16.014474868774414,46.23463821411133,18.343677520751953,36.92511749267578,,16.150060653686523,58.59471130371094,32.55876922607422
2015-02-12,20.440954208374023,,25.976890563964844,16.173233032226562,46.66926956176758,18.5937557220459,37.096702575683594,,16.076446533203125,58.80339050292969,32.94378662109375
2015-02-13,20.61326789855957,,26.526561737060547,16.160005569458008,46.882476806640625,18.712223052978516,36.92511749267578,,15.831114768981934,59.03713607788086,33.1429443359375
2015-02-17,20.63730812072754,,26.607397079467773,16.212921142578125,46.94809341430664,18.720993041992188,36.93259811401367,,15.81710147857666,59.46287155151367,33.06769561767578
2015-02-18,20.693410873413086,,26.290523529052734,16.113698959350586,47.210506439208984,18.73854637145996,37.13398742675781,,16.192110061645508,59.52967834472656,33.04999923706055
2015-02-19,20.7495174407959,,26.16765785217285,16.04755401611328,47.29249572753906,18.804359436035156,36.895286560058594,,16.009864807128906,59.629859924316406,33.15179443359375
2015-02-20,20.80962371826172,,26.041555404663086,16.166614532470703,47.694332122802734,18.900882720947266,36.999725341796875,,16.013364791870117,60.255943298339844,33.38633346557617
2015-02-23,20.785579681396484,,25.934852600097656,16.12692642211914,47.48933410644531,18.914039611816406,37.104164123535156,,16.122018814086914,60.53145217895508,33.3553581237793
2015-02-24,20.873737335205078,,26.00598907470703,16.206298828125,47.67792892456055,18.971080780029297,37.23097610473633,,16.24117660522461,60.4562873840332,33.514678955078125
2015-02-25,20.813627243041992,,26.148258209228516,16.206298828125,47.57952880859375,18.852615356445312,37.104164123535156,,15.974818229675293,60.43126678466797,33.771358489990234
2015-02-26,20.6813907623291,,25.663251876831055,16.166614532470703,47.36631393432617,18.971080780029297,37.15637969970703,,15.869673728942871,60.59821701049805,33.66515350341797
2015-02-27,20.633298873901367,,25.55007553100586,16.10707664489746,47.14490509033203,18.905263900756836,37.30555725097656,,15.852149963378906,60.306034088134766,33.62089157104492
2015-03-02,20.76955223083496,,25.37224769592285,16.226150512695312,47.57952880859375,19.054439544677734,37.372703552246094,,15.547234535217285,60.84866714477539,34.023616790771484
2015-03-03,20.657350540161133,,25.466014862060547,16.179847717285156,47.27610778808594,18.927200317382812,37.23097610473633,,15.641865730285645,60.29768371582031,33.930686950683594
2015-03-04,20.585214614868164,,25.43044662475586,16.080623626708984,46.9070930480957,18.852615356445312,36.969886779785156,,15.554244041442871,60.589866638183594,33.75365447998047
2015-03-05,20.49705696105957,,25.278480529785156,16.146772384643555,46.93989181518555,18.830678939819336,37.096702575683594,,15.676909446716309,60.80692672729492,33.77578353881836
2015-03-06,20.220556259155273,,24.82581329345703,16.027706146240234,46.30024719238281,18.5981502532959,36.37311553955078,,15.207267761230469,59.61315155029297,33.373069763183594
2015-03-09,20.248607635498047,,24.647972106933594,16.100473403930664,46.73487854003906,18.685895919799805,36.57453155517578,,15.235308647155762,59.9804801940918,33.5633544921875
2015-03-10,19.94005012512207,,24.30523681640625,15.756503105163574,45.87382507324219,18.304197311401367,36.05236053466797,,15.207267761230469,59.312625885009766,33.04114532470703
2015-03-11,19.91600799560547,,24.376367568969727,15.855719566345215,45.82461166381836,18.185731887817383,35.77633285522461,,15.109136581420898,59.27921676635742,32.85969161987305
2015-03-12,20.164453506469727,,24.221176147460938,16.199691772460938,46.41505432128906,18.304197311401367,36.29851150512695,,15.396525382995605,60.06393814086914,33.527957916259766
2015-03-13,19.97210693359375,,24.130634307861328,16.087242126464844,45.9886360168457,18.20328712463379,36.01504898071289,,15.238813400268555,59.94705581665039,33.262428283691406
2015-03-16,19.94005012512207,,24.45720100402832,16.28568458557129,46.75127410888672,18.41826057434082,36.45517349243164,,15.501668930053711,61.274417877197266,33.65187454223633
2015-03-17,19.719654083251953,,24.363441467285156,16.245996475219727,46.56266784667969,18.422651290893555,36.1940803527832,,15.477137565612793,61.09909439086914,33.466007232666016
2015-03-18,20.020200729370117,,25.071550369262695,16.338600158691406,47.112098693847656,18.6727294921875,36.44023513793945,,15.894205093383789,61.892173767089844,33.76251220703125
2015-03-19,19.67557144165039,,24.673845291137695,16.18645668029785,46.79227828979492,18.620080947875977,36.276145935058594,,15.747010231018066,62.25113296508789,33.71383285522461
2015-03-20,19.802282333374023,,25.03681755065918,16.406232833862305,47.056724548339844,18.740352630615234,36.730953216552734,,15.888649940490723,62.70149612426758,34.08904266357422
2015-03-23,19.802282333374023,,24.94891929626465,16.31328010559082,46.661285400390625,18.740352630615234,36.79098892211914,,15.89924430847168,62.52571105957031,34.031307220458984
2015-03-24,19.7379150390625,,24.782899856567383,16.18048667907715,46.5047607421875,18.678672790527344,36.58086395263672,,15.722631454467773,61.98157501220703,33.85370635986328
2015-03-25,19.516687393188477,,25.10517692565918,15.921545028686523,45.71389389038086,18.198488235473633,36.490787506103516,,15.538954734802246,60.8514404296875,33.303096771240234
2015-03-26,19.560932159423828,,25.075876235961914,15.908267974853516,45.5903205871582,18.21170425415039,36.33317947387695,,15.40825080871582,60.709129333496094,33.09437561035156
2015-03-27,19.55289649963379,,24.870790481567383,15.88834285736084,45.76333999633789,18.224925994873047,36.558326721191406,,15.500091552734375,61.1444091796875,33.26313018798828
2015-03-30,19.81836700439453,,25.404666900634766,16.120729446411133,46.405914306640625,18.4451961517334,36.926109313964844,,15.69084358215332,61.7639045715332,33.605045318603516
2015-03-31,19.621267318725586,,25.254919052124023,16.007862091064453,45.9445686340332,18.255762100219727,36.58086395263672,,15.694380760192871,60.69237518310547,33.45848846435547
2015-04-01,19.67758560180664,,25.248414993286133,15.994577407836914,45.639747619628906,18.22933006286621,36.62587356567383,,15.708502769470215,60.081275939941406,33.31196594238281
2015-04-02,19.697696685791016,,25.300493240356445,16.074262619018555,45.66447448730469,18.224925994873047,36.87355422973633,,15.736764907836914,60.26544189453125,33.60948181152344
2015-04-06,19.854572296142578,,25.756244659423828,16.100807189941406,46.01047134399414,18.401140213012695,37.1662712097168,,15.955766677856445,60.357505798339844,33.76933670043945
2015-04-07,19.822389602661133,,25.77251434326172,16.01449966430664,45.90339279174805,18.361494064331055,36.99363327026367,,15.77208423614502,60.49982452392578,33.58283233642578
2015-04-08,19.878700256347656,,25.564178466796875,16.074262619018555,46.05990982055664,18.41876220703125,37.05369567871094,,15.726160049438477,61.010498046875,33.898109436035156
2015-04-09,19.93502426147461,,25.974349975585938,16.100807189941406,46.28232955932617,18.467222213745117,37.15876770019531,,15.659049987792969,61.47090530395508,33.92919158935547
2015-04-10,19.9913272857666,,26.088287353515625,16.094175338745117,46.93315887451172,18.537708282470703,37.22631072998047,,15.775618553161621,61.998294830322266,34.04464340209961
2015-04-13,19.910888671875,,25.827844619750977,16.153921127319336,46.4882926940918,18.484844207763672,37.05369567871094,,15.620197296142578,61.663448333740234,33.8581428527832
2015-04-14,19.995357513427734,,26.293367385864258,16.153921127319336,46.54596710205078,18.427576065063477,37.13624954223633,,15.697901725769043,61.7639045715332,33.840370178222656
2015-04-15,20.188426971435547,,26.921655654907227,16.21367835998535,46.62833786010742,18.59056854248047,37.03116989135742,,15.736764907836914,61.9229621887207,33.840370178222656
2015-04-16,20.144184112548828,,26.859798431396484,16.240243911743164,46.52948760986328,18.52448272705078,37.1662712097168,,15.634320259094238,61.88947296142578,33.906978607177734
2015-04-17,19.959150314331055,,26.664478302001953,16.021142959594727,45.969276428222656,18.26897621154785,36.82102584838867,,15.577802658081055,61.35371780395508,33.40522003173828
2015-04-20,20.10396385192871,,26.765405654907227,16.0875301361084,46.5047607421875,18.581756591796875,36.94861602783203,,15.810943603515625,61.73041915893555,33.77376937866211
2015-04-21,19.955129623413086,,26.482173919677734,16.007862091064453,46.44709396362305,18.572946548461914,37.01616287231445,,15.66964054107666,62.140625,33.80929946899414
2015-04-22,19.995357513427734,,26.657962799072266,16.120729446411133,46.64482116699219,18.762378692626953,37.03868103027344,,15.701444625854492,62.241065979003906,33.840370178222656
2015-04-23,20.047643661499023,,26.840269088745117,16.147293090820312,46.59537887573242,18.837270736694336,36.91109085083008,,15.789746284484863,62.475494384765625,34.00910186767578
2015-04-24,20.216585159301758,,26.687271118164062,16.120729446411133,46.397666931152344,19.000267028808594,36.91859436035156,,15.948702812194824,62.274566650390625,34.47091293334961
2015-04-27,20.393569946289062,,26.657962799072266,16.06097412109375,46.381187438964844,19.053138732910156,36.71595001220703,,15.757955551147461,61.1444091796875,34.16897201538086
2015-04-28,20.42172622680664,,26.791444778442383,16.153921127319336,46.46358108520508,19.11480712890625,36.75346755981445,,15.870990753173828,61.44579315185547,34.04908752441406
2015-04-29,20.4096622467041,,26.999780654907227,16.147293090820312,46.2328987121582,19.022293090820312,36.42324447631836,,15.803877830505371,60.88492965698242,33.81818389892578
2015-04-30,20.28094482421875,,26.91513442993164,16.021142959594727,45.82923126220703,18.757972717285156,36.303157806396484,,15.620197296142578,60.03102493286133,33.44074630737305
2015-05-01,20.614803314208984,,26.97699546813965,16.160568237304688,46.405914306640625,18.987049102783203,36.63338851928711,,15.708502769470215,60.84307861328125,33.90255355834961
2015-05-04,20.55848503112793,,26.908641815185547,16.31991958618164,46.48005294799805,19.004671096801758,36.68592834472656,,15.82507038116455,61.22813415527344,33.973594665527344
2015-05-05,20.32518768310547,,26.576589584350586,16.173845291137695,45.85395812988281,18.709518432617188,36.39323043823242,,15.471835136413574,60.45800018310547,33.61835479736328
2015-05-06,20.329214096069336,,26.472412109375,16.094175338745117,45.82923126220703,18.55092430114746,36.505802154541016,,15.387055397033691,60.223594665527344,33.48069381713867
2015-05-07,20.41770362854004,,26.185951232910156,16.207046508789062,46.06813430786133,18.687490463256836,36.59585952758789,,15.443571090698242,60.50819396972656,33.65388870239258
2015-05-08,20.743515014648438,,26.615652084350586,16.439420700073242,46.61186599731445,18.95621681213379,36.90357971191406,,15.553079605102539,61.48765563964844,34.01356506347656
2015-05-11,20.64698028564453,,26.11432456970215,16.37966537475586,46.57066345214844,18.859296798706055,36.75346755981445,,15.447107315063477,61.52114486694336,33.86258316040039
2015-05-12,20.42977523803711,,26.234773635864258,16.31991958618164,46.52124786376953,18.757972717285156,36.67091369628906,,15.429441452026367,61.127689361572266,33.80042266845703
2015-05-13,20.4056396484375,,26.16641616821289,16.326555252075195,46.62008285522461,18.837270736694336,36.65591049194336,,15.27755069732666,61.19466018676758,33.5872802734375
2015-05-14,20.61882209777832,,26.15665054321289,16.472625732421875,47.08967971801758,19.141237258911133,37.218807220458984,,15.454167366027832,62.040157318115234,33.738250732421875
2015-05-15,20.71938705444336,,26.26081657409668,16.39958953857422,47.048492431640625,19.079561233520508,37.33888626098633,,15.655519485473633,62.165748596191406,34.00910186767578
2015-05-18,20.626869201660156,,26.28360939025879,16.49254608154297,47.13911056518555,19.172075271606445,37.218807220458984,,15.715572357177734,62.53406524658203,34.13788986206055
2015-05-19,20.526308059692383,,25.90924072265625,16.585498809814453,47.007293701171875,19.12361717224121,37.121238708496094,,15.750887870788574,62.82706832885742,34.12901306152344
2015-05-20,20.51424217224121,,25.958070755004883,16.539020538330078,46.83428955078125,19.13683319091797,37.03868103027344,,15.775618553161621,62.910770416259766,34.08904266357422
2015-05-21,20.586647033691406,,26.202228546142578,16.499181747436523,47.08967971801758,19.220537185668945,37.121238708496094,,15.768550872802734,62.91914749145508,34.22224426269531
2015-05-22,20.56251335144043,,26.107812881469727,16.505821228027344,46.87547302246094,19.207319259643555,36.963623046875,,15.743827819824219,62.76847457885742,34.1645393371582
2015-05-26,20.305078506469727,,25.69438362121582,16.31991958618164,46.36471939086914,18.929779052734375,36.67091369628906,,15.64492416381836,62.132259368896484,33.9202995300293
2015-05-27,20.43781852722168,,25.648815155029297,16.499181747436523,46.661285400390625,19.286609649658203,36.90357971191406,,15.708502769470215,62.8521842956543,34.173423767089844
2015-05-28,20.4901123046875,,25.547897338867188,16.47926902770996,46.43885803222656,19.246967315673828,36.851043701171875,,15.743827819824219,62.89405059814453,34.11569595336914
2015-05-29,20.357364654541016,,25.518598556518555,16.333194732666016,45.977508544921875,19.105998992919922,36.618385314941406,,15.719103813171387,62.73500442504883,33.88034439086914
2015-06-01,20.365413665771484,,25.453500747680664,16.34647560119629,46.1834716796875,19.15885353088379,36.618385314941406,,15.740291595458984,62.98609924316406,33.97803497314453
2015-06-02,20.42977523803711,,25.629283905029297,16.373029708862305,46.27409744262695,19.11921501159668,36.52080535888672,,15.53188419342041,62.57593536376953,34.053531646728516
2015-06-03,20.44988250732422,,25.453500747680664,16.5124568939209,46.5047607421875,19.15885353088379,36.498291015625,,15.302287101745605,62.693111419677734,34.319950103759766
2015-06-04,20.208541870117188,,25.108427047729492,16.366395950317383,45.98575973510742,18.982641220092773,36.2356071472168,,15.281086921691895,62.257808685302734,34.07572937011719
2015-06-05,20.11602020263672,,25.28421974182129,16.45934295654297,46.01872253417969,18.920969009399414,35.71773910522461,,15.090336799621582,62.23270797729492,33.97803497314453
2015-06-08,20.043624877929688,,25.140975952148438,16.359758377075195,45.68095016479492,18.709518432617188,35.70273208618164,,15.002030372619629,61.9229621887207,33.738250732421875
2015-06-09,20.05569076538086,,25.137725830078125,16.39958953857422,45.67270278930664,18.66546630859375,35.87535858154297,,14.966703414916992,61.90620803833008,33.702720642089844
2015-06-10,20.26485252380371,,25.446985244750977,16.631975173950195,46.125816345214844,18.95621681213379,36.22809600830078,,15.040887832641602,62.66801071166992,34.04908752441406
2015-06-11,20.31312370300293,,25.333044052124023,16.69837188720703,46.389427185058594,18.96502685546875,36.21308517456055,,15.160983085632324,63.094974517822266,34.1645393371582
2015-06-12,20.192453384399414,,25.049821853637695,16.625333786010742,46.11757278442383,18.797616958618164,36.070491790771484,,15.026752471923828,62.31642150878906,34.00910186767578
2015-06-15,20.067760467529297,,24.991239547729492,16.552297592163086,45.730369567871094,18.683088302612305,35.80781173706055,,15.002030372619629,62.391761779785156,33.84926986694336
2015-06-16,20.17234230041504,,25.186555862426758,16.645248413085938,45.77156448364258,18.806428909301758,36.19808578491211,,15.072677612304688,62.70149612426758,34.053531646728516
2015-06-17,20.256807327270508,,25.124711990356445,16.625333786010742,45.89513397216797,18.81524658203125,36.39323043823242,,15.199837684631348,62.7601203918457,34.20893096923828
2015-06-18,20.425748825073242,,25.108427047729492,16.77804183959961,46.356483459472656,18.982641220092773,36.79851150512695,,15.401185035705566,63.6474609375,34.621891021728516
2015-06-19,20.288766860961914,,24.875436782836914,16.497962951660156,46.13129425048828,18.82466697692871,36.74715805053711,,15.252544403076172,63.5978889465332,34.50027847290039
2015-06-22,20.365541458129883,,25.180185317993164,16.751367568969727,46.41276931762695,18.97954750061035,36.89063262939453,,15.231157302856445,64.09351348876953,34.69182205200195
2015-06-23,20.308969497680664,,25.262115478515625,16.784711837768555,46.2968635559082,18.99281883239746,36.732051849365234,,15.024415016174316,64.21952819824219,34.829917907714844
2015-06-24,20.05036163330078,,25.104829788208008,16.644672393798828,45.86635971069336,18.904321670532227,36.56590270996094,,14.906785011291504,63.572723388671875,34.58937454223633
2015-06-25,20.034198760986328,,24.84922218322754,16.544641494750977,45.510345458984375,18.860063552856445,36.497955322265625,,14.806981086730957,63.92549514770508,34.562644958496094
2015-06-26,19.957427978515625,,24.931150436401367,16.597986221313477,45.59314727783203,18.70075798034668,36.573463439941406,,14.896096229553223,63.833126068115234,34.700748443603516
2015-06-29,19.49273109436035,,24.459259033203125,16.197885513305664,44.73210906982422,18.3024959564209,36.00707244873047,,14.817676544189453,62.27065658569336,33.91674041748047
2015-06-30,19.5533390045166,,24.629671096801758,16.25790023803711,44.75693893432617,18.320201873779297,35.94666290283203,,14.77846908569336,62.48909378051758,34.068199157714844
2015-07-01,19.662445068359375,,24.31507682800293,16.50463104248047,44.98048400878906,18.44409942626953,36.40733337402344,,14.867579460144043,63.161109924316406,34.45574188232422
2015-07-02,19.601837158203125,,24.423213958740234,16.43128204345703,44.89767837524414,18.47065544128418,36.377113342285156,,15.05292797088623,62.86707305908203,34.388912200927734
2015-07-06,19.440204620361328,,24.10207176208496,16.36460304260254,44.72383499145508,18.395423889160156,36.3469123840332,,15.113529205322266,62.84187316894531,34.322105407714844
2015-07-07,19.375553131103516,,24.32163429260254,16.39793586730957,45.08811569213867,18.421977996826172,37.09453582763672,,15.487805366516113,63.14427947998047,34.62055206298828
2015-07-08,18.951271057128906,,23.830081939697266,16.111190795898438,44.276763916015625,18.12106704711914,36.6791877746582,,15.405818939208984,62.0606689453125,33.96128845214844
2015-07-09,19.007841110229492,,23.95132827758789,16.237892150878906,44.3843994140625,18.05026626586914,36.70940399169922,,15.234731674194336,62.39667510986328,34.10382843017578
2015-07-10,19.274532318115234,,24.08241081237793,16.43128204345703,44.848018646240234,18.33789825439453,37.13985061645508,,15.316709518432617,63.236690521240234,34.59828567504883
2015-07-13,19.484651565551758,,24.25281524658203,16.63133430480957,45.34477615356445,18.616682052612305,37.48724365234375,,15.323836326599121,63.77432632446289,35.09718704223633
2015-07-14,19.59375,,24.42649269104004,16.671350479125977,45.468955993652344,18.687488555908203,37.54763412475586,,15.30245304107666,64.41272735595703,35.1417350769043
2015-07-15,19.440204620361328,,23.997215270996094,16.81138801574707,45.27853775024414,18.69191551208496,37.44948196411133,,15.377304077148438,64.49668884277344,35.10609817504883
2015-07-16,19.391714096069336,,24.029979705810547,16.978097915649414,45.48552322387695,18.930875778198242,37.834617614746094,,15.605430603027344,64.79914855957031,35.31991958618164
2015-07-17,19.258371353149414,,23.73832893371582,16.931421279907227,45.468955993652344,19.222929000854492,37.81196594238281,,15.452152252197266,64.65631866455078,35.25754928588867
2015-07-20,19.096736907958984,,23.42374610900879,16.9514217376709,45.47724151611328,19.3247127532959,37.879913330078125,,15.373744010925293,64.8663101196289,35.275367736816406
2015-07-21,18.979549407958984,,23.433568954467773,16.931421279907227,44.988765716552734,19.196386337280273,37.789310455322266,,15.234731674194336,64.5807113647461,35.163997650146484
2015-07-22,18.898738861083984,,23.243511199951172,17.058120727539062,44.79005813598633,18.88661766052246,37.872371673583984,,15.30245304107666,64.72354125976562,35.33327102661133
2015-07-23,18.62395668029785,,23.223838806152344,16.911415100097656,44.37611770629883,18.84679412841797,37.72888946533203,,15.074318885803223,64.48831939697266,35.12390899658203
2015-07-24,18.21584701538086,,22.778175354003906,16.751367568969727,43.79657745361328,18.745014190673828,37.51743698120117,,15.088581085205078,62.87550354003906,35.12390899658203
2015-07-27,18.013805389404297,,22.450481414794922,16.63133430480957,43.581321716308594,18.57685661315918,37.494781494140625,,15.281059265136719,62.816688537597656,34.86110305786133
2015-07-28,18.389602661132812,,23.092763900756836,16.698017120361328,44.42577362060547,18.745014190673828,37.91769027709961,,15.352351188659668,63.950706481933594,35.132835388183594
2015-07-29,18.522947311401367,,23.407350540161133,16.864727020263672,44.97220993041992,18.868915557861328,38.04606628417969,,15.409385681152344,64.05992126464844,35.49365234375
2015-07-30,18.61588478088379,,23.243511199951172,16.864727020263672,44.930809020996094,18.904321670532227,37.91769027709961,,15.523446083068848,63.9675178527832,35.622825622558594
2015-07-31,18.567399978637695,,22.735580444335938,16.81138801574707,44.8894157409668,18.842370986938477,37.99320983886719,,15.680288314819336,64.33710479736328,35.73419189453125
2015-08-03,18.421924591064453,,22.257144927978516,16.7913761138916,44.67415237426758,18.740591049194336,38.04606628417969,,15.7622709274292,64.28673553466797,35.613922119140625
2015-08-04,18.502748489379883,,22.181777954101562,16.76470184326172,44.649322509765625,18.629962921142578,38.04606628417969,,15.509186744689941,64.25312805175781,35.7653694152832
2015-08-05,18.595680236816406,,22.014644622802734,16.831390380859375,44.89767837524414,18.811391830444336,38.37834930419922,,15.54840087890625,64.79072570800781,35.377838134765625
2015-08-06,18.53102684020996,,22.365280151367188,16.771377563476562,44.66588592529297,18.625534057617188,38.09138488769531,,15.630385398864746,63.37948989868164,34.8967399597168
2015-08-07,18.272418975830078,,21.965492248535156,16.804716110229492,44.45062255859375,18.638809204101562,37.879913330078125,,15.82286548614502,63.27031707763672,34.87000274658203
2015-08-10,18.720943450927734,,22.666763305664062,16.96476173400879,45.31993103027344,18.930875778198242,38.02341842651367,,15.758705139160156,63.78269958496094,35.1506462097168
2015-08-11,18.373443603515625,,22.70935821533203,16.81138801574707,44.765228271484375,18.647661209106445,37.887481689453125,,15.837125778198242,63.24509048461914,34.834373474121094
2015-08-12,18.442134857177734,,23.12226104736328,16.658008575439453,44.77350997924805,18.731739044189453,37.91013717651367,,16.118722915649414,63.28712463378906,34.682918548583984
2015-08-13,18.389602661132812,,22.771617889404297,16.718027114868164,44.740386962890625,18.678630828857422,37.75910568237305,,16.122283935546875,63.14427947998047,34.88337707519531
2015-08-14,18.474462509155273,,22.722469329833984,16.838058471679688,45.021888732910156,18.771562576293945,37.879913330078125,,16.243480682373047,63.320709228515625,34.90565490722656
2015-08-17,18.57952117919922,,22.771617889404297,16.871410369873047,45.245426177978516,18.877765655517578,37.91769027709961,,16.321901321411133,63.95914840698242,35.239742279052734
2015-08-18,18.458290100097656,,22.686429977416992,16.858060836791992,45.162620544433594,18.78041648864746,37.72888946533203,,16.282690048217773,63.8667106628418,35.270912170410156
2015-08-19,18.232019424438477,,22.060518264770508,16.704689025878906,44.740386962890625,18.65650749206543,37.381500244140625,,16.35040855407715,63.6063117980957,35.20854949951172
2015-08-20,17.8885440826416,,21.562429428100586,16.351255416870117,43.81313705444336,18.20071792602539,37.04167938232422,,16.254173278808594,62.12786865234375,34.21964645385742
2015-08-21,17.45213508605957,,20.8087215423584,15.764421463012695,42.604373931884766,17.50596809387207,36.02974319458008,,16.05812644958496,60.22939682006836,33.123836517333984
2015-08-24,16.72075653076172,,19.69127655029297,15.090899467468262,41.08930969238281,16.81563949584961,34.776123046875,,15.455728530883789,57.667362213134766,31.800838470458984
2015-08-25,16.45810317993164,,19.406187057495117,14.89084529876709,40.551151275634766,16.68288230895996,34.511810302734375,,14.981640815734863,57.08774185180664,31.671661376953125
2015-08-26,16.90259552001953,,20.07468032836914,15.451004981994629,41.81785583496094,17.523670196533203,35.53131103515625,,15.248973846435547,59.49859619140625,32.87437438964844
2015-08-27,17.516794204711914,,21.06760025024414,15.831107139587402,42.82791519165039,17.930782318115234,36.052398681640625,,15.42721176147461,60.65782928466797,33.64501953125
2015-08-28,17.617809295654297,,21.546043395996094,15.757755279541016,42.8444709777832,17.9661865234375,35.97687530517578,,15.380865097045898,60.31343460083008,33.65837097167969
2015-08-31,17.520832061767578,,21.768875122070312,15.624384880065918,42.463619232177734,17.802452087402344,35.7276611328125,,15.134908676147461,59.21300506591797,33.40000915527344
2015-09-01,16.98744773864746,,21.00206184387207,15.117575645446777,41.337677001953125,17.231599807739258,34.9951286315918,,14.724991798400879,57.658973693847656,32.55366134643555
2015-09-02,17.229894638061523,,21.195402145385742,15.324299812316895,42.256656646728516,17.64757537841797,35.470890045166016,,14.735689163208008,58.843387603759766,33.239646911621094
2015-09-03,17.3349609375,,21.254398345947266,15.410991668701172,42.28148651123047,17.660844802856445,35.712547302246094,,14.803418159484863,58.42338180541992,33.253021240234375
2015-09-04,16.991491317749023,,20.903751373291016,15.10424518585205,41.69368362426758,17.39090919494629,35.13106918334961,,14.600236892700195,57.69255447387695,32.896644592285156
2015-09-08,17.415775299072266,,21.231447219848633,15.491012573242188,42.8444709777832,17.877681732177734,35.86359405517578,,14.91035270690918,59.305389404296875,33.65837097167969
2015-09-09,17.282428741455078,,20.831661224365234,15.277623176574707,42.38911819458008,17.643152236938477,35.27455520629883,,14.724991798400879,58.389793395996094,33.29757308959961
2015-09-10,17.322832107543945,,20.952909469604492,15.35097885131836,42.41395950317383,17.820152282714844,35.3349723815918,,14.700044631958008,58.95259475708008,33.39111328125
2015-09-11,17.2985897064209,,20.76612663269043,15.417664527893066,42.64577865600586,17.90422821044922,35.569068908691406,,14.810547828674316,59.33061218261719,33.640567779541016
2015-09-14,17.092504501342773,,20.585887908935547,15.384322166442871,42.43051528930664,17.859973907470703,35.4557991027832,,14.84619426727295,59.14579391479492,33.462371826171875
2015-09-15,17.217771530151367,,20.815271377563477,15.604379653930664,43.1673583984375,18.090091705322266,35.878692626953125,,14.92460823059082,59.994232177734375,33.81429672241211
2015-09-16,17.464263916015625,,21.40513038635254,15.704402923583984,43.48196792602539,18.165321350097656,36.2864875793457,,15.074318885803223,60.1622314453125,34.19736862182617
2015-09-17,17.383441925048828,,21.392019271850586,15.484346389770508,43.29153823852539,18.041410446166992,36.2864875793457,,15.281059265136719,60.70821762084961,34.28646469116211
2015-09-18,17.016939163208008,,20.830169677734375,15.184808731079102,42.33513641357422,17.80715560913086,35.86693572998047,,15.195066452026367,59.78168869018555,33.74051284790039
2015-09-21,17.073822021484375,,20.94901466369629,15.359037399291992,42.54322052001953,17.98495864868164,36.132972717285156,,15.25623607635498,58.989219665527344,34.0356330871582
2015-09-22,16.75688934326172,,20.727832794189453,15.164701461791992,41.927268981933594,17.682689666748047,35.737728118896484,,15.065532684326172,58.626708984375,33.58403015136719
2015-09-23,16.399322509765625,,20.460445404052734,15.171401977539062,41.63593292236328,17.72714614868164,35.79854202270508,,15.105110168457031,58.56769561767578,33.494590759277344
2015-09-24,16.354629516601562,,20.549570083618164,15.064184188842773,41.37788391113281,17.72714614868164,35.85934829711914,,15.227447509765625,57.969112396240234,33.40517044067383
2015-09-25,16.334308624267578,,20.58918571472168,15.285322189331055,41.46112823486328,17.696027755737305,36.08736038208008,,15.374970436096191,56.3841552734375,33.40069580078125
2015-09-28,15.826408386230469,,19.767208099365234,14.930158615112305,40.645408630371094,17.291521072387695,35.5553092956543,,15.299410820007324,54.200618743896484,32.43936538696289
2015-09-29,15.887350082397461,,19.73749542236328,14.956964492797852,40.91175842285156,17.215953826904297,35.540130615234375,,15.303010940551758,54.69803237915039,32.33205795288086
2015-09-30,16.220539093017578,,20.202959060668945,15.184808731079102,41.5277099609375,17.558223724365234,35.86693572998047,,15.576473236083984,55.83616256713867,33.2039680480957
2015-10-01,16.403383255004883,,20.242568969726562,15.191505432128906,41.436161041259766,17.567115783691406,35.86693572998047,,15.392961502075195,56.40101623535156,33.44987869262695
2015-10-02,16.80565071105957,,21.077756881713867,15.211610794067383,41.96055221557617,17.816041946411133,36.36097717285156,,15.59805679321289,57.572879791259766,33.928306579589844
2015-10-05,17.244487762451172,,21.714874267578125,15.533260345458984,43.15087127685547,18.16720962524414,36.98422622680664,,15.799562454223633,57.724632263183594,34.429107666015625
2015-10-06,17.467958450317383,,22.196842193603516,15.459554672241211,43.1092529296875,18.189428329467773,36.7334098815918,,15.691612243652344,56.367286682128906,34.17423629760742
2015-10-07,17.69957733154297,,22.477434158325195,15.580171585083008,43.67528533935547,18.273893356323242,37.06782913208008,,15.637639045715332,57.26936340332031,34.290504455566406
2015-10-08,17.94742774963379,,22.906585693359375,15.673993110656738,44.28290939331055,18.35835075378418,37.508663177490234,21.185571670532227,15.831938743591309,57.43797302246094,34.71078872680664
2015-10-09,17.939300537109375,,22.75803565979004,15.573469161987305,44.4327392578125,18.438356399536133,37.59226608276367,21.15050506591797,15.756380081176758,57.69934844970703,34.75103759765625
2015-10-12,17.784889221191406,,22.4642333984375,15.586870193481445,44.441078186035156,18.460586547851562,37.691078186035156,21.28375244140625,15.896711349487305,57.85108184814453,34.916465759277344
2015-10-13,17.715824127197266,,22.229848861694336,15.466256141662598,43.96662139892578,18.420576095581055,37.463050842285156,21.15050506591797,15.86072826385498,57.12605285644531,34.72868347167969
2015-10-14,17.858030319213867,,22.42131805419922,15.338933944702148,43.492156982421875,18.3850154876709,37.029823303222656,21.15050506591797,15.857133865356445,57.0164680480957,34.37545394897461
2015-10-15,17.906795501708984,,22.824054718017578,15.687389373779297,43.96662139892578,18.620615005493164,37.364253997802734,21.087390899658203,16.09100914001465,58.28947830200195,34.82257080078125
2015-10-16,17.9149227142334,,22.8537654876709,15.78120231628418,43.74185562133789,18.656171798706055,37.721473693847656,21.488525390625,16.112600326538086,58.812191009521484,35.00590133666992
2015-10-19,17.788955688476562,,22.401514053344727,15.767803192138672,43.80012130737305,18.727293014526367,37.888675689697266,21.739578247070312,16.123394012451172,59.02293395996094,35.17134475708008
2015-10-20,17.81740379333496,,22.4642333984375,15.86162281036377,44.09147262573242,18.67840003967285,37.86589050292969,21.7606201171875,16.1773624420166,58.0955696105957,35.12662887573242
2015-10-21,17.658937454223633,,22.186939239501953,15.747701644897461,44.09980010986328,18.536157608032227,37.87348937988281,21.778152465820312,16.144983291625977,57.572879791259766,34.97013473510742
2015-10-22,18.14246368408203,,22.58637809753418,16.002344131469727,45.33172607421875,18.953998565673828,38.625946044921875,22.053749084472656,16.332088470458984,57.22721481323242,35.430686950683594
2015-10-23,18.292804718017578,,22.533557891845703,16.176572799682617,45.49819564819336,19.48296546936035,38.56514358520508,21.788673400878906,16.04422950744629,58.44967269897461,35.60506057739258
2015-10-26,18.14246368408203,,21.98226547241211,16.109560012817383,45.39830780029297,19.407400131225586,38.489131927490234,21.81671905517578,15.986662864685059,58.67728042602539,35.8554573059082
2015-10-27,18.065261840820312,,21.718175888061523,16.0157470703125,44.89887619018555,19.296268463134766,38.542335510253906,21.822328567504883,15.929095268249512,59.75642013549805,35.68553161621094
2015-10-28,18.33749771118164,,22.200143814086914,16.391014099121094,45.25682067871094,19.5851993560791,38.321922302246094,21.743087768554688,15.759977340698242,60.25385284423828,36.025360107421875
2015-10-29,18.374074935913086,,22.312379837036133,16.37091064453125,45.231834411621094,19.531864166259766,38.337127685546875,21.841968536376953,15.670022964477539,60.52358627319336,36.12819290161133
2015-10-30,18.39845085144043,,22.457630157470703,16.136369705200195,45.173561096191406,19.402956008911133,37.91148376464844,21.70451545715332,15.741985321044922,60.14421463012695,36.2042121887207
2015-11-02,18.51221466064453,,22.982519149780273,16.357505798339844,45.69797897338867,19.57631492614746,38.139503479003906,21.70451545715332,15.759977340698242,61.42567825317383,36.3696403503418
2015-11-03,18.585359573364258,,23.570117950439453,16.384305953979492,45.73127746582031,19.67854881286621,37.95710372924805,21.98503303527832,15.806750297546387,61.20646667480469,36.50827407836914
2015-11-04,18.463464736938477,,23.358844757080078,16.337404251098633,45.60639953613281,19.70077133178711,37.797481536865234,21.89385986328125,15.889519691467285,60.93669891357422,36.27128219604492
2015-11-05,18.37000846862793,,23.16077995300293,16.404415130615234,45.66468811035156,19.642993927001953,37.78987121582031,21.809711456298828,15.752782821655273,60.742794036865234,36.40094757080078
2015-11-06,18.418758392333984,,23.041934967041016,16.571937561035156,45.66468811035156,19.709667205810547,37.37945556640625,21.00324058532715,15.20225715637207,60.48987579345703,36.40541458129883
2015-11-09,18.292804718017578,,22.81415557861328,16.391014099121094,45.3150749206543,19.518518447875977,37.12862777709961,20.834930419921875,15.241846084594727,60.026206970214844,35.90463638305664
2015-11-10,18.158714294433594,,22.863666534423828,16.464723587036133,45.30674362182617,19.389619827270508,37.22744369506836,21.059335708618164,15.378571510314941,60.430870056152344,36.244449615478516
2015-11-11,18.179033279418945,,22.378400802612305,16.411115646362305,45.36501693725586,19.38072395324707,37.17424392700195,21.132272720336914,15.511709213256836,59.83229446411133,36.02983856201172
2015-11-12,17.813343048095703,,21.870025634765625,16.163175582885742,44.74905014038086,19.211811065673828,36.67259979248047,21.00324058532715,15.364176750183105,58.79530334472656,35.694488525390625
2015-11-13,18.040884017944336,,21.780902862548828,16.02914810180664,44.54928207397461,18.8339786529541,36.35338592529297,20.7297420501709,15.306610107421875,58.65199661254883,34.7555046081543
2015-11-16,18.27248764038086,,22.50714874267578,16.223487854003906,45.12362289428711,19.122909545898438,36.976627349853516,20.708702087402344,15.565677642822266,59.385475158691406,35.17582321166992
2015-11-17,18.25217056274414,,22.259557723999023,16.18997573852539,45.03205490112305,19.127355575561523,36.9614143371582,21.031291961669922,15.285019874572754,59.63837432861328,35.242889404296875
2015-11-18,18.577234268188477,,22.625986099243164,16.478130340576172,45.656341552734375,19.416284561157227,37.47066879272461,21.280244827270508,15.382168769836426,60.80182647705078,35.84650802612305
2015-11-19,18.55691909790039,,22.322288513183594,16.504934310913086,45.85613250732422,19.505191802978516,37.569461822509766,21.395954132080078,15.54768180847168,59.78168869018555,35.89121627807617
2015-11-20,18.500024795532227,,22.08460235595703,16.5317325592041,46.08920669555664,19.647430419921875,37.30345153808594,21.571271896362305,15.612451553344727,60.29597854614258,36.320472717285156
2015-11-23,18.524402618408203,,22.243059158325195,16.464723587036133,45.85613250732422,19.531864166259766,37.63027572631836,21.683483123779297,15.468531608581543,60.14421463012695,36.454627990722656
2015-11-24,18.678815841674805,,22.71841812133789,16.417810440063477,45.78121566772461,19.536304473876953,37.729087829589844,21.353879928588867,15.446939468383789,60.32969284057617,36.37860107421875
2015-11-25,18.560977935791016,,22.533557891845703,16.431215286254883,45.78121566772461,19.474075317382812,37.827884674072266,21.353879928588867,15.3533935546875,60.65848159790039,36.561912536621094
2015-11-27,18.536596298217773,,22.371803283691406,16.471426010131836,45.864444732666016,19.518518447875977,37.972293853759766,21.515172958374023,15.382168769836426,60.77655029296875,36.42778778076172
2015-11-30,18.581300735473633,,22.454330444335938,16.45802116394043,45.56479263305664,19.540756225585938,37.561866760253906,21.564260482788086,15.407353401184082,59.95030975341797,36.119258880615234
2015-12-01,18.711318969726562,,22.632587432861328,16.63895034790039,45.78121566772461,19.7141170501709,37.88108825683594,21.921215057373047,15.529698371887207,60.96199417114258,36.490379333496094
2015-12-02,18.45939826965332,,21.93274688720703,16.44462776184082,45.3150749206543,19.58963966369629,37.691078186035156,21.473094940185547,15.184273719787598,60.44773483276367,36.172916412353516
2015-12-03,18.29686737060547,,21.493698120117188,16.176572799682617,44.74905014038086,19.336271286010742,37.49345779418945,21.045316696166992,15.069134712219238,59.12411117553711,35.627410888671875
2015-12-04,18.617862701416016,,21.358346939086914,16.605449676513672,45.41496276855469,19.81189727783203,38.337127685546875,21.473094940185547,15.28142261505127,60.515174865722656,36.31599807739258
2015-12-07,18.284679412841797,,20.54627227783203,16.451324462890625,45.190223693847656,19.7141170501709,38.44352340698242,21.473094940185547,15.349786758422852,60.17795181274414,36.163970947265625
2015-12-08,17.939300537109375,,20.335004806518555,16.24358558654785,44.466041564941406,19.66521453857422,38.34473419189453,21.543224334716797,15.328198432922363,60.31283187866211,36.056663513183594
2015-12-09,18.47971534729004,,20.60239028930664,16.055959701538086,44.332855224609375,19.37628173828125,37.97990417480469,21.424009323120117,15.331793785095215,59.70582580566406,35.59611511230469
2015-12-10,18.341562271118164,,20.734434127807617,16.06935691833496,44.54095458984375,19.42962646484375,38.0255012512207,21.248682022094727,15.079926490783691,60.152679443359375,35.71682357788086
2015-12-11,17.85396957397461,,19.95867347717285,15.714195251464844,43.791805267333984,19.025117874145508,37.60746765136719,21.13508415222168,15.036746978759766,59.2674560546875,34.90304946899414
2015-12-14,17.618305206298828,,20.06431007385254,15.747701644897461,43.94995880126953,19.171802520751953,37.97990417480469,21.200300216674805,15.112311363220215,59.65523910522461,35.081912994384766
2015-12-15,17.715824127197266,,20.56938362121582,16.11626434326172,43.958274841308594,19.256267547607422,38.223106384277344,21.445043563842773,15.231046676635742,60.430870056152344,35.2741813659668
2015-12-16,17.898666381835938,,20.434030532836914,16.377607345581055,44.74072265625,19.518518447875977,38.960365295410156,21.830747604370117,15.616047859191895,61.21491241455078,35.864402770996094
2015-12-17,17.541099548339844,,19.932266235351562,16.14307403564453,43.99989700317383,19.211811065673828,38.458736419677734,21.80269432067871,15.648436546325684,60.557350158691406,35.2741813659668
2015-12-18,17.304075241088867,,19.583168029785156,15.711508750915527,43.32911682128906,18.83922576904297,37.77730178833008,21.519086837768555,15.45394515991211,59.67936325073242,34.71968460083008
2015-12-21,17.459636688232422,,19.603153228759766,15.86660099029541,43.664093017578125,19.031328201293945,38.20606994628906,21.55453109741211,15.443036079406738,60.22119903564453,34.89479064941406
2015-12-22,17.680692672729492,,19.832992553710938,16.014955520629883,44.26704025268555,19.16981315612793,38.70374298095703,21.75306510925293,15.573914527893066,60.62757873535156,35.15070724487305
2015-12-23,18.098255157470703,,20.695737838745117,16.203758239746094,44.78626251220703,19.330644607543945,38.987022399902344,21.96577262878418,15.813844680786133,61.27949523925781,35.33030319213867
2015-12-24,18.057321548461914,,20.509199142456055,16.190277099609375,44.76951599121094,19.32171630859375,38.9487419128418,21.987045288085938,15.802945137023926,61.338741302490234,35.23601150512695
2015-12-28,17.930408477783203,,20.13612174987793,16.17678451538086,44.66901779174805,19.30830955505371,38.89514923095703,21.92819595336914,15.832021713256836,61.05092239379883,35.3258056640625
2015-12-29,18.098255157470703,,20.276020050048828,16.345369338989258,45.09611511230469,19.571889877319336,39.23203659057617,22.291927337646484,15.919268608093262,61.79594421386719,35.73438262939453
2015-12-30,17.930408477783203,,20.002872467041016,16.23073387145996,44.719268798828125,19.40658950805664,39.09422302246094,22.291927337646484,15.90472412109375,61.53351974487305,35.44703674316406
2015-12-31,17.77484893798828,,20.092817306518555,16.068893432617188,44.39265441894531,19.134078979492188,38.65780258178711,22.110416412353516,15.733866691589355,60.98317337036133,35.09235382080078
2016-01-04,17.496479034423828,,20.086149215698242,15.758708000183105,43.79808044433594,18.88390350341797,38.16777420043945,21.59707260131836,15.701149940490723,59.882568359375,34.49070739746094
2016-01-05,17.488292694091797,,20.162771224975586,15.819396018981934,43.91532516479492,18.834762573242188,38.41279602050781,22.25152015686035,15.813844680786133,60.17041778564453,34.44580841064453
2016-01-06,17.02979850769043,,19.38663673400879,15.576642990112305,43.237003326416016,18.602445602416992,38.28261947631836,22.036680221557617,15.784757614135742,59.67936325073242,34.10908126831055
2016-01-07,16.56721305847168,,18.913631439208984,15.138343811035156,42.0645866394043,18.05295753479004,37.82323455810547,21.63252830505371,15.679332733154297,58.46867752075195,33.40866470336914
2016-01-08,16.399368286132812,,18.670459747314453,14.902332305908203,41.637489318847656,17.909996032714844,37.53228759765625,21.348915100097656,15.672070503234863,57.58818817138672,33.049476623535156
2016-01-11,16.12099266052246,,18.270740509033203,14.922560691833496,41.66261291503906,18.026153564453125,37.88447952270508,21.47654151916504,15.75567626953125,56.902400970458984,33.30988311767578
2016-01-12,16.14555549621582,,18.314041137695312,15.037196159362793,41.99758529663086,18.240581512451172,38.09122848510742,21.242557525634766,15.693873405456543,57.63050842285156,33.678043365478516
2016-01-13,15.773033142089844,,17.874343872070312,14.646093368530273,40.984275817871094,17.749170303344727,37.394466400146484,21.022756576538086,15.686609268188477,55.920310974121094,32.54212951660156
2016-01-14,15.985908508300781,,18.643817901611328,14.774211883544922,41.470008850097656,18.084226608276367,37.570579528808594,21.09366798400879,15.922900199890137,57.418846130371094,32.77560043334961
2016-01-15,15.658407211303711,,18.10418128967285,14.443800926208496,40.741432189941406,17.574939727783203,36.981014251708984,20.739151000976562,15.781123161315918,56.614532470703125,32.10212707519531
2016-01-19,15.466002464294434,,17.71445655822754,14.437055587768555,40.733055114746094,17.592811584472656,37.42509078979492,20.880958557128906,16.017427444458008,56.60606002807617,32.22335433959961
2016-01-20,15.351383209228516,,17.24478530883789,14.15384578704834,40.20545196533203,17.454317092895508,36.958038330078125,20.320823669433594,15.657522201538086,56.716129302978516,31.94049072265625
2016-01-21,15.486475944519043,,17.781076431274414,14.093158721923828,40.38133239746094,17.552600860595703,37.1035270690918,20.4768123626709,15.642984390258789,56.546810150146484,32.34907531738281
2016-01-22,15.764839172363281,,18.567203521728516,14.349395751953125,40.733055114746094,18.039552688598633,37.739009857177734,20.902225494384766,15.922900199890137,57.444244384765625,32.914791107177734
2016-01-25,15.261317253112793,,17.70113182067871,14.05943775177002,40.230587005615234,17.829580307006836,37.40211868286133,20.902225494384766,15.78840160369873,56.910865783691406,32.53764724731445
2016-01-26,15.523314476013184,,18.37067413330078,14.295450210571289,40.992671966552734,18.003812789916992,37.746673583984375,21.087993621826172,15.897455215454102,57.342647552490234,33.013572692871094
2016-01-27,15.40050220489502,,18.28406524658203,14.24150562286377,40.532066345214844,17.633018493652344,37.708396911621094,20.902225494384766,15.933809280395508,56.690738677978516,32.497230529785156
2016-01-28,15.425061225891113,,18.840343475341797,14.248245239257812,40.766544342041016,17.860855102539062,38.09122848510742,20.675336837768555,16.18828582763672,55.3699836730957,32.914791107177734
2016-01-29,15.871283531188965,,19.389968872070312,14.646093368530273,41.86359786987305,18.42375373840332,38.86452865600586,20.696609497070312,16.5118350982666,56.27589416503906,33.273956298828125
2016-02-01,15.936777114868164,,19.066858291625977,14.58540153503418,41.76309585571289,18.490766525268555,38.99467849731445,21.13620376586914,16.668155670166016,56.360557556152344,33.47600173950195
2016-02-02,15.830336570739746,,18.430627822875977,14.180816650390625,40.925655364990234,18.160175323486328,38.49699783325195,20.866777420043945,16.740861892700195,55.54778289794922,32.824989318847656
2016-02-03,16.362524032592773,,19.086841583251953,14.19430160522461,41.587242126464844,18.137836456298828,38.41279602050781,20.888044357299805,16.948081970214844,55.91183090209961,32.73967742919922
2016-02-04,16.816923141479492,,19.07685089111328,14.315681457519531,42.30742263793945,18.15570640563965,38.060585021972656,21.01354217529297,16.875364303588867,55.60704040527344,32.55111312866211
2016-02-05,16.62452507019043,,18.633819580078125,14.126873016357422,41.90547180175781,17.646413803100586,37.99932861328125,20.63137435913086,16.92989730834961,54.52334213256836,31.500497817993164
2016-02-08,16.186491012573242,,18.537220001220703,13.769484519958496,41.55373764038086,17.391769409179688,37.89979934692383,19.538047790527344,16.871734619140625,53.77831268310547,30.88988494873047
2016-02-09,16.38709259033203,,18.090858459472656,13.74925708770752,41.80497360229492,17.311355590820312,38.1524658203125,19.384904861450195,16.92989730834961,54.17622756958008,30.840499877929688
2016-02-10,16.231523513793945,,18.017576217651367,13.675085067749023,41.587242126464844,17.338171005249023,38.106529235839844,19.7961368560791,16.911720275878906,54.65882110595703,30.786617279052734
2016-02-11,15.87946891784668,,17.940963745117188,13.25700569152832,40.77491760253906,17.302427291870117,37.80026626586914,19.299816131591797,16.613622665405273,53.77831268310547,30.768661499023438
2016-02-12,16.350244522094727,,18.41397476196289,13.816688537597656,41.595611572265625,17.54366683959961,38.33622741699219,19.491256713867188,16.562728881835938,54.49795150756836,31.33437728881836
2016-02-16,16.599960327148438,,18.597179412841797,14.039212226867676,42.43304443359375,17.85639190673828,38.64248275756836,19.491256713867188,16.668155670166016,55.522369384765625,32.0931510925293
2016-02-17,16.92745590209961,,19.206762313842773,14.228017807006836,43.08625793457031,18.22272300720215,39.04062271118164,20.10102081298828,16.635440826416016,56.22509765625,32.78457260131836
2016-02-18,16.878328323364258,,18.966928482055664,14.147096633911133,43.061134338378906,18.151241302490234,38.86452865600586,20.34918212890625,16.908092498779297,55.877960205078125,32.56906509399414
2016-02-19,16.681833267211914,,18.923620223999023,14.147096633911133,42.977394104003906,18.164644241333008,38.925758361816406,20.320823669433594,16.795392990112305,55.81870651245117,32.658878326416016
2016-02-22,17.001142501831055,,19.40662384033203,14.369624137878418,43.70595932006836,18.405881881713867,39.117191314697266,20.632793426513672,16.991697311401367,56.614532470703125,33.291934967041016
2016-02-23,16.583585739135742,,18.743749618530273,14.113385200500488,43.27048873901367,18.115501403808594,39.10953903198242,20.526437759399414,17.00624656677246,56.19121551513672,33.10784149169922
2016-02-24,16.755523681640625,,18.933612823486328,14.079668998718262,43.295631408691406,18.253990173339844,39.23203659057617,20.543455123901367,17.08622169494629,56.37746810913086,33.3008918762207
2016-02-25,16.972484588623047,,18.950273513793945,14.275217056274414,43.86507797241211,18.481834411621094,39.67612075805664,20.675336837768555,17.260725021362305,57.080204010009766,33.63315200805664
2016-02-26,17.218101501464844,,19.063526153564453,14.376370429992676,43.92369842529297,18.432689666748047,39.117191314697266,20.824234008789062,16.784488677978516,56.97859191894531,33.59724044799805
2016-02-29,17.111675262451172,,18.847013473510742,14.221275329589844,43.64734649658203,18.30312728881836,38.987022399902344,20.795869827270508,16.83174705505371,56.07269287109375,33.42212677001953
2016-03-01,17.549697875976562,,19.340003967285156,14.700040817260742,44.501529693603516,18.848159790039062,39.36220169067383,21.29218864440918,16.748130798339844,57.27491760253906,34.3066291809082
2016-03-02,17.480104446411133,,19.813011169433594,14.861869812011719,44.535030364990234,18.901775360107422,39.47703552246094,21.526174545288086,16.835384368896484,57.36804962158203,34.27520751953125
2016-03-03,17.5865421295166,,20.112808227539062,14.963020324707031,44.85326385498047,18.901775360107422,39.67612075805664,21.555952072143555,16.93717384338379,57.20719909667969,34.47724151611328
2016-03-04,17.79122543334961,,20.30600357055664,15.023710250854492,45.03749084472656,18.95091438293457,39.844566345214844,21.618350982666016,17.12621307373047,57.07171630859375,34.44580841064453
2016-03-07,17.995906829833984,,20.78234100341797,15.016966819763184,45.171478271484375,18.834762573242188,39.59955596923828,21.604167938232422,17.22072982788086,57.528900146484375,34.29764938354492
2016-03-08,17.643850326538086,,19.90960693359375,14.774211883544922,44.535030364990234,18.71860122680664,39.71440124511719,21.571556091308594,17.391590118408203,56.82621765136719,34.02826690673828
2016-03-09,17.754379272460938,,20.232715606689453,14.794439315795898,44.67738723754883,18.879430770874023,40.01300811767578,21.5056095123291,17.471574783325195,56.92780685424805,34.09559631347656
2016-03-10,17.848533630371094,,20.249370574951172,14.780960083007812,44.610408782958984,18.861562728881836,40.0283203125,21.404218673706055,17.486114501953125,56.961666107177734,34.180912017822266
2016-03-11,18.1760311126709,,20.772348403930664,15.165313720703125,45.25522232055664,19.151945114135742,40.158477783203125,21.901958465576172,17.504289627075195,58.070770263671875,34.706214904785156
2016-03-14,18.053220748901367,,20.63577651977539,15.118109703063965,45.29709243774414,19.174287796020508,40.135501861572266,21.972864151000977,17.526105880737305,57.82524490356445,34.83641815185547
2016-03-15,18.09416389465332,,20.59580421447754,15.111372947692871,45.271968841552734,19.24576759338379,40.235042572021484,22.11821174621582,17.55881690979004,56.92780685424805,34.82744216918945
2016-03-16,18.24563217163086,,20.952224731445312,15.077656745910645,45.43109130859375,19.46913719177246,40.326904296875,21.95159149169922,17.82784080505371,56.79233169555664,35.11030960083008
2016-03-17,18.581310272216797,,21.23869514465332,15.259721755981445,46.427635192871094,19.540613174438477,40.57193374633789,22.68614387512207,17.925992965698242,56.1319580078125,35.159690856933594
2016-03-18,18.65812873840332,,21.29975128173828,15.395177841186523,46.82579040527344,19.57204818725586,40.518829345703125,22.526527404785156,17.81171417236328,56.792144775390625,35.205223083496094
2016-03-21,18.74439811706543,,21.225942611694336,15.368087768554688,47.103553771972656,19.6393985748291,40.54191589355469,22.411991119384766,17.79340362548828,57.123531341552734,35.2232551574707
2016-03-22,18.530780792236328,,21.108522415161133,15.320676803588867,46.834197998046875,19.64388656616211,40.30335235595703,22.372621536254883,17.734800338745117,57.69281005859375,35.16464614868164
2016-03-23,18.300737380981445,,20.64556121826172,15.205533981323242,46.53118133544922,19.53163719177246,40.31103515625,22.290300369262695,17.866657257080078,57.28496551513672,34.91669464111328
2016-03-24,18.300737380981445,,20.74620819091797,15.110710144042969,46.3964958190918,19.58551597595215,40.26485824584961,22.32609748840332,17.914270401000977,57.259483337402344,34.96177673339844
2016-03-28,18.3787899017334,,20.635494232177734,15.158126831054688,46.413333892822266,19.5361270904541,40.480342864990234,22.469255447387695,17.848342895507812,57.09803009033203,35.11956787109375
2016-03-29,18.48148536682129,,20.732784271240234,15.185210227966309,46.71636199951172,19.841447830200195,40.780487060546875,22.956003189086914,18.112056732177734,57.760807037353516,35.475711822509766
2016-03-30,18.56364631652832,,20.773040771484375,15.273265838623047,46.80052947998047,19.95819091796875,41.04984664916992,22.905902862548828,18.068105697631836,57.76927947998047,35.70112991333008
2016-03-31,18.407543182373047,,20.762977600097656,15.239399909973145,46.691104888916016,19.917776107788086,40.83435821533203,23.020431518554688,18.174318313598633,57.59084701538086,35.66056442260742
2016-04-01,18.584190368652344,,20.484527587890625,15.374861717224121,46.90996170043945,20.070444107055664,41.26533126831055,23.06838607788086,18.24391746520996,58.24509048461914,35.809326171875
2016-04-04,18.341819763183594,,20.333560943603516,15.300353050231934,46.37966537475586,19.994098663330078,41.280723571777344,23.034744262695312,18.1669979095459,58.941837310791016,35.529815673828125
2016-04-05,18.22679901123047,,20.19601821899414,15.0836181640625,46.093467712402344,19.801040649414062,41.003665924072266,22.82859230041504,17.826366424560547,58.17714309692383,35.227760314941406
2016-04-06,18.436302185058594,,20.632143020629883,15.164899826049805,46.320735931396484,19.994098663330078,41.32689666748047,22.891582489013672,17.80438995361328,59.74052429199219,35.56137466430664
2016-04-07,18.16928482055664,,20.511367797851562,14.880426406860352,45.874629974365234,19.706750869750977,40.880531311035156,22.705472946166992,17.797069549560547,59.08627700805664,35.160152435302734
2016-04-08,18.28841781616211,,20.92401123046875,14.934611320495605,46.05137634277344,19.706750869750977,41.10371398925781,22.92021942138672,17.892297744750977,58.924835205078125,35.106040954589844
2016-04-11,18.370567321777344,,20.836782455444336,14.99557113647461,46.06822204589844,19.652868270874023,40.811275482177734,22.905902862548828,17.815378189086914,58.474510192871094,34.97530746459961
2016-04-12,18.62526512145996,,21.457427978515625,15.185210227966309,46.33757019042969,19.787574768066406,41.06524658203125,23.006114959716797,17.93990707397461,58.95032501220703,35.24128341674805
2016-04-13,18.810121536254883,,21.55807113647461,15.530641555786133,47.02779769897461,19.9896240234375,40.74970245361328,22.91806983947754,17.830028533935547,59.502601623535156,35.7371940612793
2016-04-14,18.822446823120117,,21.6083984375,15.564508438110352,47.11197280883789,19.98513412475586,40.56500244140625,22.827163696289062,17.808059692382812,59.536598205566406,35.7371940612793
2016-04-15,18.908708572387695,,21.316524505615234,15.510323524475098,47.1793098449707,19.908796310424805,40.818973541259766,22.984638214111328,17.90694808959961,59.494110107421875,35.83637237548828
2016-04-18,18.99497413635254,,21.66878318786621,15.625468254089355,47.22138214111328,19.994098663330078,41.04984664916992,23.070541381835938,17.976539611816406,60.04639434814453,36.17449951171875
2016-04-19,19.40166473388672,,22.10155487060547,15.821887016296387,47.55809783935547,19.881858825683594,41.02676010131836,22.99179458618164,18.005842208862305,60.258819580078125,35.97615051269531
2016-04-20,19.34414291381836,,22.299495697021484,15.943798065185547,47.48232650756836,19.922269821166992,40.56500244140625,22.762739181518555,17.555326461791992,60.58171081542969,36.02122116088867
2016-04-21,19.257883071899414,,22.168649673461914,15.801563262939453,47.364498138427734,19.850431442260742,39.84159851074219,22.23590660095215,17.189056396484375,60.93857955932617,35.89498519897461
2016-04-22,19.393451690673828,,22.4907169342041,15.950578689575195,47.48232650756836,19.50469398498535,39.987823486328125,22.51936149597168,17.34288215637207,61.06602478027344,35.82284164428711
2016-04-25,19.32771873474121,,22.23910140991211,15.916709899902344,47.25505447387695,19.509187698364258,40.26485824584961,22.677555084228516,17.3758544921875,60.82809829711914,35.86343765258789
2016-04-26,19.48381996154785,,22.594709396362305,16.01830291748047,47.675941467285156,19.414894104003906,40.10324478149414,22.74126434326172,17.4014949798584,60.59869384765625,35.949092864990234
2016-04-27,19.64813804626465,,23.024124145507812,16.045392990112305,48.01262664794922,19.325096130371094,40.2956428527832,22.65536880493164,17.654212951660156,60.53071594238281,35.913028717041016
2016-04-28,19.463275909423828,,22.681943893432617,15.876068115234375,47.54967498779297,19.082632064819336,40.33412551879883,22.678272247314453,17.628582000732422,60.24184036254883,35.52531051635742
2016-04-29,19.348249435424805,,22.64502716064453,15.788012504577637,47.27190399169922,18.916505813598633,40.24946594238281,22.46210289001465,17.734800338745117,59.29867935180664,35.70564651489258
2016-05-02,19.4180908203125,,22.621549606323242,15.930253028869629,47.5160026550293,19.055692672729492,40.71122741699219,22.698314666748047,17.87764549255371,59.63855743408203,36.206077575683594
2016-05-03,19.09767723083496,,22.088136672973633,15.727055549621582,47.12880325317383,18.880582809448242,40.63425827026367,22.81284523010254,17.862993240356445,59.45164489746094,35.87245178222656
2016-05-04,18.904605865478516,,21.769418716430664,15.605140686035156,46.548011779785156,18.82221031188965,40.75740432739258,23.142120361328125,18.071767807006836,58.88234329223633,35.71015167236328
2016-05-05,18.810121536254883,,21.947233200073242,15.598369598388672,46.52274703979492,18.831188201904297,40.765106201171875,23.163591384887695,18.002172470092773,59.12876892089844,35.48023986816406
2016-05-06,18.96211051940918,,21.89690399169922,15.666105270385742,46.834197998046875,18.970378875732422,40.97289276123047,23.285282135009766,17.884967803955078,58.78038024902344,35.74170684814453
2016-05-09,18.73206901550293,,21.57819938659668,15.625468254089355,46.623756408691406,18.970378875732422,41.19606399536133,23.520071029663086,17.987524032592773,59.45164489746094,35.84089660644531
2016-05-10,19.044267654418945,,21.957298278808594,15.848976135253906,47.42341232299805,19.21733283996582,41.603946685791016,23.607393264770508,18.005842208862305,59.952938079833984,36.30073547363281
2016-05-11,18.978540420532227,,22.024396896362305,15.679645538330078,47.02779769897461,19.078140258789062,41.27301788330078,23.177907943725586,18.071767807006836,59.2307243347168,35.57039260864258
2016-05-12,19.06069564819336,,22.084781646728516,15.686424255371094,46.92679214477539,19.024261474609375,41.49619674682617,23.25664710998535,18.177982330322266,58.88234329223633,35.63801956176758
2016-05-13,18.8758544921875,,21.8029727935791,15.496773719787598,46.33757019042969,18.952423095703125,40.97289276123047,22.92093276977539,18.09007453918457,58.74641036987305,35.21424102783203
2016-05-16,19.200374603271484,,22.172000885009766,15.578052520751953,46.90996170043945,19.21733283996582,41.23453903198242,23.23374366760254,18.112056732177734,59.54509735107422,35.43515396118164
2016-05-17,19.101789474487305,,22.276004791259766,15.490004539489746,46.68269348144531,19.024261474609375,40.42647933959961,22.8486385345459,17.80438995361328,58.924835205078125,35.033897399902344
2016-05-18,18.810121536254883,,22.061298370361328,15.76092529296875,46.52274703979492,19.0601863861084,39.95703125,22.285293579101562,17.471084594726562,59.17123794555664,34.831031799316406
2016-05-19,18.8758544921875,,22.064651489257812,15.611921310424805,46.08504867553711,18.9569091796875,40.34950637817383,22.24019432067871,17.646894454956055,58.669925689697266,34.799476623535156
2016-05-20,19.011404037475586,,22.195491790771484,15.72028923034668,46.320735931396484,19.18590545654297,40.14174270629883,22.391948699951172,17.687185287475586,59.213714599609375,35.029396057128906
2016-05-23,19.233232498168945,,22.13845443725586,15.706745147705078,46.236568450927734,19.14999008178711,40.180206298828125,22.46210289001465,17.529691696166992,58.97580337524414,34.90767288208008
2016-05-24,19.360580444335938,,22.24916648864746,15.943798065185547,46.71636199951172,19.509187698364258,40.518829345703125,22.61241912841797,17.705495834350586,59.82548141479492,35.32693099975586
2016-05-25,19.598838806152344,,22.601425170898438,16.11312484741211,47.03620910644531,19.64388656616211,40.58039093017578,22.76559829711914,17.654212951660156,60.19935607910156,35.520809173583984
2016-05-26,19.389341354370117,,22.507484436035156,16.01830291748047,46.90153121948242,19.706750869750977,40.74201202392578,22.74842643737793,17.855667114257812,60.20785140991211,35.592918395996094
2016-05-27,19.381122589111328,,22.520906448364258,16.12667465209961,47.07830810546875,19.801040649414062,40.788185119628906,22.837900161743164,17.884967803955078,60.47975540161133,35.75973892211914
2016-05-31,19.282529830932617,,22.433685302734375,16.08603858947754,47.06988525390625,19.841447830200195,40.52653503417969,22.8486385345459,18.002172470092773,60.62419128417969,35.72367477416992
2016-06-01,19.307180404663086,,22.440385818481445,16.119895935058594,47.11197280883789,19.79205894470215,40.94209289550781,22.762739181518555,18.049795150756836,60.84510040283203,35.70112991333008
2016-06-02,19.413984298706055,,22.410202026367188,16.153762817382812,47.17089080810547,19.77410316467285,40.957496643066406,22.834318161010742,18.057111740112305,61.62678909301758,35.89949035644531
2016-06-03,19.578298568725586,,22.322967529296875,15.923478126525879,47.12880325317383,19.729204177856445,41.21916198730469,22.937397003173828,18.34280776977539,61.42287826538086,35.66506576538086
2016-06-06,19.779592514038086,,22.81613540649414,16.01830291748047,47.57493209838867,19.76511573791504,41.26533126831055,22.9488525390625,18.317167282104492,61.754234313964844,35.75524139404297
2016-06-07,19.787803649902344,,23.3327693939209,15.984437942504883,47.80219268798828,19.8459415435791,41.21916198730469,22.96746063232422,18.302520751953125,61.371891021728516,35.800323486328125
2016-06-08,19.90282440185547,,23.27909278869629,15.997979164123535,48.105220794677734,19.886348724365234,41.465423583984375,23.077693939208984,18.41240119934082,61.58429718017578,35.84089660644531
2016-06-09,19.75904655456543,,23.10129165649414,15.882843017578125,48.0968132019043,19.890840530395508,41.62702560424805,23.126367568969727,18.569894790649414,61.482364654541016,35.75973892211914
2016-06-10,19.61116600036621,,22.601425170898438,15.686424255371094,47.53282928466797,19.738174438476562,41.6578254699707,23.013280868530273,18.52227783203125,60.98953628540039,35.38554763793945
2016-06-13,19.393451690673828,,22.534320831298828,15.578052520751953,47.01939010620117,19.518165588378906,41.311500549316406,23.006114959716797,18.500301361083984,60.50520706176758,35.19169998168945
2016-06-14,19.249664306640625,,22.520906448364258,15.347766876220703,47.02779769897461,19.563068389892578,41.473114013671875,22.898744583129883,18.599193572998047,60.59869384765625,35.10153579711914
2016-06-15,19.335935592651367,,22.46723175048828,15.368087768554688,47.04463577270508,19.513673782348633,41.349998474121094,23.134963989257812,18.481990814208984,60.18235397338867,35.200714111328125
2016-06-16,19.40166473388672,,22.359872817993164,15.408724784851074,47.12880325317383,19.554088592529297,41.56547164916992,23.2537899017334,18.599193572998047,60.39476013183594,35.31341552734375
2016-06-17,19.486299514770508,,22.588150024414062,15.395787239074707,47.168582916259766,19.4237003326416,41.39746856689453,23.21769905090332,18.666406631469727,59.76774215698242,35.25777053833008
2016-06-20,19.597763061523438,,22.784021377563477,15.484306335449219,47.600242614746094,19.504911422729492,41.52907943725586,23.239349365234375,18.596240997314453,60.14310836791992,35.574462890625
2016-06-21,19.544092178344727,,23.05416488647461,15.57282829284668,47.56639862060547,19.64026641845703,41.63747024536133,23.426990509033203,18.622089385986328,59.9383659362793,35.493038177490234
2016-06-22,19.564733505249023,,22.92583656311035,15.559211730957031,47.43097686767578,19.572582244873047,41.66069412231445,23.405344009399414,18.53346824645996,60.108985900878906,35.44325637817383
2016-06-23,19.866107940673828,,23.304058074951172,15.886059761047363,47.981109619140625,19.838787078857422,41.91619110107422,23.506383895874023,18.585163116455078,60.89383316040039,35.79165267944336
2016-06-24,18.9991397857666,,22.551000595092773,15.034903526306152,46.02598571777344,19.076276779174805,41.11099624633789,23.210477828979492,18.614700317382812,59.12791442871094,34.46149444580078
2016-06-27,18.35922622680664,,21.82834815979004,14.605911254882812,44.9426155090332,18.69277000427246,41.02584457397461,23.174392700195312,18.843650817871094,58.334537506103516,33.828094482421875
2016-06-28,18.51609992980957,,22.43619155883789,14.98041820526123,45.70435333251953,19.062744140625,41.281333923339844,23.600210189819336,18.91381072998047,59.46916198730469,34.50221633911133
2016-06-29,18.829872131347656,,22.861677169799805,15.32088565826416,46.516876220703125,19.356014251708984,41.7613410949707,24.04767417907715,18.965505599975586,60.603782653808594,35.0587043762207
2016-06-30,19.131250381469727,,23.044034957885742,15.566020011901855,47.405574798583984,19.568069458007812,42.698158264160156,24.242544174194336,19.37539291381836,61.17535400390625,35.31658172607422
2016-07-01,19.13949966430664,,23.165607452392578,15.484306335449219,47.55792999267578,19.613195419311523,42.49685287475586,24.228111267089844,19.379087448120117,61.559242248535156,35.68305587768555
2016-07-05,18.792715072631836,,22.699594497680664,15.25279426574707,47.12627410888672,19.468812942504883,42.73685073852539,24.404926300048828,19.523101806640625,61.4995231628418,35.39350509643555
2016-07-06,18.867023468017578,,22.797521591186523,15.293647766113281,47.363258361816406,19.604167938232422,42.77557373046875,24.372447967529297,19.563716888427734,62.190528869628906,35.69662857055664
2016-07-07,18.916568756103516,,22.564516067504883,15.314075469970703,47.4902229309082,19.604167938232422,42.69041442871094,24.069324493408203,19.20183753967285,62.09669876098633,35.85045623779297
2016-07-08,19.387216567993164,,22.865053176879883,15.606879234313965,48.43815994262695,19.91097640991211,43.1162223815918,24.48647689819336,19.401243209838867,62.864471435546875,36.47480773925781
2016-07-11,19.482168197631836,,22.90895652770996,15.69539737701416,48.74285125732422,20.028278350830078,43.12398147583008,24.675569534301758,19.386476516723633,62.6938591003418,36.68743896484375
2016-07-12,19.83721351623535,,23.476282119750977,15.892870903015137,49.191429138183594,20.190717697143555,42.8917121887207,24.726089477539062,19.1205997467041,63.000980377197266,36.832237243652344
2016-07-13,19.89088249206543,,23.273658752441406,15.892870903015137,49.3099250793457,20.195220947265625,43.131710052490234,24.841562271118164,19.272001266479492,62.9753532409668,36.651268005371094
2016-07-14,20.068403244018555,,23.391855239868164,16.042665481567383,49.68232727050781,20.326072692871094,43.12398147583008,24.70372200012207,19.14644432067871,63.24838638305664,36.80054473876953
2016-07-15,20.138591766357422,,23.37835121154785,16.01543617248535,49.67387008666992,20.308021545410156,43.12398147583008,24.667634963989258,19.20183753967285,63.19718551635742,36.63768768310547
2016-07-18,20.27069854736328,,23.395233154296875,16.069910049438477,49.63153839111328,20.443382263183594,43.07752227783203,24.675569534301758,19.25722885131836,63.2227783203125,36.777931213378906
2016-07-19,20.150976181030273,,23.263534545898438,16.07671356201172,49.65693664550781,20.398265838623047,43.046546936035156,24.746301651000977,19.223997116088867,63.08628463745117,36.71007537841797
2016-07-20,20.159229278564453,,23.22977066040039,16.10395622253418,49.75003433227539,20.664457321166992,42.8917121887207,24.71166229248047,19.11321258544922,63.6578483581543,36.863887786865234
2016-07-21,20.035377502441406,,23.000137329101562,16.022241592407227,49.242218017578125,20.556180953979492,42.767826080322266,24.78383445739746,19.22768783569336,63.845542907714844,36.76435470581055
2016-07-22,20.089046478271484,,23.071046829223633,16.12438201904297,49.335304260253906,20.677993774414062,42.96912384033203,24.97147560119629,19.482484817504883,63.973514556884766,36.91819381713867
2016-07-25,20.056020736694336,,22.611797332763672,16.090335845947266,49.072940826416016,20.65092658996582,42.92267990112305,24.935396194458008,19.449249267578125,63.905242919921875,36.977012634277344
2016-07-26,20.208770751953125,,22.743492126464844,16.10395622253418,49.47919845581055,20.696048736572266,42.589759826660156,24.79465675354004,19.279388427734375,63.794349670410156,36.931758880615234
2016-07-27,20.23354721069336,,22.520614624023438,16.09714698791504,49.28451919555664,20.867504119873047,41.954891204833984,24.61061668395996,19.057823181152344,64.08438873291016,36.81864547729492
2016-07-28,20.204639434814453,,22.523990631103516,16.131187438964844,49.26760482788086,20.88103485107422,42.140708923339844,24.762182235717773,19.131677627563477,64.02466583251953,36.88652038574219
2016-07-29,20.1014347076416,,22.753623962402344,16.10395622253418,49.12372589111328,20.957731246948242,42.34975051879883,25.027774810791016,19.246152877807617,64.15265655517578,36.927242279052734
2016-08-01,19.989965438842773,,22.003950119018555,16.06309700012207,49.064483642578125,20.99834442138672,42.396209716796875,25.108604431152344,19.25722885131836,64.56214141845703,36.986061096191406
2016-08-02,19.936298370361328,,22.20318603515625,15.926911354064941,48.60742950439453,20.84042739868164,42.33427047729492,24.726089477539062,19.131677627563477,64.31473541259766,36.434085845947266
2016-08-03,19.98583984375,,22.632049560546875,16.090335845947266,48.84442138671875,20.912616729736328,42.101993560791016,24.53844451904297,19.01720428466797,64.13561248779297,36.538143157958984
2016-08-04,20.068403244018555,,22.59827995300293,16.049476623535156,48.86133575439453,21.02541160583496,42.19490051269531,24.49513816833496,19.006126403808594,64.04173278808594,36.52004623413086
2016-08-05,20.134464263916016,,22.804277420043945,16.35589599609375,49.35224151611328,21.22844886779785,42.26458740234375,24.49513816833496,18.732868194580078,64.19529724121094,36.90462112426758
2016-08-08,20.175748825073242,,23.108200073242188,16.376323699951172,49.419952392578125,21.223939895629883,42.218135833740234,24.487924575805664,18.725482940673828,63.649330139160156,36.78246307373047
2016-08-09,20.113819122314453,,22.986629486083984,16.389942169189453,49.40301513671875,21.269058227539062,42.34975051879883,24.65392303466797,18.721792221069336,63.80287170410156,36.67387390136719
2016-08-10,20.11794090270996,,22.73674201965332,16.26057243347168,49.37763595581055,21.201383590698242,42.50459289550781,24.603395462036133,18.725482940673828,63.589622497558594,36.75079345703125
2016-08-11,20.204639434814453,,23.071046829223633,16.29461097717285,49.69925308227539,21.2780818939209,42.50459289550781,24.372447967529297,18.769798278808594,63.95642852783203,37.11726379394531
2016-08-12,19.989965438842773,,23.199369430541992,16.246952056884766,49.5638313293457,21.255521774291992,42.65169906616211,24.45183753967285,18.795644760131836,63.794349670410156,37.099159240722656
2016-08-15,20.1922550201416,,23.38510513305664,16.35589599609375,49.89393615722656,21.359296798706055,42.54330825805664,24.422969818115234,18.507614135742188,63.905242919921875,37.171539306640625
2016-08-16,20.084917068481445,,23.422250747680664,16.315044403076172,49.67387008666992,21.201383590698242,42.35749053955078,24.12706184387207,18.289749145507812,63.33369445800781,36.95891189575195
2016-08-17,20.068403244018555,,23.493167877197266,16.3695125579834,49.817752838134766,21.19235610961914,42.47362518310547,24.228111267089844,18.56300926208496,63.46165084838867,36.87294387817383
2016-08-18,20.196388244628906,,23.97606658935547,16.35589599609375,49.97010803222656,21.201383590698242,42.62073516845703,24.177583694458008,18.791954040527344,63.487213134765625,36.85032653808594
2016-08-19,20.22528839111328,,23.77683448791504,16.349088668823242,49.953163146972656,21.214914321899414,42.520084381103516,23.989938735961914,18.56300926208496,63.43604278564453,36.87294387817383
2016-08-22,20.196388244628906,,23.503293991088867,16.349088668823242,49.91085433959961,21.214914321899414,42.58201599121094,24.10540771484375,18.611013412475586,63.56402587890625,36.836753845214844
2016-08-23,20.369783401489258,,23.66876220703125,16.3695125579834,49.953163146972656,21.291616439819336,42.49685287475586,24.090980529785156,18.529773712158203,63.62372589111328,37.022254943847656
2016-08-24,20.134464263916016,,23.574201583862305,16.362707138061523,49.80082702636719,21.17430877685547,42.42717361450195,24.026020050048828,18.522388458251953,62.62562561035156,36.845794677734375
2016-08-25,20.23354721069336,,23.51004981994629,16.396751403808594,49.79235076904297,21.21942138671875,42.26458740234375,24.12706184387207,18.53346824645996,62.09669876098633,36.72364044189453
2016-08-26,20.11794090270996,,23.42900848388672,16.41718101501465,49.64847183227539,21.22844886779785,42.04780578613281,23.888900756835938,18.14942741394043,62.33555221557617,36.61958694458008
2016-08-29,20.299592971801758,,23.58771514892578,16.560178756713867,50.003963470458984,21.309663772583008,42.29555892944336,24.12706184387207,18.297138214111328,62.4720573425293,36.746253967285156
2016-08-30,20.25005531311035,,23.506669998168945,16.709978103637695,49.86853790283203,21.23747444152832,42.04780578613281,24.054895401000977,18.105121612548828,62.25876998901367,36.54267120361328
2016-08-31,20.04776954650879,,23.135215759277344,16.723596572875977,49.58922576904297,21.201383590698242,42.101993560791016,24.090980529785156,18.17896842956543,62.07109451293945,36.447662353515625
2016-09-01,20.130334854125977,,23.067672729492188,16.655506134033203,49.63153839111328,21.269058227539062,42.117488861083984,24.08376121520996,18.086650848388672,61.90901184082031,36.52004623413086
2016-09-02,20.332626342773438,,23.327699661254883,16.730405807495117,49.87699508666992,21.363801956176758,42.442657470703125,24.242544174194336,18.326675415039062,61.977256774902344,36.59244155883789
2016-09-06,20.287212371826172,,23.67889404296875,16.703168869018555,49.73310089111328,21.472091674804688,42.53556442260742,24.44461441040039,18.52608299255371,62.19906997680664,36.66030502319336
2016-09-07,20.258310317993164,,23.813968658447266,16.696361541748047,49.79235076904297,21.526229858398438,42.163944244384766,24.566511154174805,18.529773712158203,62.19906997680664,36.67839813232422
2016-09-08,20.171615600585938,,24.25971221923828,16.6827392578125,49.75003433227539,21.350269317626953,41.931678771972656,24.25452995300293,18.59255027770996,62.25023651123047,36.36170959472656
2016-09-09,19.585372924804688,,23.537063598632812,16.3695125579834,48.34504699707031,20.826902389526367,40.793575286865234,23.333105087280273,17.894636154174805,61.004722595214844,35.4839973449707
2016-09-12,19.77115821838379,,23.770071029663086,16.553361892700195,48.9629020690918,21.17430877685547,41.5600471496582,23.42742919921875,18.212203979492188,61.90901184082031,35.981658935546875
2016-09-13,19.40372657775879,,23.0913028717041,16.26057243347168,48.24348831176758,21.02090072631836,41.04906463623047,23.013872146606445,17.961103439331055,61.081512451171875,35.47040557861328
2016-09-14,19.358306884765625,,22.817777633666992,16.219709396362305,48.2011604309082,21.12016487121582,40.925209045410156,23.057405471801758,18.03126335144043,61.081512451171875,35.47496032714844
2016-09-15,19.482168197631836,,23.10144805908203,16.315044403076172,48.58203887939453,21.467580795288086,41.25809860229492,23.231529235839844,18.167896270751953,61.71278381347656,35.73283004760742
2016-09-16,19.404150009155273,,22.914934158325195,16.160417556762695,48.17527389526367,21.38874626159668,41.124114990234375,23.151721954345703,18.34515953063965,61.75477981567383,35.655635833740234
2016-09-19,19.43319320678711,,22.901336669921875,16.263463973999023,48.38801574707031,21.347978591918945,41.03843307495117,23.39114761352539,18.527645111083984,61.53209686279297,35.62836837768555
2016-09-20,19.37510108947754,,22.734865188598633,16.271883010864258,48.43055725097656,21.334386825561523,41.14748001098633,23.34762191772461,18.49413299560547,61.72053909301758,35.655635833740234
2016-09-21,19.66973114013672,,23.261457443237305,16.372947692871094,49.060302734375,21.57449722290039,41.37339782714844,23.616060256958008,18.87026596069336,62.33712387084961,36.00077819824219
2016-09-22,19.731977462768555,,23.288631439208984,16.406635284423828,49.40921401977539,21.705890655517578,41.73953628540039,24.080408096313477,18.985715866088867,62.80814743041992,36.26417922973633
2016-09-23,19.63238525390625,,22.97947883605957,16.322410583496094,49.119869232177734,21.515605926513672,41.55258560180664,24.17472267150879,18.970821380615234,62.611175537109375,36.182430267333984
2016-09-26,19.541091918945312,,22.8775577545166,16.061323165893555,48.907127380371094,21.38874626159668,41.2020263671875,24.225515365600586,18.92240333557129,61.88324737548828,35.782772064208984
2016-09-27,19.599191665649414,,22.724681854248047,16.187664031982422,49.24751663208008,21.62433433532715,41.37339782714844,24.015104293823242,18.676612854003906,62.319950103759766,36.146095275878906
2016-09-28,19.823272705078125,,23.706504821777344,16.263463973999023,49.63047409057617,21.66511344909668,41.443511962890625,24.181982040405273,18.650545120239258,62.22579574584961,36.24602508544922
2016-09-29,19.66973114013672,,23.665742874145508,16.036056518554688,49.23900604248047,21.533729553222656,41.03843307495117,23.884511947631836,18.371232986450195,61.129600524902344,36.05979919433594
2016-09-30,19.814970016479492,,23.988496780395508,16.255041122436523,49.681549072265625,21.646991729736328,41.45130157470703,23.775684356689453,18.244609832763672,61.75477981567383,36.3504753112793
2016-10-03,19.79007339477539,,23.971500396728516,16.179235458374023,49.72407150268555,21.583559036254883,41.186431884765625,23.318593978881836,17.98764419555664,61.703399658203125,36.32777404785156
2016-10-04,19.520347595214844,,23.72688865661621,16.246618270874023,49.307090759277344,21.506540298461914,40.83587646484375,22.96308135986328,17.611509323120117,61.583473205566406,36.20059585571289
2016-10-05,19.653135299682617,,24.090404510498047,16.507707595825195,49.62196350097656,21.583559036254883,40.79692077636719,22.535022735595703,17.574264526367188,61.823280334472656,36.3504753112793
2016-10-06,19.814970016479492,,24.12777328491211,16.532978057861328,49.62196350097656,21.633398056030273,40.87482452392578,22.578554153442383,17.570541381835938,61.5920295715332,36.37771224975586
2016-10-07,19.445648193359375,,23.988496780395508,16.52455711364746,48.983707427978516,21.57449722290039,40.765769958496094,22.520511627197266,17.548194885253906,61.549232482910156,36.2142219543457
2016-10-10,19.561840057373047,,24.365591049194336,16.608774185180664,49.0347785949707,21.72400665283203,40.765769958496094,22.607576370239258,17.693439483642578,61.831844329833984,36.27326965332031
2016-10-11,19.296262741088867,,24.087003707885742,16.457178115844727,48.524173736572266,21.479354858398438,40.5554313659668,22.43344497680664,17.492334365844727,60.281742095947266,35.83273696899414
2016-10-12,19.258913040161133,,23.985090255737305,16.440326690673828,48.61777114868164,21.515605926513672,40.78134536743164,22.752681732177734,17.66364097595215,59.99915313720703,36.00077819824219
2016-10-13,19.159317016601562,,23.852596282958984,16.280309677124023,48.600746154785156,21.379690170288086,40.789146423339844,22.825233459472656,17.883371353149414,60.02484130859375,35.86907958984375
2016-10-14,19.221559524536133,,23.713298797607422,16.356101989746094,48.702884674072266,21.461240768432617,40.79692077636719,22.796213150024414,17.782817840576172,59.622337341308594,35.82819747924805
2016-10-17,19.238161087036133,,23.597787857055664,16.280309677124023,48.575218200683594,21.41593360900879,40.60218048095703,22.817975997924805,17.879640579223633,59.42536163330078,35.53300094604492
2016-10-18,19.412446975708008,,23.692909240722656,16.415061950683594,48.67734146118164,21.533729553222656,40.72681427001953,22.93406105041504,18.03233528137207,60.136192321777344,35.769161224365234
2016-10-19,19.55354118347168,,24.029247283935547,16.558242797851562,48.83053207397461,21.57449722290039,40.49311447143555,23.02112579345703,17.991369247436523,59.91350173950195,35.9281120300293
2016-10-20,19.53693962097168,,24.0020751953125,16.558242797851562,48.56673049926758,21.474834442138672,40.46975326538086,22.941320419311523,17.98019790649414,60.196144104003906,35.8599853515625
2016-10-21,19.528640747070312,,23.845794677734375,16.549823760986328,48.49864959716797,21.533729553222656,40.6878776550293,22.92681312561035,17.87592124938965,59.69941711425781,36.146095275878906
2016-10-24,19.574291229248047,,23.774452209472656,16.600353240966797,48.59225082397461,21.74213218688965,40.952728271484375,22.955827713012695,17.942955017089844,59.58808135986328,36.404964447021484
2016-10-25,19.395849227905273,,23.665742874145508,16.583505630493164,48.464595794677734,21.66511344909668,41.10074996948242,22.92681312561035,18.0546817779541,59.41679763793945,35.978065490722656
2016-10-26,19.366804122924805,,23.720094680786133,16.68457794189453,48.634796142578125,21.54279327392578,41.04621124267578,22.629337310791016,18.09937286376953,59.05711364746094,35.82366180419922
2016-10-27,19.341901779174805,,23.631759643554688,16.7266902923584,48.30290603637695,21.515605926513672,40.8592414855957,22.092453002929688,17.991369247436523,59.33116149902344,35.5239143371582
2016-10-28,19.39169692993164,,23.56721305847168,16.65088653564453,48.59225082397461,21.492948532104492,41.03062438964844,22.150489807128906,18.04723358154297,58.04655456542969,35.44216537475586
2016-10-31,19.400001525878906,,23.312410354614258,16.625621795654297,48.685874938964844,21.483890533447266,41.13189697265625,22.455209732055664,18.408470153808594,57.68687438964844,35.46940994262695
2016-11-01,19.287960052490234,,23.31580924987793,16.558242797851562,48.268863677978516,21.29813575744629,40.952728271484375,22.01264190673828,18.07330322265625,57.378570556640625,35.21963882446289
2016-11-02,19.184207916259766,,23.057621002197266,16.44875717163086,48.09014892578125,21.1622257232666,40.851470947265625,21.6716365814209,17.846128463745117,57.078834533691406,35.00618362426758
2016-11-03,19.188364028930664,,23.14934539794922,16.465599060058594,48.01357650756836,20.95833969116211,40.57102584838867,21.577314376831055,17.91316032409668,56.5392951965332,34.91534423828125
2016-11-04,19.254756927490234,,23.023645401000977,16.415061950683594,48.05611038208008,20.922101974487305,40.20487976074219,21.722427368164062,17.857290267944336,56.93324661254883,34.847225189208984
2016-11-07,19.54939079284668,,23.519657135009766,16.8277530670166,49.23900604248047,21.375154495239258,40.88262176513672,22.121469497680664,18.170129776000977,58.389129638671875,35.65107345581055
2016-11-08,19.611644744873047,,23.550230026245117,16.836179733276367,49.536869049072266,21.479354858398438,41.05400085449219,22.259315490722656,18.31165313720703,58.551849365234375,35.79641342163086
2016-11-09,20.026615142822266,,23.934123992919922,17.552082061767578,50.77933120727539,21.452177047729492,40.49311447143555,21.758699417114258,17.637575149536133,60.61575698852539,35.86907958984375
2016-11-10,20.25899314880371,,24.03605079650879,18.200590133666992,51.860103607177734,21.10785675048828,39.410274505615234,21.43221092224121,17.213022232055664,61.283729553222656,36.00077819824219
2016-11-11,19.9809627532959,,23.597787857055664,18.25112533569336,51.95368957519531,21.17128562927246,39.37133026123047,21.453975677490234,17.14226531982422,60.36740493774414,36.20512771606445
2016-11-14,20.026615142822266,,23.730287551879883,18.697509765625,52.17497253417969,20.8496150970459,39.30122375488281,21.874786376953125,17.13109588623047,60.17897033691406,36.209693908691406
2016-11-15,20.109603881835938,,24.39956283569336,18.6806583404541,52.37069320678711,21.14409637451172,39.542724609375,21.72968292236328,17.406673431396484,60.35027313232422,36.3504753112793
2016-11-16,20.07225799560547,,24.229700088500977,18.41114616394043,52.07284164428711,21.338909149169922,39.550514221191406,21.71516990661621,17.28750228881836,60.09334182739258,36.55030822753906
2016-11-17,20.08055305480957,,24.066617965698242,18.663822174072266,52.1834831237793,21.474834442138672,39.48040771484375,21.512020111083984,17.291227340698242,60.333133697509766,36.9908332824707
2016-11-18,20.051509857177734,,24.16514015197754,18.663822174072266,52.166465759277344,21.456708908081055,39.340171813964844,21.55554962158203,17.23908805847168,59.69086456298828,36.87729263305664
2016-11-21,20.288040161132812,,24.739290237426758,18.731197357177734,52.44729232788086,21.67416763305664,39.60504913330078,21.49751091003418,17.421571731567383,59.904937744140625,37.11799621582031
2016-11-22,20.41252899169922,,24.7257080078125,18.7396183013916,52.685577392578125,21.74213218688965,39.807579040527344,21.86753273010254,17.488605499267578,59.040000915527344,37.55852127075195
2016-11-23,20.503826141357422,,24.8276309967041,18.849105834960938,53.07703399658203,21.656049728393555,39.58945846557617,21.71516990661621,17.313573837280273,59.27119827270508,37.594852447509766
2016-11-25,20.566072463989258,,24.705320358276367,18.87437629699707,53.366363525390625,21.746662139892578,39.90107345581055,21.809486389160156,17.563091278076172,59.50243377685547,37.68569564819336
2016-11-28,20.483076095581055,,24.362192153930664,18.6554012298584,53.00044631958008,21.764785766601562,39.98675537109375,21.889305114746094,17.90199089050293,59.05711364746094,37.38593673706055
2016-11-29,20.503826141357422,,24.063222885131836,18.7059326171875,53.04300308227539,21.778377532958984,40.041282653808594,22.041656494140625,17.976476669311523,59.442481994628906,37.48585510253906
2016-11-30,20.723770141601562,,25.286258697509766,18.958599090576172,53.11107635498047,21.520130157470703,39.402503967285156,21.773216247558594,17.410400390625,58.877254486083984,37.17250061035156
2016-12-01,20.73206329345703,,25.347414016723633,19.287065505981445,53.45997619628906,21.076141357421875,39.14542007446289,21.43946075439453,17.27260398864746,58.44908142089844,37.190650939941406
2016-12-02,20.740365982055664,,25.42215347290039,19.076509475708008,53.451480865478516,21.15315818786621,39.39469909667969,21.642616271972656,17.429019927978516,58.586097717285156,36.98628616333008
2016-12-05,20.902202606201172,,25.64636993408203,19.303916931152344,53.40892028808594,21.357032775878906,39.44144058227539,21.816747665405273,17.451366424560547,58.48331069946289,37.39048767089844
2016-12-06,20.92710304260254,,25.598812103271484,19.47235870361328,53.511043548583984,21.42046546936035,39.55829620361328,21.91106605529785,17.417842864990234,58.64604949951172,37.47677993774414
2016-12-07,21.22588348388672,,25.802658081054688,19.775564193725586,54.506717681884766,21.828208923339844,40.12697219848633,22.36814308166504,17.64502716064453,58.14076232910156,38.20341873168945
2016-12-08,21.366979598999023,,25.941946029663086,19.960844039916992,54.20035934448242,21.882579803466797,39.96337127685547,22.484237670898438,17.67481231689453,58.25210189819336,38.20341873168945
2016-12-09,21.371122360229492,,26.023479461669922,20.002958297729492,54.447147369384766,22.04114532470703,40.539859771728516,22.469722747802734,17.861026763916016,58.962913513183594,38.28970718383789
2016-12-12,21.275684356689453,,26.14578628540039,19.809249877929688,54.25142288208008,21.973194122314453,40.70343780517578,22.701892852783203,18.04723358154297,59.24550247192383,37.9718017578125
2016-12-13,21.242483139038086,,26.441343307495117,19.85978889465332,54.17483139038086,22.249557495117188,40.89040756225586,22.759939193725586,18.233436584472656,59.725101470947266,38.31241226196289
2016-12-14,20.989349365234375,,25.9113712310791,19.76713752746582,53.630184173583984,22.172529220581055,40.44636154174805,22.36089324951172,17.857290267944336,59.41679763793945,38.05354309082031
2016-12-15,21.12628746032715,,25.969120025634766,19.935585021972656,53.68975830078125,22.272207260131836,40.61776351928711,22.179506301879883,17.983917236328125,59.802181243896484,37.96271514892578
2016-12-16,21.061124801635742,,26.130325317382812,19.763835906982422,53.581871032714844,22.11111831665039,40.850067138671875,22.490564346313477,18.203140258789062,59.8494873046875,37.77632522583008
2016-12-19,21.019357681274414,,26.010793685913086,19.772294998168945,53.88154983520508,22.270381927490234,40.92854690551758,22.690053939819336,18.27082633972168,59.60004806518555,37.87682342529297
2016-12-20,21.036062240600586,,25.952733993530273,20.017648696899414,54.189796447753906,22.3523006439209,40.850067138671875,22.7048282623291,18.293392181396484,59.557037353515625,38.1783561706543
2016-12-21,21.04442024230957,,25.99370574951172,19.966886520385742,53.984291076660156,22.306787490844727,40.842220306396484,22.41668128967285,18.218175888061523,59.221580505371094,38.16006851196289
2016-12-22,20.956697463989258,,26.09958839416504,19.916126251220703,53.88154983520508,22.26128387451172,40.77943420410156,22.387123107910156,18.2821044921875,59.299015045166016,37.748924255371094
2016-12-23,20.998464584350586,,26.0756778717041,19.949968338012695,53.93291473388672,22.284034729003906,40.85791015625,22.409292221069336,18.278343200683594,59.74625778198242,37.66667938232422
2016-12-27,21.111251831054688,,26.133737564086914,19.9753475189209,54.04423141479492,22.37504768371582,40.850067138671875,22.468400955200195,18.293392181396484,59.86669921875,37.81288146972656
2016-12-28,20.898221969604492,,25.850269317626953,19.772294998168945,53.47911071777344,22.174821853637695,40.59892272949219,22.298463821411133,18.120412826538086,59.410804748535156,37.552486419677734
2016-12-29,20.898221969604492,,25.799034118652344,19.628467559814453,53.462005615234375,22.17937660217285,40.78727722167969,22.505338668823242,18.364824295043945,59.514034271240234,37.50221633911133
2016-12-30,20.7603759765625,,25.72390365600586,19.670764923095703,53.27362823486328,22.00645637512207,40.58321762084961,22.719606399536133,18.263303756713867,59.299015045166016,37.18700408935547
2017-01-03,20.881511688232422,,26.014205932617188,19.890743255615234,53.590431213378906,22.202131271362305,40.73234176635742,22.793495178222656,18.218175888061523,60.07312774658203,37.40627670288086
2017-01-04,21.186443328857422,,25.959558486938477,20.05149269104004,53.90724563598633,22.27948570251465,40.73234176635742,23.081642150878906,18.285863876342773,60.546199798583984,37.90424346923828
2017-01-05,21.123781204223633,,25.894662857055664,19.848438262939453,53.75310516357422,22.315889358520508,40.865753173828125,23.199857711791992,18.304664611816406,60.85586166381836,37.87682342529297
2017-01-06,21.144668579101562,,25.918581008911133,19.916126251220703,54.06135940551758,22.47970962524414,40.904998779296875,23.199857711791992,18.361066818237305,61.02790069580078,38.06414794921875
2017-01-09,21.140491485595703,,25.542896270751953,19.78075408935547,53.641807556152344,22.475156784057617,40.575374603271484,23.052087783813477,18.120412826538086,61.28593063354492,38.032161712646484
2017-01-10,21.153024673461914,,25.310659408569336,19.823057174682617,53.86442565917969,22.47970962524414,40.37131881713867,22.763938903808594,18.064010620117188,61.50099182128906,38.16922378540039
2017-01-11,21.32428550720215,,25.58387565612793,19.949968338012695,54.14698028564453,22.584381103515625,40.449806213378906,22.638334274291992,18.25201988220215,60.88167953491211,38.251441955566406
2017-01-12,21.28251838684082,,25.478012084960938,19.78075408935547,53.92435836791992,22.529767990112305,40.410560607910156,22.72699546813965,18.267070770263672,60.94187927246094,38.21490478515625
2017-01-13,21.24909782409668,,25.40286636352539,19.890743255615234,54.12984848022461,22.598020553588867,40.43411636352539,22.675281524658203,18.24074363708496,61.002098083496094,38.35651397705078
2017-01-17,21.153024673461914,,25.559972763061523,19.416954040527344,53.710304260253906,22.511560440063477,41.007022857666016,22.859989166259766,18.44003677368164,60.69242858886719,38.42048263549805
2017-01-18,21.286691665649414,,25.50192642211914,19.577701568603516,53.915794372558594,22.570722579956055,41.14830017089844,22.91170883178711,18.41746711730957,60.61502456665039,38.35195541381836
2017-01-19,21.153024673461914,,25.361894607543945,19.49309539794922,54.30965805053711,22.53887367248535,40.99917984008789,22.690053939819336,18.25578498840332,60.22795486450195,38.233177185058594
2017-01-20,21.340993881225586,,25.457509994506836,19.586162567138672,54.318214416503906,22.66173553466797,41.26601028442383,22.830434799194336,18.289621353149414,60.07312774658203,38.34281921386719
2017-01-23,21.382768630981445,,25.18770408630371,19.45925521850586,54.01854705810547,22.702686309814453,41.25033187866211,22.97081756591797,18.19562339782715,59.823692321777344,38.37023162841797
2017-01-24,21.934146881103516,,25.464344024658203,19.70461082458496,54.55796813964844,22.843759536743164,41.52499771118164,22.97820281982422,18.19186019897461,59.410804748535156,38.68544006347656
2017-01-25,22.08034896850586,,25.59754180908203,20.034568786621094,55.13161087036133,23.06218147277832,41.51716995239258,22.83782386779785,18.19186019897461,59.96989059448242,38.923004150390625
2017-01-26,22.138830184936523,,25.6180362701416,20.08534049987793,55.260040283203125,22.99847412109375,41.336647033691406,22.823041915893555,18.199378967285156,59.50540542602539,38.982398986816406
2017-01-27,22.059459686279297,,25.351638793945312,20.009187698364258,55.21724319458008,23.08949089050293,41.10906219482422,22.63094711303711,18.19562339782715,59.99573516845703,38.859046936035156
2017-01-30,21.83390235900879,,24.887155532836914,19.848438262939453,54.746334075927734,22.902915954589844,41.07767105102539,22.505338668823242,18.21065902709961,59.70326614379883,38.81336212158203
2017-01-31,21.70439910888672,,24.89740562438965,19.72153091430664,54.266841888427734,22.789152145385742,41.27387619018555,22.690053939819336,18.492673873901367,60.65803527832031,38.753971099853516
2017-02-01,21.813013076782227,,24.71297836303711,19.746912002563477,54.17266082763672,22.96207046508789,40.95209884643555,22.43885040283203,18.173059463500977,61.18273162841797,38.680877685546875
2017-02-02,21.71693992614746,,24.85300636291504,19.670764923095703,54.069908142089844,22.916561126708984,41.328800201416016,22.7048282623291,18.364824295043945,61.16551971435547,38.648902893066406
2017-02-03,21.754531860351562,,25.068172454833984,20.068416595458984,54.47234344482422,23.06673240661621,41.59563446044922,22.852596282958984,18.38739585876465,61.43217086791992,38.59865188598633
2017-02-06,21.696048736572266,,24.856430053710938,19.9753475189209,54.54938507080078,23.080387115478516,41.36804962158203,22.712221145629883,18.34978485107422,61.50099182128906,38.48442840576172
2017-02-07,21.52478790283203,,24.504655838012695,19.92458152770996,54.64357376098633,23.17140007019043,41.70552444458008,22.667888641357422,18.394912719726562,61.56117630004883,38.44789123535156
2017-02-08,21.574914932250977,,24.56270980834961,19.789215087890625,54.56652069091797,23.21234703063965,41.8781852722168,22.859989166259766,18.57539939880371,61.46657180786133,38.68544006347656
2017-02-09,21.566558837890625,,24.839353561401367,20.05995750427246,54.986053466796875,23.28515625,42.05084228515625,22.956037521362305,18.41746711730957,61.69020462036133,38.92757034301758
2017-02-10,21.762887954711914,,25.02718734741211,20.119176864624023,55.42274856567383,23.353418350219727,42.082237243652344,23.111202239990234,18.534038543701172,61.810646057128906,39.165122985839844
2017-02-13,21.942502975463867,,25.075000762939453,20.34760856628418,55.97928237915039,23.458072662353516,42.082237243652344,23.22202491760254,18.624282836914062,62.1890983581543,39.210811614990234
2017-02-14,21.93833351135254,,25.156967163085938,20.58450698852539,56.004947662353516,23.535438537597656,42.090084075927734,23.10380744934082,18.488922119140625,62.67939376831055,39.434661865234375
2017-02-15,21.909086227416992,,25.05792999267578,20.74526023864746,56.30463409423828,23.612796783447266,42.47465133666992,23.037317276000977,18.443790435791016,63.358924865722656,39.64023971557617
2017-02-16,21.909086227416992,,24.71639633178711,20.69449234008789,56.321754455566406,23.667407989501953,42.52958297729492,23.133365631103516,18.628042221069336,63.27288818359375,39.439231872558594
2017-02-17,21.84642791748047,,24.579788208007812,20.702957153320312,56.41593551635742,23.74931526184082,42.74149703979492,23.199857711791992,18.639326095581055,63.358924865722656,39.567161560058594
2017-02-21,21.917436599731445,,24.74713134765625,20.80447769165039,56.698486328125,23.872180938720703,43.12605285644531,23.517562866210938,18.834854125976562,63.64277648925781,39.795562744140625
2017-02-22,21.975915908813477,,24.371456146240234,20.8214054107666,56.54436492919922,23.89948272705078,43.13389205932617,23.428905487060547,18.913820266723633,63.54813766479492,39.795562744140625
2017-02-23,21.854782104492188,,24.473915100097656,20.8214054107666,56.176212310791016,23.89493179321289,43.235923767089844,23.58405876159668,19.109346389770508,64.01261138916016,39.52603530883789
2017-02-24,21.90073585510254,,24.24509048461914,20.66065216064453,56.41593551635742,23.949541091918945,43.385040283203125,23.702280044555664,19.398881912231445,64.3222885131836,39.70877456665039
2017-02-27,21.84642791748047,,24.45341682434082,20.770645141601562,56.62142562866211,23.93588638305664,43.1888427734375,23.82048988342285,19.289836883544922,64.6319580078125,39.75446319580078
2017-02-28,21.82554054260254,,24.37828254699707,20.76218032836914,56.390254974365234,23.822118759155273,43.243770599365234,23.74660873413086,19.46656608581543,64.50291442871094,39.45751190185547
2017-03-01,22.251611709594727,,24.866668701171875,21.35441780090332,57.34065628051758,24.158870697021484,43.44781494140625,23.687503814697266,19.293601989746094,65.14801788330078,39.900638580322266
2017-03-02,22.013511657714844,,24.631019592285156,21.024452209472656,56.72417068481445,23.999595642089844,43.43997573852539,23.613615036010742,19.43272590637207,64.94158935546875,39.804718017578125
2017-03-03,21.996810913085938,,24.586606979370117,21.1259822845459,56.78411102294922,24.054208755493164,43.275177001953125,23.53973388671875,19.372560501098633,65.19966125488281,39.745323181152344
2017-03-06,21.854782104492188,,24.641265869140625,20.965229034423828,56.6471061706543,24.017797470092773,43.08681106567383,23.443679809570312,19.334964752197266,64.95020294189453,39.617401123046875
2017-03-07,21.7336483001709,,24.42268180847168,20.906007766723633,56.48445129394531,24.017797470092773,43.0318717956543,23.362411499023438,19.32368278503418,64.49430847167969,39.489501953125
2017-03-08,21.7336483001709,,23.787433624267578,20.914470672607422,56.287498474121094,24.045101165771484,42.937686920166016,23.015148162841797,19.045427322387695,64.75234985351562,39.65395736694336
2017-03-09,21.66680335998535,,23.94455337524414,20.990612030029297,56.0306510925293,24.040550231933594,43.008331298828125,22.719606399536133,19.004060745239258,65.10504913330078,39.617401123046875
2017-03-10,21.767059326171875,,23.910381317138672,20.973697662353516,56.37313461303711,24.167970657348633,43.20452880859375,22.697437286376953,19.16199493408203,65.35447692871094,39.67680740356445
2017-03-13,21.829715728759766,,23.91380500793457,21.024452209472656,56.3388671875,24.19072151184082,43.235923767089844,22.72699546813965,19.218393325805664,65.30284118652344,39.78186798095703
2017-03-14,21.641752243041992,,23.64400291442871,20.965229034423828,55.808021545410156,24.1361083984375,43.110347747802734,22.697437286376953,19.19959259033203,65.06199645996094,39.772727966308594
2017-03-15,21.988449096679688,,24.169952392578125,20.93138885498047,56.441627502441406,24.29993438720703,43.432132720947266,23.133365631103516,19.50792694091797,65.87918090820312,39.982879638671875
2017-03-16,21.83807373046875,,23.999183654785156,20.965229034423828,56.18475341796875,24.31358528137207,43.49491882324219,23.081642150878906,19.293601989746094,65.24266815185547,39.97829818725586
2017-03-17,21.931936264038086,,23.98166275024414,20.75975799560547,56.4918327331543,24.36612319946289,43.3765754699707,23.124771118164062,19.409908294677734,64.88352966308594,40.02916717529297
2017-03-20,22.053449630737305,,23.947307586669922,20.589942932128906,56.388607025146484,24.38895606994629,43.46336364746094,23.147075653076172,19.281095504760742,64.78855895996094,39.932952880859375
2017-03-21,21.684703826904297,,23.778953552246094,20.012582778930664,55.52848815917969,24.032649993896484,43.423919677734375,23.109901428222656,19.553890228271484,64.27925109863281,39.428924560546875
2017-03-22,21.747560501098633,,23.744592666625977,19.970121383666992,55.726314544677734,24.183393478393555,43.33712387084961,23.161951065063477,19.648609161376953,64.29651641845703,39.47473907470703
2017-03-23,21.839744567871094,,23.648395538330078,20.012582778930664,55.648921966552734,24.119441986083984,43.24244689941406,23.33296775817871,19.587987899780273,64.09797668457031,39.566375732421875
2017-03-24,21.646991729736328,,23.55562973022461,19.987104415893555,55.5026969909668,24.137712478637695,43.15567398071289,23.3106632232666,19.659976959228516,64.13248443603516,39.662601470947266
2017-03-27,21.693090438842773,,23.44568634033203,19.91068458557129,55.304874420166016,24.137712478637695,43.11621856689453,23.124771118164062,19.584196090698242,64.3051528930664,39.64885711669922
2017-03-28,21.944507598876953,,23.778953552246094,20.182388305664062,55.88974380493164,24.31130027770996,43.19511795043945,23.25861167907715,19.569040298461914,64.34833526611328,39.95127868652344
2017-03-29,21.96126937866211,,24.10536003112793,20.055030822753906,55.88113784790039,24.352415084838867,43.274009704589844,23.34039878845215,19.515995025634766,64.36556243896484,40.189544677734375
2017-03-30,21.965457916259766,,24.098482131958008,20.318241119384766,56.1907844543457,24.398094177246094,43.18722152709961,23.392454147338867,19.36444854736328,64.37419891357422,40.29494094848633
2017-03-31,21.96126937866211,,24.016021728515625,20.148427963256836,55.95855712890625,24.352415084838867,43.06098937988281,23.49655532836914,19.440229415893555,64.19290924072266,40.29951477050781
2017-04-03,21.877466201782227,,23.974794387817383,20.10597038269043,55.838134765625,24.329572677612305,42.989986419677734,23.526294708251953,19.43643569946289,64.24469757080078,40.13913345336914
2017-04-04,21.95708465576172,,24.15001106262207,20.08049964904785,55.98435592651367,24.347843170166016,43.11621856689453,23.459373474121094,19.497055053710938,64.21015930175781,40.07498550415039
2017-04-05,21.9403133392334,,24.074432373046875,19.92766761779785,55.8037223815918,24.24734115600586,43.03732681274414,23.49655532836914,19.6069278717041,64.01161193847656,39.97877883911133
2017-04-06,22.05764389038086,,24.266828536987305,20.055030822753906,55.95855712890625,24.251914978027344,43.03732681274414,23.630395889282227,19.55767822265625,64.12384033203125,40.10248565673828
2017-04-07,22.03669548034668,,24.174076080322266,19.970121383666992,56.01876449584961,24.238204956054688,43.15567398071289,23.660133361816406,19.474321365356445,64.2360610961914,39.98334884643555
2017-04-10,22.04088592529297,,24.356168746948242,19.919179916381836,56.156375885009766,24.192527770996094,43.28189468383789,23.82371711730957,19.508420944213867,64.11521911621094,40.129981994628906
2017-04-11,21.98221778869629,,24.35959815979004,19.859743118286133,56.233795166015625,24.101165771484375,43.29768753051758,23.93524742126465,19.500843048095703,64.02888488769531,40.09789276123047
2017-04-12,21.709854125976562,,24.256528854370117,19.69841957092285,55.45969772338867,24.01894187927246,43.46336364746094,23.8980712890625,19.64481544494629,64.02888488769531,39.93754196166992
2017-04-13,21.500333786010742,,23.81330680847168,19.443700790405273,55.06403732299805,23.923011779785156,43.26612854003906,23.846025466918945,19.580408096313477,63.86488723754883,39.65802764892578
2017-04-17,21.655378341674805,,23.86484718322754,19.78333282470703,55.6661262512207,24.142284393310547,43.573814392089844,24.12114143371582,19.66755485534668,64.09797668457031,40.06583786010742
2017-04-18,21.630233764648438,,23.641523361206055,19.596529006958008,55.48548889160156,24.137712478637695,43.771053314208984,24.18062973022461,19.713014602661133,63.39870071411133,40.07040023803711
2017-04-19,21.659570693969727,,23.294511795043945,19.537097930908203,55.53709411621094,24.119441986083984,43.605369567871094,24.128578186035156,19.576618194580078,63.58863830566406,40.10706329345703
2017-04-20,21.898408889770508,,23.40789031982422,19.86823081970215,56.207977294921875,24.338703155517578,43.51859664916992,24.12114143371582,19.500843048095703,63.98571014404297,40.528621673583984
2017-04-21,21.87327003479004,,23.291074752807617,19.66445541381836,56.25959014892578,24.288454055786133,43.39234924316406,24.039352416992188,19.59935188293457,63.60588073730469,40.43697738647461
2017-04-24,22.12468719482422,,23.42850685119629,20.10597038269043,57.059486389160156,24.576250076293945,43.78683090209961,23.801410675048828,19.70164680480957,64.2360610961914,40.698158264160156
2017-04-25,22.48086166381836,,23.627782821655273,20.28427505493164,57.334739685058594,24.70415687561035,43.960391998291016,23.85346031188965,19.675127029418945,64.51232147216797,41.01889419555664
2017-04-26,22.476675033569336,,23.54876136779785,20.26729393005371,57.34333801269531,24.676742553710938,43.605369567871094,23.652698516845703,19.61450958251953,64.86627197265625,41.21135330200195
2017-04-27,22.4263916015625,,23.291074752807617,20.17390251159668,57.32612228393555,24.77724266052246,43.55014419555664,23.667572021484375,19.682706832885742,65.00440216064453,41.431297302246094
2017-04-28,22.237829208374023,,23.308250427246094,19.978605270385742,57.059486389160156,24.841197967529297,43.534366607666016,23.533729553222656,19.587987899780273,65.17704010009766,41.266334533691406
2017-05-01,22.250396728515625,,23.24297523498535,20.10597038269043,56.887474060058594,25.028484344482422,43.368682861328125,23.68243980407715,19.47053337097168,65.32379913330078,41.32131576538086
2017-05-02,22.288101196289062,,23.126157760620117,20.08049964904785,57.162696838378906,25.08330535888672,43.07677459716797,23.68988037109375,19.49326515197754,65.50508117675781,41.36713409423828
2017-05-03,22.07021141052246,,23.191434860229492,20.2418270111084,57.205718994140625,25.03762435913086,43.11621856689453,23.399890899658203,19.425067901611328,65.18567657470703,41.12429428100586
2017-05-04,22.09535789489746,,22.765405654907227,20.275785446166992,57.26591110229492,25.01935386657715,43.44757080078125,23.422195434570312,19.49326515197754,65.61731719970703,41.06014633178711
2017-05-05,22.40962791442871,,23.126157760620117,20.2418270111084,57.558345794677734,25.11071014404297,43.5659294128418,23.608091354370117,19.59935188293457,65.58277893066406,41.31674575805664
2017-05-08,22.229446411132812,,23.291074752807617,20.224842071533203,57.40353012084961,25.220346450805664,43.55014419555664,23.481679916381836,19.591773986816406,65.17704010009766,41.39463424682617
2017-05-09,22.06183433532715,,23.098669052124023,20.148427963256836,57.4809455871582,25.252321243286133,43.39234924316406,23.392454147338867,19.447799682617188,65.25473022460938,41.63290786743164
2017-05-10,22.1330623626709,,23.40445899963379,20.216350555419922,57.360530853271484,25.348251342773438,43.423919677734375,23.51885986328125,19.478111267089844,65.06483459472656,41.4908561706543
2017-05-11,22.09955406188965,,23.356353759765625,20.0889949798584,57.34333801269531,25.31627655029297,43.487030029296875,23.407325744628906,19.50463104248047,65.09933471679688,41.24343490600586
2017-05-12,22.04507064819336,,23.27733039855957,20.004077911376953,57.02507781982422,25.380231857299805,43.360801696777344,23.318103790283203,19.59935188293457,64.98711395263672,41.183860778808594
2017-05-15,22.237829208374023,,23.459426879882812,20.156911849975586,57.29171371459961,25.521841049194336,43.502811431884766,23.422195434570312,19.682706832885742,65.41010284423828,41.193031311035156
2017-05-16,22.242015838623047,,23.342618942260742,20.216350555419922,57.231510162353516,25.640613555908203,43.46336364746094,23.303226470947266,19.538732528686523,65.15977478027344,41.050987243652344
2017-05-17,21.772701263427734,,23.112415313720703,19.579551696777344,56.08757400512695,24.941692352294922,43.400245666503906,23.45193862915039,19.587987899780273,64.3051528930664,40.38656997680664
2017-05-18,21.7852783203125,,23.105548858642578,19.65596580505371,56.16498565673828,25.087867736816406,43.43179702758789,23.49655532836914,19.65618324279785,64.58998107910156,40.62025833129883
2017-05-19,21.97383689880371,,23.390710830688477,19.825782775878906,56.9046745300293,25.234046936035156,43.668487548828125,23.630395889282227,19.73196029663086,64.77128601074219,40.89519119262695
2017-05-22,21.998985290527344,,23.33917808532715,19.876724243164062,57.34333801269531,25.4350528717041,43.91306686401367,23.68988037109375,19.902456283569336,64.9439926147461,41.10137939453125
2017-05-23,22.015743255615234,,23.394145965576172,20.029558181762695,57.46373748779297,25.480730056762695,43.960391998291016,23.71961212158203,19.955501556396484,65.15977478027344,40.945594787597656
2017-05-24,22.16240692138672,,23.270465850830078,20.021066665649414,57.53254699707031,25.585796356201172,44.13398361206055,23.85346031188965,20.06916618347168,65.32379913330078,41.09221267700195
2017-05-25,22.137264251708984,,22.84786033630371,20.055030822753906,57.9110107421875,25.768522262573242,44.41010284423828,23.942691802978516,20.232084274291992,65.63457489013672,41.454200744628906
2017-05-26,22.179162979125977,,22.88565444946289,20.046539306640625,57.979820251464844,25.754806518554688,44.57577896118164,23.793975830078125,20.232084274291992,65.51372528076172,41.57792282104492
2017-05-30,22.174976348876953,,22.57986831665039,19.91068458557129,57.96261215209961,25.86444854736328,44.560001373291016,23.72705078125,20.296485900878906,65.41873931884766,41.60999298095703
2017-05-31,22.242015838623047,,22.483678817749023,19.74087142944336,58.07440948486328,25.823335647583008,44.68623352050781,23.68988037109375,20.398784637451172,65.67772674560547,41.719974517822266
2017-06-01,22.510196685791016,,22.624536514282227,19.987104415893555,58.43566131591797,25.887285232543945,45.04914093017578,23.764230728149414,20.542755126953125,66.40287780761719,42.11402130126953
2017-06-02,22.564672470092773,,22.363418579101562,19.91068458557129,58.66789245605469,26.124826431274414,45.18327331542969,23.972429275512695,20.56548500061035,66.83450317382812,42.265228271484375
2017-06-05,22.493432998657227,,22.404645919799805,19.94464683532715,58.46146774291992,26.147668838500977,45.230621337890625,23.91295051574707,20.501081466674805,66.64459991455078,42.15068435668945
2017-06-06,22.50600814819336,,22.669208526611328,19.859743118286133,58.06582260131836,26.09741973876953,45.12015151977539,23.801410675048828,20.455615997314453,66.4805908203125,41.78868865966797
2017-06-07,22.535335540771484,,22.34967803955078,20.012582778930664,57.997013092041016,26.179645538330078,45.1043815612793,23.92781639099121,20.523818969726562,66.66188049316406,41.86201095581055
2017-06-08,22.60238265991211,,22.28440284729004,20.2418270111084,58.18624496459961,26.23902702331543,44.76513671875,23.81627655029297,20.35332489013672,66.47193145751953,41.5916748046875
2017-06-09,22.89151382446289,,22.820377349853516,20.623905181884766,58.40986633300781,25.590364456176758,44.70989990234375,23.92781639099121,20.33437728881836,66.92082977294922,41.408390045166016
2017-06-12,22.803512573242188,,22.981853485107422,20.666364669799805,58.62488555908203,25.439617156982422,44.70201110839844,24.083961486816406,20.296485900878906,66.83450317382812,41.38547897338867
2017-06-13,23.088455200195312,,23.153648376464844,20.77674102783203,58.86571502685547,25.622344970703125,44.77302169799805,24.143447875976562,20.345741271972656,66.97266387939453,41.642066955566406
2017-06-14,22.845420837402344,,22.734479904174805,20.81070327758789,58.80552291870117,25.499006271362305,45.05705261230469,24.217803955078125,20.455615997314453,67.29203796386719,41.61915969848633
2017-06-15,22.644283294677734,,22.56269073486328,20.725797653198242,59.15814971923828,25.38479995727539,44.95447540283203,24.336776733398438,20.573074340820312,67.2229995727539,41.44504165649414
2017-06-16,22.741958618164062,,22.93596076965332,20.70277976989746,59.35173797607422,25.340303421020508,44.48223114013672,24.323278427124023,20.667409896850586,67.33394622802734,41.43355178833008
2017-06-19,22.922988891601562,,22.79067039489746,20.915863037109375,59.71468734741211,25.716400146484375,44.69688034057617,24.338281631469727,20.598663330078125,68.03596496582031,41.75067901611328
2017-06-20,22.796689987182617,,22.500072479248047,20.736879348754883,59.075191497802734,25.510011672973633,44.52198028564453,24.293289184570312,20.61011505126953,68.26131439208984,41.226715087890625
2017-06-21,22.55671501159668,,22.136838912963867,20.566410064697266,58.67768478393555,25.652189254760742,44.394779205322266,24.240802764892578,20.48789405822754,69.12799072265625,41.29106903076172
2017-06-22,22.581981658935547,,22.123004913330078,20.438562393188477,58.55668258666992,25.661367416381836,44.100608825683594,24.25579833984375,20.392404556274414,69.8473892211914,41.194557189941406
2017-06-23,22.670391082763672,,22.27175521850586,20.361854553222656,58.77273178100586,25.821889877319336,44.116512298583984,24.36077117919922,20.323657989501953,69.74334716796875,41.14399719238281
2017-06-26,22.737741470336914,,22.22332000732422,20.472660064697266,58.78999710083008,25.684295654296875,44.29140853881836,24.473241806030273,20.46115493774414,69.67401885986328,41.29106903076172
2017-06-27,22.598812103271484,,22.18872833251953,20.574935913085938,58.349273681640625,25.262338638305664,43.90980529785156,24.375764846801758,20.23198890686035,69.04134368896484,40.964752197265625
2017-06-28,22.80510139465332,,22.309804916381836,20.898815155029297,58.87644577026367,25.578807830810547,44.06880187988281,24.40575408935547,20.037189483642578,69.40536499023438,41.3784065246582
2017-06-29,22.53145980834961,,22.35824203491211,21.0437068939209,58.375221252441406,25.120155334472656,43.5997314453125,24.158321380615234,19.87677574157715,68.77264404296875,40.978538513183594
2017-06-30,22.653547286987305,,22.45856285095215,21.02666473388672,58.85914993286133,25.097227096557617,43.679237365722656,24.143333435058594,19.846216201782227,68.67732238769531,41.194557189941406
2017-07-03,22.851411819458008,,22.890989303588867,21.33350372314453,59.22209548950195,24.92293357849121,43.639488220214844,24.368267059326172,19.754549026489258,68.79864501953125,41.15318298339844
2017-07-05,22.775634765625,,22.42742347717285,21.367589950561523,59.39494323730469,25.170610427856445,43.60769271850586,24.075849533081055,19.659055709838867,69.20600128173828,41.052066802978516
2017-07-06,22.674598693847656,,22.178348541259766,21.20564842224121,58.87644577026367,24.941286087036133,43.36122512817383,23.640972137451172,19.651426315307617,68.31330108642578,40.63384246826172
2017-07-07,22.79247283935547,,22.143760681152344,21.350540161132812,59.33443832397461,25.23023223876953,43.33738327026367,23.775930404663086,19.66670036315918,68.65999603271484,40.996925354003906
2017-07-10,22.935606002807617,,22.216407775878906,21.32497215270996,59.507293701171875,25.41368865966797,43.03524398803711,23.588481903076172,19.651426315307617,68.52999114990234,41.08425521850586
2017-07-11,22.901927947998047,,22.33748435974121,21.137466430664062,59.45542526245117,25.468730926513672,42.916011810302734,23.550992965698242,19.639957427978516,68.45198059082031,41.00152587890625
2017-07-12,23.16715431213379,,22.399751663208008,21.20564842224121,59.7838134765625,25.79895782470703,43.154518127441406,23.858409881591797,19.80801773071289,68.91999053955078,41.31405258178711
2017-07-13,23.14189910888672,,22.48969841003418,21.33350372314453,59.740604400634766,25.849407196044922,43.162471771240234,23.903396606445312,19.73926544189453,68.98065948486328,41.318660736083984
2017-07-14,23.259775161743164,,22.624616622924805,21.239742279052734,59.9998664855957,26.0787296295166,43.50432205200195,24.143333435058594,19.83094024658203,69.44869232177734,41.45193862915039
2017-07-17,23.306081771850586,,22.596933364868164,21.171552658081055,59.96529006958008,26.083316802978516,43.552032470703125,24.19581413269043,19.922603607177734,69.19733428955078,41.553043365478516
2017-07-18,23.209253311157227,,22.48969841003418,21.137466430664062,59.827030181884766,26.202571868896484,43.552032470703125,24.165821075439453,19.979894638061523,69.24934387207031,41.741477966308594
2017-07-19,23.4323787689209,,22.818340301513672,21.145992279052734,59.887516021728516,26.335567474365234,43.71103286743164,24.34577751159668,20.06392478942871,69.81270599365234,41.94371795654297
2017-07-20,23.259775161743164,,22.749155044555664,21.137466430664062,59.55050277709961,26.390613555908203,43.71900177001953,24.278291702270508,20.209068298339844,70.27206420898438,41.856388092041016
2017-07-21,23.263980865478516,,22.524293899536133,21.137466430664062,59.43815231323242,26.35850715637207,43.790550231933594,24.323278427124023,20.354209899902344,70.19404602050781,41.88396453857422
2017-07-24,23.242931365966797,,22.48277473449707,21.23122215270996,59.30851745605469,26.422714233398438,43.64742660522461,24.308279037475586,20.163230895996094,70.16805267333984,41.741477966308594
2017-07-25,23.49131965637207,,22.766448974609375,21.49543571472168,59.23075866699219,26.37226676940918,43.94955825805664,24.308279037475586,20.048648834228516,69.66536712646484,42.035621643066406
2017-07-26,23.348180770874023,,22.79067039489746,21.350540161132812,59.30851745605469,26.473169326782227,43.941612243652344,24.51072883605957,20.23963165283203,69.43135070800781,42.01725387573242
2017-07-27,23.263980865478516,,23.022445678710938,21.23122215270996,58.97148132324219,26.37226676940918,44.37092590332031,24.488235473632812,20.289278030395508,68.95467376708984,42.32518005371094
2017-07-28,23.179786682128906,,22.994779586791992,21.23122215270996,59.10976028442383,26.34474754333496,43.99725341796875,24.473241806030273,20.258724212646484,69.30135345458984,42.00345993041992
2017-07-31,23.002971649169922,,23.046667098999023,21.38463592529297,59.031982421875,26.216323852539062,43.98134994506836,24.435749053955078,20.327470779418945,69.24067687988281,41.989681243896484
2017-08-01,23.01981544494629,,23.04320526123047,21.53805160522461,58.85914993286133,26.349332809448242,43.93365478515625,24.54071807861328,20.442058563232422,69.08464813232422,42.06321334838867
2017-08-02,23.04085350036621,,22.956722259521484,21.5721435546875,59.11842346191406,26.422714233398438,43.9018669128418,24.42075538635254,20.5299072265625,68.9286880493164,41.948307037353516
2017-08-03,22.86825180053711,,22.63498878479004,21.49543571472168,59.4122200012207,26.36309814453125,43.86210250854492,24.36077117919922,20.63303565979004,69.04134368896484,41.833396911621094
2017-08-04,22.977712631225586,,22.707645416259766,21.640329360961914,59.524539947509766,26.422714233398438,43.74283981323242,24.435749053955078,20.54136848449707,68.88533020019531,41.83800506591797
2017-08-07,22.990341186523438,,22.53466796875,21.60624122619629,59.524539947509766,26.583248138427734,44.06880187988281,24.42075538635254,20.606300354003906,69.03267669677734,41.93452072143555
2017-08-08,22.80931282043457,,22.48277473449707,21.546581268310547,59.343074798583984,26.54655647277832,43.9018669128418,24.308279037475586,20.69032859802246,68.71200561523438,41.957496643066406
2017-08-09,22.830364227294922,,22.503538131713867,21.546581268310547,59.36036682128906,26.532794952392578,43.97340393066406,24.338281631469727,20.583383560180664,68.7900161743164,41.713905334472656
2017-08-10,22.569351196289062,,22.264841079711914,21.16303062438965,58.60853958129883,26.00994110107422,43.790550231933594,24.12083625793457,20.6483097076416,67.93196105957031,41.08884048461914
2017-08-11,22.514616012573242,,22.119539260864258,21.07779884338379,58.64311218261719,26.18880271911621,43.82234573364258,23.963380813598633,20.52608871459961,68.12263488769531,41.30026626586914
2017-08-14,22.725114822387695,,22.053813934326172,21.367589950561523,59.256675720214844,26.606176376342773,44.037010192871094,24.36077117919922,20.644495010375977,68.58196258544922,41.59440612792969
2017-08-15,22.72932243347168,,21.970783233642578,21.38463592529297,59.12704086303711,26.647449493408203,44.259613037109375,24.315784454345703,20.75908088684082,68.58196258544922,41.21293258666992
2017-08-16,22.952449798583984,,21.759761810302734,21.342018127441406,59.291236877441406,26.725421905517578,44.41067123413086,24.390764236450195,20.84311294555664,68.77264404296875,41.42435836791992
2017-08-17,22.603025436401367,,21.451868057250977,20.97552490234375,58.26287078857422,26.202571868896484,44.00519943237305,24.21830940246582,20.69414710998535,67.9146499633789,40.76253890991211
2017-08-18,22.611446380615234,,21.559114456176758,20.984046936035156,58.029537200927734,26.175046920776367,43.88595199584961,24.038358688354492,20.816375732421875,67.60262298583984,40.560298919677734
2017-08-21,22.632495880126953,,21.44841194152832,20.924386978149414,58.124610900878906,26.165868759155273,44.04494857788086,24.28578758239746,20.892763137817383,67.90596008300781,40.63384246826172
2017-08-22,22.927183151245117,,21.590248107910156,21.154510498046875,58.78999710083008,26.555727005004883,44.05290222167969,24.270795822143555,20.9385929107666,68.7293472290039,41.07046127319336
2017-08-23,22.88509178161621,,21.683656692504883,21.086326599121094,58.236934661865234,26.49151039123535,43.925697326660156,24.518226623535156,21.007349014282227,68.20929718017578,40.72115707397461
2017-08-24,22.84299087524414,,21.69748878479004,21.086326599121094,58.05546951293945,26.468585968017578,43.32148361206055,24.473241806030273,20.9920711517334,68.40863800048828,40.63384246826172
2017-08-25,22.91455841064453,,21.794347763061523,21.145992279052734,58.332000732421875,26.463998794555664,43.46458435058594,24.59320831298828,21.060821533203125,68.42598724365234,40.73493576049805
2017-08-28,22.948238372802734,,21.69748878479004,21.009618759155273,58.29744338989258,26.514448165893555,43.33738327026367,24.465742111206055,21.099018096923828,68.7900161743164,40.7579345703125
2017-08-29,22.83878517150879,,21.669816970825195,20.94143295288086,58.72086715698242,26.629108428955078,43.48843002319336,24.450746536254883,21.053180694580078,68.91999053955078,40.72115707397461
2017-08-30,23.00718116760254,,21.680194854736328,21.02666473388672,58.962860107421875,26.82173728942871,43.48048782348633,24.563209533691406,20.9920711517334,69.27535247802734,41.01531219482422
2017-08-31,23.18399429321289,,21.783977508544922,21.052234649658203,59.1616096496582,26.982269287109375,43.49639129638672,24.683181762695312,20.99588966369629,70.45404815673828,41.208343505859375
2017-09-01,23.33555793762207,,21.99500274658203,21.111892700195312,59.21344757080078,26.959335327148438,43.70310592651367,24.683181762695312,20.93095588684082,70.40206146240234,41.39678192138672
2017-09-05,23.070329666137695,,22.11608123779297,20.6601619720459,58.617183685302734,26.720836639404297,43.766700744628906,24.660688400268555,20.98443031311035,70.09872436523438,41.226715087890625
2017-09-06,23.129261016845703,,22.47586441040039,20.71131134033203,58.67768478393555,26.743770599365234,43.94955825805664,24.69817543029785,20.888944625854492,70.43671417236328,41.484100341796875
2017-09-07,23.16715431213379,,22.51737403869629,20.353330612182617,58.79867172241211,26.835498809814453,44.01315689086914,24.885623931884766,21.045547485351562,71.21675109863281,41.12562561035156
2017-09-08,23.15873146057129,,22.278671264648438,20.54084587097168,58.99740982055664,26.6153507232666,43.79849624633789,24.89312171936035,21.144847869873047,71.53742218017578,40.9831428527832
2017-09-11,23.461849212646484,,22.48969841003418,20.898815155029297,59.507293701171875,26.99144744873047,44.06880187988281,25.07307243347168,21.324365615844727,72.09212493896484,41.19913864135742
2017-09-12,23.659713745117188,,22.628074645996094,21.145992279052734,59.79246139526367,27.0556583404541,44.16420364379883,24.803152084350586,20.969154357910156,72.24810791015625,41.38300704956055
2017-09-13,23.65129280090332,,22.91175079345703,21.180084228515625,59.70603561401367,27.01896095275879,44.18806457519531,24.69817543029785,20.866025924682617,71.97943115234375,41.68174362182617
2017-09-14,23.731281280517578,,23.022445678710938,21.137466430664062,59.991207122802734,26.927228927612305,44.100608825683594,24.870630264282227,21.041725158691406,72.0748062133789,41.456520080566406
2017-09-15,23.732128143310547,,23.076780319213867,21.199939727783203,60.239498138427734,27.037240982055664,44.17742919921875,24.958229064941406,21.07135772705078,71.84428405761719,41.34030532836914
2017-09-18,23.86334228515625,,23.17491912841797,21.44814109802246,60.578094482421875,27.060256958007812,44.24142074584961,24.814746856689453,20.8558292388916,71.82686614990234,41.19730758666992
2017-09-19,23.986085891723633,,23.269550323486328,21.610759735107422,60.63884353637695,27.1799259185791,44.10540771484375,24.56554412841797,20.81349754333496,71.26143646240234,41.1604118347168
2017-09-20,24.07073974609375,,23.427270889282227,21.73914909362793,61.081600189208984,27.069456100463867,43.681400299072266,24.497573852539062,20.6595516204834,71.33102416992188,41.29878616333008
2017-09-21,24.019947052001953,,23.434284210205078,21.790494918823242,61.26389694213867,26.922164916992188,43.26538848876953,24.45981788635254,20.65570068359375,70.9656753540039,41.22960662841797
2017-09-22,23.935291290283203,,23.553449630737305,21.764820098876953,61.42015075683594,26.935976028442383,43.13737869262695,24.24837303161621,20.486360549926758,70.9656753540039,41.29878616333008
2017-09-25,23.977624893188477,,23.893442153930664,21.73914909362793,61.42015075683594,26.61838150024414,43.44938278198242,24.338993072509766,20.674945831298828,70.75686645507812,41.211151123046875
2017-09-26,23.871807098388672,,23.88292121887207,21.730579376220703,61.42015075683594,26.71504020690918,43.55339813232422,24.361648559570312,20.636459350585938,70.64380645751953,41.21577072143555
2017-09-27,23.871807098388672,,23.98456573486328,21.99591064453125,61.4896125793457,26.986608505249023,43.217384338378906,24.15775489807129,20.35936164855957,70.6176986694336,41.44178009033203
2017-09-28,24.04110336303711,,24.005596160888672,22.030136108398438,61.45489501953125,27.018829345703125,43.217384338378906,24.33144187927246,20.432483673095703,70.67859649658203,41.39103698730469
2017-09-29,24.04110336303711,,24.00208854675293,22.13284683227539,61.6371955871582,27.202943801879883,43.18538284301758,24.34654426574707,20.417085647583008,71.0961685180664,41.54785919189453
2017-10-02,24.303524017333984,,23.995080947875977,22.32113265991211,62.06258010864258,27.244367599487305,43.10538101196289,24.25592803955078,20.451719284057617,71.81817626953125,41.62627029418945
2017-10-03,24.405113220214844,,23.970542907714844,22.398162841796875,62.33170700073242,27.308807373046875,43.153385162353516,24.24837303161621,20.393997192382812,71.80078125,41.80152893066406
2017-10-04,24.41357421875,,23.953022003173828,22.295461654663086,62.3143424987793,27.290403366088867,43.28937530517578,24.45981788635254,20.59797477722168,72.14872741699219,42.018310546875
2017-10-05,24.561717987060547,,24.061677932739258,22.526540756225586,62.4619255065918,27.55276107788086,43.48138427734375,24.53533172607422,20.5787296295166,72.20089721679688,42.253536224365234
2017-10-06,24.50669288635254,,23.858386993408203,22.55222511291504,62.45323944091797,27.59418487548828,43.049381256103516,24.46737289428711,20.563335418701172,72.10520935058594,42.30428695678711
2017-10-09,24.502460479736328,,23.90745735168457,22.466632843017578,62.27961730957031,27.66322898864746,42.929378509521484,24.520233154296875,20.59027862548828,71.65290832519531,42.17051315307617
2017-10-10,24.51938819885254,,23.928489685058594,22.569339752197266,62.375125885009766,27.690845489501953,43.305381774902344,24.557987213134766,20.790409088134766,71.81817626953125,42.12901306152344
2017-10-11,24.53209114074707,,23.98456573486328,22.526540756225586,62.34038162231445,27.78290367126465,43.39338684082031,24.693920135498047,20.878929138183594,71.95735931396484,42.15207290649414
2017-10-12,24.578649520874023,,23.896940231323242,22.355371475219727,62.670257568359375,27.713855743408203,43.577392578125,24.867612838745117,20.98668670654297,71.87905883789062,41.87070846557617
2017-10-13,24.697154998779297,,23.88292121887207,22.363924026489258,62.55741882324219,27.847347259521484,43.657405853271484,24.935565948486328,20.840438842773438,71.69637298583984,42.07366180419922
2017-10-16,24.68023109436035,,23.935497283935547,22.509428024291992,62.62686538696289,27.948606491088867,43.673397064208984,24.814746856689453,20.79425621032715,71.38322448730469,42.12901306152344
2017-10-17,24.616741180419922,,23.94951820373535,22.398162841796875,62.4619255065918,27.948606491088867,43.51338577270508,24.814746856689453,20.91741371154785,72.34012603759766,42.15207290649414
2017-10-18,24.557477951049805,,23.781280517578125,22.51798439025879,62.487945556640625,28.017650604248047,43.457393646240234,24.769437789916992,20.878929138183594,72.44449615478516,42.03675842285156
2017-10-19,24.650598526000977,,23.707670211791992,22.53510093688965,62.661590576171875,27.934797286987305,43.22537612915039,24.75433349609375,21.098299026489258,72.88812255859375,42.03675842285156
2017-10-20,24.862234115600586,,23.75323486328125,22.8004207611084,63.338741302490234,28.123516082763672,43.12139892578125,24.716571807861328,21.11369514465332,72.96641540527344,42.13823699951172
2017-10-23,24.815671920776367,,23.63056182861328,22.783306121826172,62.939388275146484,27.99003791809082,43.08938980102539,24.625957489013672,21.125240325927734,72.78373718261719,41.852264404296875
2017-10-24,24.955350875854492,,23.676124572753906,22.945924758911133,63.295326232910156,28.068281173706055,42.937381744384766,24.46737289428711,21.144479751586914,72.2966079711914,41.9537467956543
2017-10-25,24.824140548706055,,23.511398315429688,22.808984756469727,62.670257568359375,27.916391372680664,42.81737518310547,24.406957626342773,21.05211639404297,72.19221496582031,41.79230499267578
2017-10-26,25.154279708862305,,23.560470581054688,22.937366485595703,62.7570915222168,28.031465530395508,42.8493766784668,24.271024703979492,21.05596160888672,71.47020721435547,41.93989562988281
2017-10-27,25.0230770111084,,23.60252571105957,22.920242309570312,62.783119201660156,28.786331176757812,42.481353759765625,24.30878448486328,21.18681526184082,71.45281219482422,42.617916107177734
2017-10-30,24.904552459716797,,23.725196838378906,22.826091766357422,62.34905242919922,28.85076904296875,42.12134552001953,24.45981788635254,21.19066047668457,70.68729400634766,42.42420959472656
2017-10-31,24.97227668762207,,23.80230712890625,22.76619529724121,62.0972900390625,28.97504234313965,42.473358154296875,24.542884826660156,21.21375846862793,70.55683898925781,42.42881393432617
2017-11-01,25.09502410888672,,24.072193145751953,22.8004207611084,62.06258010864258,28.979646682739258,42.60935592651367,24.520233154296875,21.09445571899414,70.73080444335938,42.442649841308594
2017-11-02,24.913021087646484,,24.00208854675293,23.014387130737305,62.41850662231445,28.99346160888672,42.50535583496094,24.73168182373047,21.17142105102539,70.40895080566406,42.1243896484375
2017-11-03,24.900327682495117,,24.072193145751953,22.920242309570312,62.357749938964844,29.223596572875977,42.51334762573242,24.73168182373047,21.248394012451172,70.99177551269531,42.2950439453125
2017-11-06,24.79450798034668,,24.622465133666992,22.894567489624023,62.39246368408203,29.288042068481445,42.05734634399414,25.109256744384766,21.167573928833008,70.77429962158203,42.60407257080078
2017-11-07,24.819908142089844,,24.5909366607666,22.57789421081543,62.487945556640625,29.301847457885742,42.529361724853516,25.343364715576172,21.421586990356445,70.92217254638672,42.350399017333984
2017-11-08,24.845300674438477,,24.47175407409668,22.466632843017578,62.383785247802734,29.462955474853516,42.993377685546875,25.532154083251953,21.436981201171875,71.08745574951172,42.39652633666992
2017-11-09,24.63367462158203,,24.545364379882812,22.389604568481445,61.60247039794922,29.228200912475586,42.98537826538086,25.532154083251953,21.46392059326172,71.0961685180664,42.46110916137695
2017-11-10,24.5955753326416,,24.415679931640625,22.32113265991211,61.689273834228516,29.228200912475586,43.425392150878906,25.532154083251953,21.363853454589844,70.63511657714844,42.60407257080078
2017-11-13,24.722553253173828,,24.275484085083008,22.355371475219727,61.480934143066406,29.218996047973633,43.673397064208984,25.6076717376709,21.61786651611328,70.70470428466797,42.747066497802734
2017-11-14,24.49822425842285,,23.88292121887207,22.346811294555664,61.315982818603516,29.159160614013672,43.825401306152344,25.585020065307617,21.887269973754883,70.41763305664062,42.783958435058594
2017-11-15,24.350082397460938,,23.613040924072266,22.40672492980957,60.96873474121094,28.942827224731445,43.36137390136719,25.39622688293457,21.698688507080078,70.21759033203125,42.59946060180664
2017-11-16,24.64636993408203,,23.518404006958008,22.415281295776367,61.54170227050781,29.347875595092773,43.961421966552734,25.494394302368164,21.62940788269043,70.94827270507812,42.954612731933594
2017-11-17,24.68023109436035,,23.634069442749023,22.389604568481445,61.203121185302734,29.159160614013672,43.80940246582031,25.343364715576172,21.479312896728516,70.6698989868164,43.14373016357422
2017-11-20,24.71409034729004,,23.577987670898438,22.492298126220703,61.480934143066406,29.26962661743164,43.76139450073242,25.28295135498047,21.41388511657715,70.37415313720703,43.22673034667969
2017-11-21,24.845300674438477,,23.63056182861328,22.56077766418457,61.92369079589844,29.578027725219727,43.9054069519043,25.418880462646484,21.471616744995117,70.99177551269531,43.49425506591797
2017-11-22,24.77758026123047,,23.725196838378906,22.449512481689453,61.993133544921875,29.52279281616211,43.84939956665039,25.335817337036133,21.471616744995117,70.9656753540039,43.535762786865234
2017-11-24,24.904552459716797,,23.791793823242188,22.440954208374023,61.993133544921875,29.688495635986328,43.81739807128906,25.426435470581055,21.50625228881836,71.13096618652344,43.64646530151367
2017-11-27,24.75641441345215,,23.54995346069336,22.423843383789062,62.0972900390625,29.688495635986328,43.841400146484375,25.350915908813477,21.598623275756836,71.19182586669922,43.678749084472656
2017-11-28,25.03153419494629,,23.73220443725586,23.005836486816406,63.04355239868164,29.785152435302734,44.201412200927734,25.290502548217773,21.698688507080078,71.71378326416016,44.163047790527344
2017-11-29,25.06962776184082,,23.861892700195312,23.399538040161133,63.59916687011719,29.126941680908203,44.43342208862305,25.23008918762207,21.710233688354492,72.07041931152344,44.35213851928711
2017-11-30,25.20930290222168,,24.219396591186523,23.5535888671875,64.68434143066406,29.38470458984375,44.84143829345703,25.260297775268555,21.783355712890625,72.60977935791016,44.578163146972656
2017-12-01,25.00190544128418,,24.422691345214844,23.60494041442871,63.88567352294922,29.23280906677246,44.95343780517578,25.305606842041016,21.710233688354492,72.4618911743164,44.559715270996094
2017-12-04,25.260095596313477,,24.412168502807617,23.96440887451172,64.42388916015625,28.76331329345703,45.3774528503418,24.97332763671875,21.587081909179688,71.57460021972656,45.0762825012207
2017-12-05,25.133121490478516,,24.307024002075195,23.836029052734375,63.87698745727539,28.77252197265625,45.305450439453125,24.875158309936523,21.313823699951172,71.45281219482422,44.817989349365234
2017-12-06,24.984975814819336,,23.991575241088867,23.750436782836914,63.97246551513672,28.956632614135742,45.59345626831055,24.91291618347168,21.394641876220703,71.39192962646484,44.52741241455078
2017-12-07,25.154279708862305,,24.061677932739258,23.827465057373047,64.56279754638672,29.136146545410156,45.1534423828125,25.01108741760254,21.433130264282227,71.40931701660156,44.64273452758789
2017-12-08,25.154279708862305,,24.28249168395996,23.972965240478516,64.84059143066406,29.274234771728516,45.27345275878906,25.07149887084961,21.50240707397461,72.2096176147461,44.854888916015625
2017-12-11,25.188138961791992,,24.457735061645508,23.913053512573242,64.71038818359375,29.52739143371582,45.26544952392578,25.131912231445312,21.633255004882812,72.51407623291016,44.951759338378906
2017-12-12,25.19237518310547,,24.391138076782227,24.152698516845703,64.77980041503906,29.51818084716797,45.27345275878906,25.245193481445312,21.2637882232666,72.80113220214844,44.97020721435547
2017-12-13,25.260095596313477,,24.356090545654297,23.853145599365234,65.03160095214844,29.52739143371582,45.529449462890625,25.237640380859375,21.321523666381836,73.05341339111328,45.00709533691406
2017-12-14,24.980749130249023,,24.268465042114258,23.69908905029297,64.5888442993164,29.490564346313477,45.32946014404297,25.260297775268555,21.294578552246094,72.31401824951172,45.145477294921875
2017-12-15,25.128759384155273,,24.24658966064453,23.912328720092773,65.0444564819336,29.826904296875,45.84366226196289,25.340463638305664,21.372655868530273,73.10965728759766,45.34077835083008
2017-12-18,25.498807907104492,,24.433595657348633,24.127288818359375,65.50707244873047,30.090240478515625,45.819480895996094,25.42444610595703,21.135704040527344,73.1358413696289,45.74803161621094
2017-12-19,25.469030380249023,,24.468875885009766,24.024105072021484,65.5245132446289,29.905452728271484,45.875892639160156,24.943445205688477,20.751134872436523,73.04850769042969,45.687870025634766
2017-12-20,25.477537155151367,,24.81464958190918,23.981117248535156,65.74272918701172,29.89620590209961,45.79530334472656,24.676218032836914,20.587984085083008,72.81269836425781,45.599937438964844
2017-12-21,25.566852569580078,,25.340375900268555,24.187480926513672,65.79510498046875,29.83614730834961,45.76305389404297,24.59222984313965,20.3432559967041,72.64675903320312,45.89612579345703
2017-12-22,25.6646785736084,,25.393301010131836,24.118690490722656,65.81255340576172,29.817665100097656,45.83559799194336,24.7525634765625,20.37433433532715,72.41095733642578,45.80820846557617
2017-12-26,25.64341926574707,,25.615585327148438,24.049903869628906,65.88239288330078,29.619003295898438,45.94038009643555,24.882366180419922,20.25391387939453,72.42842864990234,45.91001892089844
2017-12-27,25.67744255065918,,25.530895233154297,24.075700759887695,66.0395278930664,29.651348114013672,45.932315826416016,24.981624603271484,20.339372634887695,72.55071258544922,45.81746292114258
2017-12-28,25.792280197143555,,25.56970977783203,24.170284271240234,66.17044067382812,29.70216178894043,45.85978698730469,25.126686096191406,20.4520320892334,72.65550231933594,45.94240951538086
2017-12-29,25.745494842529297,,25.49561882019043,23.99831771850586,66.04823303222656,29.545082092285156,45.851707458496094,25.14958381652832,20.46368408203125,72.21007537841797,45.673980712890625
2018-01-02,26.111282348632812,,25.915483474731445,24.00691032409668,66.44100189208984,29.910058975219727,45.569637298583984,25.00452423095703,20.27334213256836,73.02230834960938,46.368186950683594
2018-01-03,26.294174194335938,,26.30360221862793,24.135887145996094,66.79888153076172,30.159547805786133,45.55351638793945,25.012155532836914,20.11406898498535,73.72099304199219,46.58107376098633
2018-01-04,26.52385711669922,,26.462379455566406,24.359447479248047,67.28766632080078,30.312015533447266,45.682472229003906,24.5846004486084,19.947038650512695,73.82581329345703,46.73381042480469
2018-01-05,26.73652458190918,,26.451793670654297,24.428237915039062,67.75028991699219,30.630788803100586,45.88395309448242,24.638042449951172,19.939273834228516,74.45462799072266,47.10404968261719
2018-01-08,26.77480697631836,,26.61056900024414,24.393844604492188,68.02960205078125,30.746288299560547,45.99679183959961,24.806013107299805,20.12572479248047,74.18389892578125,47.159584045410156
2018-01-09,26.73227310180664,,26.543533325195312,24.583011627197266,68.46600341796875,30.66774559020996,45.932315826416016,24.523521423339844,19.927614212036133,75.05723571777344,47.252140045166016
2018-01-10,26.57064437866211,,26.51177978515625,24.789369583129883,68.457275390625,30.561485290527344,45.70664978027344,24.141775131225586,19.710084915161133,74.92626190185547,47.21974182128906
2018-01-11,26.919414520263672,,27.055130004882812,24.90974998474121,69.33013916015625,30.68623161315918,45.64216232299805,23.989078521728516,19.636280059814453,75.2493896484375,47.98800277709961
2018-01-12,26.961950302124023,,27.31623077392578,25.13331413269043,69.97602844238281,30.866411209106445,45.658294677734375,23.813467025756836,19.523624420166016,75.82582092285156,48.608158111572266
2018-01-16,26.64720344543457,,26.970449447631836,25.064523696899414,69.34757995605469,30.746288299560547,45.86784362792969,23.927995681762695,19.48089599609375,76.20138549804688,48.26105499267578
2018-01-17,26.770551681518555,,27.20685386657715,25.25368881225586,69.73162841796875,31.208295822143555,46.391719818115234,24.06542205810547,19.601318359375,76.93499755859375,48.492462158203125
2018-01-18,26.753538131713867,,26.98456573486328,25.219295501708984,69.3563232421875,31.263736724853516,46.254703521728516,23.83637237548828,19.47701644897461,76.95245361328125,48.45079803466797
2018-01-19,26.9151668548584,,26.949281692504883,25.399860382080078,69.55706024169922,31.323795318603516,46.770530700683594,24.004343032836914,19.41874122619629,77.24068450927734,48.8719596862793
2018-01-22,26.85136604309082,,27.53144645690918,25.606225967407227,69.55706024169922,31.62871551513672,47.12516403198242,24.2333927154541,19.445934295654297,77.74723052978516,49.41343307495117
2018-01-23,26.84711265563965,,27.489112854003906,25.63201904296875,69.59197998046875,31.767322540283203,46.97201919555664,24.607507705688477,19.63239288330078,77.37168884277344,49.82996368408203
2018-01-24,26.961950302124023,,27.415023803710938,25.803993225097656,69.5309066772461,31.522459030151367,47.0687370300293,24.538789749145508,19.51197624206543,77.5987319946289,50.0428466796875
2018-01-25,27.140594482421875,,27.199787139892578,25.752403259277344,69.60071563720703,31.467021942138672,47.09291458129883,24.4853458404541,19.81496810913086,78.26249694824219,49.954933166503906
2018-01-26,27.25968360900879,,27.347984313964844,25.94156265258789,70.40372467041016,31.965978622436523,47.318580627441406,24.554061889648438,19.826614379882812,79.94811248779297,50.44549560546875
2018-01-29,26.94919204711914,,26.935163497924805,25.838380813598633,69.9323959350586,31.674909591674805,47.13321304321289,24.271570205688477,19.574127197265625,79.72976684570312,50.30665588378906
2018-01-30,26.753538131713867,,26.391807556152344,25.503053665161133,69.38249969482422,31.388471603393555,46.81888198852539,24.17231559753418,19.609086990356445,78.05292510986328,50.056732177734375
2018-01-31,26.77480697631836,,26.409446716308594,25.57183265686035,69.59197998046875,31.624095916748047,46.601280212402344,24.668590545654297,19.826614379882812,76.94373321533203,49.894737243652344
2018-02-01,26.40901756286621,,26.681140899658203,25.81258773803711,69.46977233886719,31.651813507080078,46.39978790283203,24.218124389648438,19.51586151123047,76.96990966796875,49.339385986328125
2018-02-02,25.715715408325195,,25.566179275512695,25.24509620666504,68.07323455810547,30.71395492553711,45.51321792602539,23.94326400756836,19.37601661682129,75.88695526123047,48.8673210144043
2018-02-05,24.733198165893555,,24.493576049804688,23.97251319885254,64.98336791992188,29.42958641052246,43.860965728759766,23.324831008911133,19.057485580444336,72.52447509765625,47.21974182128906
2018-02-06,25.54133415222168,,24.687631607055664,24.41104507446289,66.17044067382812,30.275049209594727,44.34455490112305,23.279020309448242,18.773916244506836,73.32799530029297,48.427669525146484
2018-02-07,25.311649322509766,,24.27482032775879,24.428237915039062,66.2926025390625,29.886966705322266,44.151123046875,23.17213249206543,18.6845703125,73.24066162109375,48.279571533203125
2018-02-08,24.422704696655273,,23.540929794311523,23.353429794311523,63.735172271728516,28.6487979888916,43.20006561279297,22.44681167602539,18.474802017211914,70.69914245605469,46.354305267333984
2018-02-09,24.848037719726562,,23.523290634155273,23.800546646118164,64.42473602294922,29.351045608520508,43.28873062133789,22.97362518310547,18.86325454711914,71.70350646972656,46.664398193359375
2018-02-12,25.349937438964844,,23.90787696838379,24.135887145996094,65.46341705322266,29.87772560119629,43.73201370239258,23.034698486328125,19.00698471069336,72.37600708007812,47.29841232299805
2018-02-13,25.2861385345459,,23.8090877532959,24.239070892333984,65.61181640625,29.951648712158203,43.93350601196289,23.202672958374023,19.092445373535156,72.42842864990234,47.5437126159668
2018-02-14,25.62639617919922,,24.154855728149414,24.815170288085938,66.44100189208984,30.50142478942871,43.90932846069336,23.05760383605957,18.87879180908203,73.2493667602539,48.30271530151367
2018-02-15,25.81780433654785,,24.094873428344727,24.952741622924805,67.44477844238281,31.083559036254883,44.634700775146484,23.27138328552246,19.298324584960938,74.06163024902344,48.73311233520508
2018-02-16,25.72422981262207,,24.034896850585938,24.918346405029297,67.46226501464844,31.037355422973633,44.812015533447266,23.42409324645996,19.46923828125,74.59436798095703,48.49708938598633
2018-02-20,25.609392166137695,,23.90434455871582,24.840965270996094,66.78140258789062,31.06507682800293,43.79648971557617,23.18740463256836,19.216747283935547,73.7734146118164,48.348995208740234
2018-02-21,25.52006721496582,,23.502120971679688,24.87535858154297,66.79888153076172,30.866411209106445,43.27260971069336,22.759841918945312,18.96425437927246,73.46772003173828,48.279571533203125
2018-02-22,25.69020652770996,,23.759685516357422,24.66899871826172,67.24403381347656,30.903369903564453,43.38545227050781,23.019433975219727,19.061368942260742,73.35417938232422,48.339744567871094
2018-02-23,26.06875228881836,,24.27482032775879,25.03873062133789,67.80267333984375,31.550180435180664,43.804542541503906,23.43935775756836,19.55858039855957,74.52449798583984,49.015419006347656
2018-02-26,26.183591842651367,,24.419475555419922,25.41706085205078,68.73658752441406,32.044517517089844,44.07858657836914,23.523340225219727,19.500322341918945,75.46774291992188,49.42732238769531
2018-02-27,25.822053909301758,,24.101930618286133,25.176305770874023,67.87248229980469,31.721128463745117,43.498287200927734,23.019433975219727,19.189559936523438,74.68172454833984,48.38138961791992
2018-02-28,25.362693786621094,,23.547983169555664,24.823759078979492,66.90363311767578,31.494733810424805,43.046939849853516,22.988889694213867,19.057485580444336,73.48522186279297,48.16386795043945
2018-03-01,25.103240966796875,,23.5127010345459,24.393844604492188,65.59435272216797,30.97266387939453,42.950225830078125,22.87436294555664,19.061368942260742,72.31488037109375,47.64553451538086
2018-03-02,25.07772445678711,,23.622081756591797,24.454036712646484,65.57688903808594,31.268354415893555,43.31290817260742,22.79801368713379,19.010866165161133,73.04850769042969,47.69181442260742
2018-03-05,25.409482955932617,,23.872596740722656,24.7979736328125,66.3624496459961,31.587139129638672,43.69172668457031,23.118684768676758,19.399320602416992,73.71226501464844,48.26105499267578
2018-03-06,25.69020652770996,,23.886699676513672,24.901155471801758,66.65923309326172,31.65643310546875,43.72395706176758,23.210302352905273,19.13905906677246,73.60746765136719,48.59428024291992
2018-03-07,25.596628189086914,,23.70676612854004,24.8581600189209,66.65052032470703,31.83200454711914,43.32903289794922,23.3095645904541,18.99532699584961,73.9830093383789,48.265689849853516
2018-03-08,25.617895126342773,,23.699703216552734,24.935548782348633,66.9996337890625,31.97059440612793,43.72395706176758,23.492799758911133,19.135175704956055,74.4808349609375,48.418418884277344
2018-03-09,26.081510543823242,,24.151329040527344,25.53744125366211,68.4747314453125,32.57582473754883,44.00604248046875,23.645496368408203,19.189559936523438,75.5550537109375,49.168148040771484
2018-03-12,26.017709732055664,,24.144271850585938,25.451459884643555,67.62808990478516,32.677467346191406,43.92544937133789,23.760026931762695,19.271135330200195,75.23192596435547,49.33013153076172
2018-03-13,25.9113826751709,,23.971384048461914,25.167707443237305,67.29638671875,32.3032341003418,43.893211364746094,23.83637237548828,19.313859939575195,75.32801055908203,48.983028411865234
2018-03-14,25.59237289428711,,23.83025360107422,24.883953094482422,66.56321716308594,32.27552795410156,43.44993209838867,23.88218116760254,19.51197624206543,74.961181640625,48.9228630065918
2018-03-15,25.256362915039062,,23.70676612854004,24.892555236816406,66.75524139404297,32.294002532958984,43.14365768432617,23.88218116760254,19.500322341918945,74.83892822265625,48.8719596862793
2018-03-16,25.254655838012695,,23.91818618774414,24.91412925720215,67.1119384765625,32.26063919067383,43.1590576171875,24.007360458374023,19.671396255493164,74.83890533447266,48.820892333984375
2018-03-19,24.89173698425293,,23.548633575439453,24.73291015625,66.59485626220703,31.621076583862305,42.737586975097656,23.7692928314209,19.55003547668457,73.62944030761719,48.212825775146484
2018-03-20,24.866119384765625,,23.747629165649414,24.793310165405273,66.82269287109375,31.607168197631836,42.61601638793945,23.761608123779297,19.459997177124023,73.73460388183594,48.50062561035156
2018-03-21,25.147912979125977,,24.369476318359375,24.78468132019043,66.90156555175781,31.417163848876953,42.089195251464844,23.546573638916016,19.393451690673828,73.41907501220703,48.463497161865234
2018-03-22,24.39646339416504,,23.871992111206055,23.86992835998535,64.69316101074219,30.60612678527832,41.74068832397461,23.46208953857422,19.47956657409668,71.30687713623047,47.43305206298828
2018-03-23,23.91826629638672,,23.72630500793457,23.14502716064453,63.746673583984375,29.790454864501953,41.22196578979492,23.09345817565918,19.205541610717773,69.82569885253906,46.50007247924805
2018-03-26,24.409269332885742,,24.152725219726562,23.89582061767578,65.28905487060547,30.92127799987793,41.81363296508789,23.408334732055664,19.405187606811523,71.27183532714844,47.87399673461914
2018-03-27,24.16164207458496,,23.9252986907959,23.4298095703125,64.38642883300781,29.92949104309082,41.789310455322266,23.446731567382812,19.68313217163086,70.43043518066406,46.9363899230957
2018-03-28,23.854228973388672,,23.459794998168945,23.472959518432617,64.16732788085938,29.73019790649414,42.36477279663086,23.87681007385254,19.675302505493164,70.80731964111328,46.3654670715332
2018-03-29,24.311067581176758,,23.9537296295166,23.79225730895996,65.10504150390625,30.318782806396484,42.65654373168945,23.869131088256836,19.7810001373291,71.34195709228516,47.01530456542969
2018-04-02,23.781641006469727,,23.47401237487793,23.265838623046875,63.764225006103516,29.59580421447754,41.610992431640625,23.57729148864746,19.62833023071289,69.72052001953125,45.687782287597656
2018-04-03,24.118938446044922,,23.975046157836914,23.585142135620117,64.64935302734375,29.88777732849121,42.162147521972656,23.661773681640625,19.694875717163086,70.78101348876953,46.26799011230469
2018-04-04,24.276914596557617,,23.943063735961914,23.83540916442871,64.92976379394531,30.304885864257812,42.81864929199219,23.938243865966797,19.737939834594727,71.7889404296875,47.117401123046875
2018-04-05,24.729488372802734,,24.373027801513672,24.025266647338867,65.5870361328125,30.430015563964844,42.92400360107422,23.961288452148438,19.894527435302734,71.73631286621094,47.748680114746094
2018-04-06,24.12747573852539,,23.932403564453125,23.44706916809082,63.77296447753906,29.68386459350586,42.48634338378906,23.71552848815918,19.737939834594727,70.0097427368164,46.732154846191406
2018-04-09,24.259836196899414,,24.046113967895508,23.57651710510254,63.58018493652344,29.915584564208984,42.4620246887207,23.707855224609375,19.77708625793457,70.70210266113281,46.620750427246094
2018-04-10,24.75937843322754,,24.842086791992188,23.93033218383789,64.55293273925781,30.652467727661133,42.559288024902344,23.546573638916016,19.624408721923828,71.89409637451172,47.18705368041992
2018-04-11,24.575790405273438,,25.101484298706055,23.64555549621582,64.07971954345703,30.471725463867188,42.47823715209961,23.608009338378906,19.597009658813477,71.30687713623047,47.04315948486328
2018-04-12,24.83622932434082,,25.09792709350586,24.059783935546875,64.99988555908203,30.837846755981445,42.41340255737305,23.331533432006836,19.33864402770996,71.7889404296875,47.247371673583984
2018-04-13,24.81061363220215,,25.375102996826172,23.697330474853516,64.8421401977539,30.73589324951172,42.624122619628906,23.454416275024414,19.491317749023438,71.75386047363281,46.98280715942383
2018-04-16,25.143644332885742,,25.634498596191406,23.800888061523438,65.49065399169922,30.972248077392578,43.08610916137695,23.56192970275879,19.75751495361328,72.32353973388672,47.335575103759766
2018-04-17,25.42970848083496,,25.733997344970703,23.800888061523438,66.04273986816406,31.54692268371582,43.18336868286133,23.87681007385254,19.95716094970703,72.88448333740234,48.217491149902344
2018-04-18,25.613300323486328,,26.139087677001953,23.688703536987305,66.72632598876953,31.46350860595703,42.85917282104492,23.81536865234375,19.882781982421875,72.94580841064453,48.44493103027344
2018-04-19,25.327232360839844,,26.17107391357422,24.05115509033203,66.5422592163086,31.115909576416016,41.619102478027344,23.416013717651367,19.87103843688965,72.33230590820312,48.291744232177734
2018-04-20,25.190608978271484,,26.04669952392578,24.059783935546875,66.25308227539062,30.68491554260254,40.922080993652344,23.208650588989258,19.690963745117188,71.9466781616211,47.79974365234375
2018-04-23,25.118030548095703,,26.20661163330078,24.033899307250977,66.17423248291016,30.573680877685547,40.87344741821289,23.25473403930664,19.70271110534668,72.22714233398438,47.90185546875
2018-04-24,24.439163208007812,,25.92588233947754,23.87855339050293,64.32506561279297,30.040712356567383,40.61409378051758,23.27777099609375,19.8358097076416,71.68373107910156,47.145267486572266
2018-04-25,24.571521759033203,,26.131982803344727,23.861297607421875,64.50910949707031,30.04535484313965,40.687034606933594,23.200977325439453,19.839723587036133,72.00801086425781,47.3401985168457
2018-04-26,24.725229263305664,,26.5122013092041,23.86992835998535,64.27249145507812,30.59221649169922,40.9301872253418,23.50049591064453,20.03936767578125,72.91954040527344,48.1060791015625
2018-04-27,24.661178588867188,,26.23147201538086,23.904451370239258,64.14105987548828,30.536598205566406,41.14901351928711,23.81536865234375,20.242937088012695,73.21751403808594,48.324241638183594
2018-04-30,24.340957641601562,,26.227924346923828,23.688703536987305,63.290977478027344,30.337324142456055,40.8896598815918,23.723207473754883,20.184215545654297,72.09565734863281,48.13392639160156
2018-05-01,24.31961441040039,,26.06802749633789,23.697330474853516,63.00177001953125,30.717357635498047,40.53303909301758,23.892166137695312,20.121578216552734,72.06058502197266,48.198909759521484
2018-05-02,24.26410675048828,,26.174625396728516,23.4298095703125,62.44966506958008,30.68491554260254,39.73874282836914,23.784652709960938,20.102006912231445,71.07025909423828,47.86937713623047
2018-05-03,24.3751163482666,,26.114215850830078,23.2313289642334,62.59865188598633,30.75442886352539,39.698238372802734,23.776973724365234,20.074604034423828,70.43043518066406,47.65584182739258
2018-05-04,24.678260803222656,,26.24213981628418,23.533367156982422,63.32603073120117,31.338369369506836,40.273681640625,24.04576301574707,20.164642333984375,70.99138641357422,48.28246307373047
2018-05-07,24.66971778869629,,26.277673721313477,23.688703536987305,63.746673583984375,31.556198120117188,40.02241897583008,24.091840744018555,20.058944702148438,70.88619232177734,48.44493103027344
2018-05-08,24.618480682373047,,26.48377799987793,23.852663040161133,64.20240020751953,31.625701904296875,39.86032485961914,23.922887802124023,19.5578670501709,70.35155487060547,48.24068832397461
2018-05-09,24.972858428955078,,27.02389144897461,24.206493377685547,64.89471435546875,32.0150032043457,39.91706848144531,24.10719871520996,19.42085075378418,70.7547378540039,48.40779495239258
2018-05-10,25.152179718017578,,27.2264404296875,24.404972076416016,65.33289337158203,32.4321174621582,40.15210723876953,24.329923629760742,19.694875717163086,71.7012710571289,48.58417510986328
2018-05-11,25.143644332885742,,27.265541076660156,24.387712478637695,65.47312927246094,32.38576126098633,40.15210723876953,24.214725494384766,19.722280502319336,72.77050018310547,48.68628692626953
2018-05-14,25.241849899291992,,27.45386505126953,24.37044906616211,65.35919189453125,32.38113021850586,40.13589859008789,24.04576301574707,19.64790153503418,73.2525634765625,48.77912139892578
2018-05-15,25.164989471435547,,27.46096420288086,24.327301025390625,65.14012145996094,32.07526397705078,39.981903076171875,23.63873863220215,19.483484268188477,72.30599975585938,48.49598693847656
2018-05-16,25.4638614654541,,27.556913375854492,24.37044906616211,65.37670135498047,32.21892166137695,40.26557922363281,23.57729148864746,19.330814361572266,72.70917510986328,48.899818420410156
2018-05-17,25.523637771606445,,27.97266387939453,24.318674087524414,65.630859375,32.05207824707031,40.40335464477539,23.454416275024414,19.174222946166992,72.7354507446289,48.73735427856445
2018-05-18,25.55779457092285,,27.755905151367188,24.120197296142578,66.01644134521484,31.91768455505371,40.15210723876953,23.469772338867188,19.178138732910156,72.91954040527344,48.67702102661133
2018-05-21,25.69441795349121,,28.040176391601562,24.292787551879883,67.01551055908203,32.19574737548828,40.32231140136719,23.707855224609375,19.27600860595703,72.98963928222656,48.946224212646484
2018-05-22,25.480937957763672,,27.66706657409668,24.456754684448242,66.19173431396484,32.14939880371094,40.249366760253906,23.738571166992188,19.346467971801758,72.84940338134766,48.72806167602539
2018-05-23,25.421167373657227,,27.66351890563965,24.301420211791992,66.1303939819336,32.38576126098633,40.39524841308594,23.930564880371094,19.522628784179688,73.08601379394531,49.080833435058594
2018-05-24,25.331510543823242,,27.208681106567383,24.11156463623047,66.45465087890625,32.34869384765625,40.362831115722656,23.83841323852539,19.68313217163086,72.79681396484375,49.187583923339844
2018-05-25,25.19487762451172,,26.501544952392578,24.033899307250977,66.33195495605469,32.32550811767578,40.427669525146484,23.953603744506836,19.769258499145508,72.69163513183594,49.26184844970703
2018-05-29,24.75937843322754,,26.419809341430664,23.2313289642334,65.27156829833984,32.14939880371094,40.33852005004883,24.015047073364258,19.769258499145508,71.9466781616211,48.8812370300293
2018-05-30,25.04970932006836,,27.21933364868164,23.6541805267334,66.19173431396484,32.38576126098633,40.90587615966797,24.329923629760742,19.92976188659668,73.02467346191406,49.32683563232422
2018-05-31,24.840499877929688,,27.01323890686035,23.455703735351562,65.23651123046875,32.39503860473633,40.249366760253906,24.253122329711914,19.96108055114746,72.22714233398438,49.09012222290039
2018-06-01,25.22049331665039,,27.141157150268555,23.714590072631836,65.95511627197266,32.9465446472168,40.249366760253906,24.352962493896484,19.655731201171875,73.05975341796875,49.45216369628906
2018-06-04,25.36566162109375,,26.906627655029297,23.79225730895996,65.85872650146484,33.210693359375,40.5816650390625,24.59103775024414,19.499143600463867,73.33143615722656,50.00453567504883
2018-06-05,25.55779457092285,,26.842660903930664,23.688703536987305,65.93759155273438,33.326568603515625,40.39524841308594,24.468168258666992,19.397363662719727,73.18244934082031,50.296939849853516
2018-06-06,26.031719207763672,,26.97060203552246,24.120197296142578,66.48970031738281,33.54438400268555,40.44389343261719,24.53727912902832,18.9354248046875,74.00628662109375,50.76576614379883
2018-06-07,25.89935874938965,,27.379241943359375,24.197860717773438,66.77012634277344,33.27559280395508,40.69513702392578,24.53727912902832,19.068531036376953,74.1026840209961,50.914283752441406
2018-06-08,25.971940994262695,,27.32594108581543,24.232376098632812,66.9892349243164,33.219974517822266,41.19764709472656,24.621761322021484,19.060693740844727,74.53217315673828,51.021034240722656
2018-06-11,26.0103759765625,,27.468080520629883,24.18059539794922,67.12068176269531,33.257049560546875,41.538055419921875,24.614078521728516,19.02155113220215,74.6723861694336,51.22528076171875
2018-06-12,26.044532775878906,,27.258411407470703,24.120197296142578,67.05055236816406,33.41925048828125,41.619102478027344,24.7523136138916,19.24077606201172,74.62855529785156,51.471282958984375
2018-06-13,25.762733459472656,,27.15538215637207,24.033899307250977,66.51599884033203,33.247779846191406,41.48942565917969,24.199365615844727,19.18988037109375,74.6460952758789,51.55018615722656
2018-06-14,25.801162719726562,,27.116287231445312,23.809520721435547,66.26184844970703,33.4841423034668,41.56236267089844,24.429763793945312,19.42868423461914,75.03173828125,52.08861541748047
2018-06-15,25.621009826660156,,26.53388023376465,23.808656692504883,66.09644317626953,33.35624694824219,42.0965461730957,24.390254974365234,19.566919326782227,75.1777572631836,52.174259185791016
2018-06-18,25.556663513183594,,26.798612594604492,23.76531219482422,65.82364654541016,33.39344024658203,41.483970642089844,24.367021560668945,19.630115509033203,74.45641326904297,52.085838317871094
2018-06-19,25.089113235473633,46.472137451171875,26.737791061401367,23.704641342163086,64.43346405029297,33.22135925292969,41.70449447631836,24.39800262451172,19.823644638061523,74.64993286132812,52.02067947387695
2018-06-20,25.00760841369629,47.048858642578125,26.85584259033203,23.64398765563965,64.47742462158203,33.29112243652344,41.745323181152344,24.661344528198242,19.839447021484375,74.80831146240234,52.26732635498047
2018-06-21,24.741662979125977,46.760494232177734,26.358579635620117,23.574642181396484,63.667930603027344,33.03533172607422,41.8270149230957,24.808509826660156,19.906593322753906,74.3772201538086,51.895023345947266
2018-06-22,25.101974487304688,46.96513366699219,26.88446617126465,23.461965560913086,63.88791275024414,32.92835235595703,42.17005157470703,25.02538299560547,20.04483413696289,74.71154022216797,51.80659103393555
2018-06-25,24.711633682250977,45.997745513916016,26.344276428222656,23.21061897277832,63.078453063964844,32.24467468261719,42.38241195678711,24.963415145874023,20.376609802246094,74.02536010742188,50.680362701416016
2018-06-26,24.806007385253906,46.07402801513672,26.676982879638672,23.132610321044922,63.31602096557617,32.37490463256836,42.202728271484375,25.095090866088867,20.400310516357422,73.7966537475586,51.04336166381836
2018-06-27,24.728796005249023,45.672176361083984,27.03472328186035,22.846599578857422,62.8056755065918,31.93306541442871,42.112884521484375,25.02538299560547,20.499052047729492,73.17207336425781,50.38250732421875
2018-06-28,24.82316017150879,46.12797164916992,26.99894142150879,23.045948028564453,62.89369201660156,32.3237419128418,42.112884521484375,25.273235321044922,20.49115562438965,73.26885986328125,50.77810287475586
2018-06-29,24.908954620361328,46.0721549987793,27.167085647583008,23.045948028564453,63.02565002441406,32.30978012084961,42.08837890625,25.335195541381836,20.52275276184082,73.41841125488281,50.86653518676758
2018-07-02,24.77597999572754,46.36051559448242,26.76641845703125,23.15861701965332,63.16642761230469,32.598148345947266,41.84334945678711,25.18804168701172,20.66889190673828,73.64710235595703,50.93632888793945
2018-07-03,24.73308753967285,45.7931022644043,26.934547424316406,22.950603485107422,62.96406936645508,32.21212387084961,41.94135284423828,25.335195541381836,20.728134155273438,73.82302856445312,50.680362701416016
2018-07-05,24.94755744934082,46.49073791503906,26.905929565429688,23.002605438232422,63.27203369140625,32.66789245605469,42.52125930786133,25.668249130249023,20.83873176574707,74.58836364746094,50.93167495727539
2018-07-06,25.071950912475586,47.225589752197266,27.070491790771484,23.115280151367188,63.49198913574219,33.04927444458008,42.65195083618164,25.776683807373047,21.000669479370117,75.66157531738281,51.33189392089844
2018-07-09,25.295005798339844,47.495338439941406,27.474748611450195,23.64398765563965,64.67103576660156,33.30042266845703,42.48860168457031,25.536575317382812,20.3529109954834,76.21578216552734,51.94621658325195
2018-07-10,25.50948143005371,47.475807189941406,27.678665161132812,23.557310104370117,64.8734130859375,33.37949752807617,42.994991302490234,25.66050148010254,20.546451568603516,76.50605773925781,52.05791091918945
2018-07-11,25.080530166625977,47.41162109375,27.091962814331055,23.44463348388672,63.80873489379883,33.249263763427734,42.85615158081055,25.583053588867188,20.73208236694336,75.89909362792969,51.936912536621094
2018-07-12,25.140586853027344,48.1557731628418,27.13846778869629,23.48797035217285,64.5566177368164,33.774810791015625,42.79897689819336,25.645021438598633,20.747882843017578,76.74359893798828,52.281280517578125
2018-07-13,25.127716064453125,48.081363677978516,27.281566619873047,23.383960723876953,64.8909912109375,33.73760986328125,43.0766716003418,25.559812545776367,20.751829147338867,76.88433837890625,52.397640228271484
2018-07-16,24.926111221313477,47.94183349609375,26.966745376586914,23.79998207092285,64.62702178955078,33.65853500366211,42.87248229980469,25.42039680480957,20.73208236694336,76.41810607910156,52.527950286865234
2018-07-17,25.252107620239258,47.951133728027344,26.859424591064453,23.82598876953125,64.8821792602539,33.90970230102539,43.240020751953125,25.249998092651367,20.71628761291504,76.84036254882812,52.579139709472656
2018-07-18,25.016189575195312,47.81161880493164,26.877309799194336,24.207340240478516,65.59490203857422,33.8538818359375,42.888816833496094,25.157045364379883,20.60964012145996,76.90193176269531,52.546566009521484
2018-07-19,25.106264114379883,47.47674560546875,26.88446617126465,23.84331703186035,65.56848907470703,33.73295211791992,42.913326263427734,25.39716339111328,20.799232482910156,76.47090148925781,52.42556381225586
2018-07-20,25.003326416015625,47.31861114501953,26.791452407836914,23.886661529541016,65.49813079833984,33.74226760864258,43.1746940612793,25.172544479370117,20.653091430664062,76.32135009765625,52.19285583496094
2018-07-23,24.866060256958008,47.513954162597656,26.67340087890625,24.21601104736328,65.09336853027344,33.91433334350586,42.9051513671875,25.102834701538086,20.506956100463867,76.47969055175781,52.137020111083984
2018-07-24,25.187767028808594,47.848819732666016,27.00968360900879,24.285343170166016,65.36613464355469,34.100399017333984,42.98683166503906,25.033130645751953,20.57805061340332,77.17463684082031,51.98344421386719
2018-07-25,25.38508415222168,48.192989349365234,27.235057830810547,24.33734703063965,66.36038208007812,34.52826690673828,43.313541412353516,25.280982971191406,20.637290954589844,78.15985870361328,52.365074157714844
2018-07-26,25.530929565429688,46.37539291381836,27.531984329223633,24.328678131103516,66.8707275390625,33.99805450439453,43.54224395751953,25.366180419921875,20.85847282409668,77.9399642944336,52.09048080444336
2018-07-27,25.436559677124023,45.49544143676758,27.41392707824707,24.380687713623047,66.87952423095703,33.41670608520508,43.59941482543945,25.133821487426758,20.79133415222168,77.37696075439453,51.95552062988281
2018-07-30,25.389375686645508,44.77919387817383,27.63930320739746,24.398021697998047,66.2196044921875,32.89580154418945,43.55039978027344,25.11058235168457,20.664941787719727,77.42093658447266,51.54132843017578
2018-07-31,25.621009826660156,45.076847076416016,27.589223861694336,24.224681854248047,67.68020629882812,32.984161376953125,43.75459289550781,25.598533630371094,20.85057830810547,78.23025512695312,51.783329010009766
2018-08-01,25.359350204467773,44.89082336425781,27.20642852783203,24.224681854248047,66.76514434814453,33.281822204589844,43.38704299926758,25.768939971923828,20.71628761291504,78.24784851074219,51.52737045288086
2018-08-02,25.192054748535156,45.18848419189453,27.05617904663086,24.23334312438965,66.67716217041016,33.70039749145508,43.82810592651367,25.645021438598633,20.818979263305664,78.53814697265625,51.88105392456055
2018-08-03,25.432270050048828,45.49544143676758,26.916667938232422,24.37201690673828,66.73873901367188,33.821327209472656,44.34266662597656,25.978071212768555,21.052013397216797,79.00435638427734,52.05791091918945
2018-08-06,25.42368507385254,45.95124053955078,27.016836166381836,24.50202751159668,66.83551788330078,34.00271224975586,44.383506774902344,25.923851013183594,21.067806243896484,79.1451187133789,52.40694046020508
2018-08-07,25.50948143005371,46.00703048706055,27.217164993286133,24.614694595336914,67.31065368652344,34.13294219970703,44.11397171020508,25.869630813598633,21.036216735839844,79.1539306640625,52.64895248413086
2018-08-08,25.40224266052246,45.969844818115234,27.020410537719727,24.67536163330078,67.01148986816406,34.22596740722656,43.77909851074219,25.706974029541016,20.92562484741211,79.2770767211914,52.70478820800781
2018-08-09,25.539501190185547,46.220985412597656,26.769987106323242,24.528026580810547,66.6419448852539,34.239891052246094,43.64841079711914,25.753446578979492,21.020416259765625,79.1891098022461,52.900245666503906
2018-08-10,25.170610427856445,45.8303108215332,26.934547424316406,24.24201202392578,66.05243682861328,33.96550369262695,43.48505783081055,25.505598068237305,20.929574966430664,78.8460464477539,52.458133697509766
2018-08-13,24.917531967163086,45.76519012451172,26.59111785888672,24.00800323486328,65.73568725585938,33.91899871826172,43.48505783081055,25.497846603393555,20.957223892211914,78.87244415283203,52.19285583496094
2018-08-14,25.127716064453125,46.09075927734375,26.65550994873047,24.23334312438965,66.19322204589844,34.12828063964844,43.787269592285156,25.598533630371094,21.000669479370117,79.24188995361328,52.70012283325195
2018-08-15,24.728796005249023,45.44893264770508,25.725378036499023,24.042665481567383,65.87645721435547,33.821327209472656,43.96695327758789,25.823163986206055,21.1942081451416,79.10993194580078,52.05791091918945
2018-08-16,24.878925323486328,45.430320739746094,25.911405563354492,24.363351821899414,66.71234893798828,33.97016525268555,44.595882415771484,26.024534225463867,21.42328453063965,79.88407135009766,52.313873291015625
2018-08-17,25.063373565673828,45.21638107299805,25.975797653198242,24.41535186767578,67.11709594726562,34.02131271362305,44.93892288208008,26.27239227294922,21.533884048461914,80.13037872314453,52.36040496826172
2018-08-20,25.23924446105957,45.290802001953125,26.151092529296875,24.493356704711914,67.5658187866211,33.97016525268555,44.91442108154297,26.303367614746094,21.458837509155273,80.394287109375,52.73270797729492
2018-08-21,25.337894439697266,45.56985855102539,26.283456802368164,24.588695526123047,68.06734466552734,34.025970458984375,44.595882415771484,26.06326675415039,21.304794311523438,80.394287109375,53.15156173706055
2018-08-22,25.209209442138672,45.5140380859375,26.598278045654297,24.50202751159668,67.40744018554688,34.12828063964844,44.31816482543945,25.900604248046875,21.146804809570312,80.47346496582031,53.2074089050293
2018-08-23,25.037641525268555,45.3280029296875,26.473068237304688,24.389352798461914,67.21387481689453,34.202701568603516,44.21198272705078,25.838647842407227,21.131004333496094,80.44705200195312,53.156219482421875
2018-08-24,25.363637924194336,45.98843765258789,26.66624641418457,24.476016998291016,67.50421905517578,34.546875,44.154815673828125,26.016794204711914,21.22185516357422,80.8341293334961,53.4680290222168
2018-08-27,25.711082458496094,46.43492889404297,26.862995147705078,24.805374145507812,68.35770416259766,34.863121032714844,44.1793327331543,25.978071212768555,21.091516494750977,81.1244125366211,53.81241226196289
2018-08-28,25.6124210357666,46.230289459228516,26.748519897460938,24.779373168945312,68.21692657470703,34.92359161376953,44.032291412353516,26.295631408691406,21.048059463500977,81.16841125488281,53.9194450378418
2018-08-29,25.805450439453125,46.49073791503906,26.9130802154541,24.770708084106445,68.26972198486328,35.239845275878906,44.081302642822266,26.25690269470215,21.202102661132812,81.69623565673828,54.52444076538086
2018-08-30,25.500904083251953,46.20237731933594,26.83795738220215,24.580026626586914,67.79462432861328,35.13288879394531,43.94245529174805,26.11748695373535,21.210004806518555,81.63462829589844,54.2126350402832
2018-08-31,25.42368507385254,45.746585845947266,26.630470275878906,24.554031372070312,67.83857727050781,35.16078186035156,43.926116943359375,26.218170166015625,21.119159698486328,81.61702728271484,54.42670440673828
2018-09-04,25.247819900512695,45.179176330566406,26.57322120666504,24.67536163330078,67.78579711914062,35.02591323852539,43.86894226074219,25.985815048217773,21.213947296142578,80.96604919433594,54.529109954833984
2018-09-05,25.41510772705078,44.593162536621094,26.537452697753906,24.692705154418945,68.26972198486328,34.58873748779297,44.37535095214844,26.148462295532227,21.51018524169922,81.29157257080078,53.94270706176758
2018-09-06,25.466581344604492,44.25829315185547,26.04734992980957,24.580026626586914,68.48091125488281,34.33758544921875,44.49785232543945,26.233661651611328,21.632627487182617,81.29157257080078,53.79379653930664
2018-09-07,25.299293518066406,44.35130310058594,26.043771743774414,24.554031372070312,68.26972198486328,34.2213020324707,44.408016204833984,25.900604248046875,21.36798858642578,81.41472625732422,53.78914260864258
2018-09-10,25.329317092895508,44.44432830810547,26.03304672241211,24.528026580810547,68.62166595458984,34.328269958496094,44.56319046020508,26.04002571105957,21.474634170532227,81.2035903930664,53.989253997802734
2018-09-11,25.38079071044922,44.89082336425781,26.27987289428711,24.554031372070312,68.60408020019531,34.62129211425781,44.399845123291016,26.047779083251953,21.41933250427246,81.1332015991211,54.422061920166016
2018-09-12,25.393661499023438,44.76058578491211,26.415821075439453,24.328678131103516,68.81526184082031,34.477108001708984,44.91442108154297,26.07101058959961,21.399587631225586,81.53785705566406,54.52444076538086
2018-09-13,25.492319107055664,45.076847076416016,26.42656135559082,24.294015884399414,69.22880554199219,34.88173294067383,44.84907150268555,26.233661651611328,21.561532974243164,82.54950714111328,54.617530822753906
2018-09-14,25.48374366760254,44.99314498901367,26.566078186035156,24.46735382080078,69.57196044921875,34.85382080078125,44.726558685302734,26.009052276611328,21.446985244750977,82.27681732177734,54.41275405883789
2018-09-17,25.57381820678711,44.555946350097656,26.609006881713867,24.363351821899414,69.59832000732422,34.4166374206543,44.8899040222168,26.15621566772461,21.518081665039062,81.97772979736328,53.73794937133789
2018-09-18,25.59955596923828,44.87221908569336,26.7842960357666,24.484689712524414,70.23184967041016,34.63523864746094,44.70204544067383,26.00130271911621,21.478578567504883,82.45272827148438,54.422061920166016
2018-09-19,25.878372192382812,44.99314498901367,26.866580963134766,24.900711059570312,70.17025756835938,34.546875,44.62038040161133,25.753446578979492,21.01251792907715,82.33837127685547,54.44532775878906
2018-09-20,26.15718650817871,45.486141204833984,26.87373924255371,25.11739730834961,70.27582550048828,34.956153869628906,45.18395233154297,25.947084426879883,21.055967330932617,83.13890838623047,54.8176383972168
2018-09-21,26.100732803344727,45.282806396484375,27.05131721496582,25.01988983154297,70.73027801513672,34.81801223754883,45.2563362121582,25.947084426879883,21.1456356048584,83.25104522705078,54.57537841796875
2018-09-24,25.734384536743164,45.282806396484375,27.44753646850586,24.741304397583008,69.51904296875,34.99068832397461,44.56541061401367,25.43831443786621,20.958328247070312,83.4188232421875,54.22063064575195
2018-09-25,25.600784301757812,45.30146408081055,27.624032974243164,24.645549774169922,69.30683898925781,34.94867706298828,44.302188873291016,25.414838790893555,20.6713924407959,83.1627197265625,54.44935607910156
2018-09-26,25.346498489379883,45.478668212890625,27.357481002807617,24.349563598632812,69.26263427734375,34.81801223754883,44.351531982421875,25.133056640625,20.468141555786133,83.34819030761719,54.57537841796875
2018-09-27,25.126689910888672,45.87040710449219,27.357481002807617,24.262502670288086,69.3598861694336,35.02334976196289,44.2939567565918,25.21133041381836,20.679357528686523,83.77207946777344,54.762107849121094
2018-09-28,24.967222213745117,45.70253372192383,27.28185272216797,24.010038375854492,69.31568145751953,35.15401077270508,44.359764099121094,25.5244197845459,20.98223876953125,84.0281753540039,54.71541213989258
2018-10-01,25.21719741821289,45.51598358154297,27.66006088256836,24.105804443359375,69.92572784423828,35.322017669677734,44.32685852050781,25.3287410736084,20.910503387451172,84.44324493408203,54.54738235473633
2018-10-02,25.324947357177734,45.478668212890625,27.68887710571289,24.105804443359375,70.08487701416016,35.326683044433594,44.58184051513672,25.250465393066406,21.193449020385742,84.34611511230469,53.80986785888672
2018-10-03,25.143932342529297,45.68387222290039,27.91220474243164,24.3321533203125,70.37664031982422,35.43401336669922,44.10477066040039,24.96086311340332,20.938398361206055,84.18717956542969,53.62782669067383
2018-10-04,25.027565002441406,45.030967712402344,27.796934127807617,24.4975528717041,70.14675903320312,34.7946662902832,43.99785232543945,24.843446731567383,21.049983978271484,83.3658676147461,52.78763198852539
2018-10-05,24.842239379882812,44.60193634033203,27.793338775634766,24.375675201416016,69.78427124023438,34.35601043701172,43.95671081542969,24.85127830505371,21.372791290283203,83.26872253417969,52.390869140625
2018-10-08,24.829307556152344,44.45270538330078,27.771724700927734,24.541078567504883,69.96109771728516,33.96868133544922,44.56541061401367,25.17219352722168,21.5521240234375,83.23340606689453,52.5262336730957
2018-10-09,24.006120681762695,44.42471694946289,28.0202693939209,24.4453182220459,68.88246154785156,34.09001541137695,44.46669387817383,25.2582950592041,21.639801025390625,83.37467956542969,52.37220001220703
2018-10-10,23.376876831054688,42.671226501464844,27.141374588012695,23.68793296813965,66.6633071899414,32.438011169433594,43.932037353515625,24.859106063842773,21.520244598388672,81.40532684326172,50.6077880859375
2018-10-11,23.1053524017334,42.30747985839844,26.222848892211914,22.98278045654297,64.90389251708984,32.027347564697266,42.846290588378906,24.13117790222168,21.125703811645508,79.20641326904297,49.716251373291016
2018-10-12,23.170000076293945,43.24951171875,26.294889450073242,23.008895874023438,65.33711242675781,33.05400848388672,43.08481979370117,24.115528106689453,21.101795196533203,80.4250717163086,50.63579559326172
2018-10-15,23.092422485351562,43.081626892089844,26.07516098022461,22.904428482055664,65.46086883544922,32.51267623901367,43.34803771972656,24.264244079589844,21.201427459716797,79.86871337890625,50.51909637451172
2018-10-16,23.46306800842285,44.21951675415039,26.291284561157227,23.287479400634766,66.5660400390625,33.49268341064453,43.83333969116211,24.71822166442871,21.42060661315918,82.05885314941406,51.53201675415039
2018-10-17,23.31222915649414,44.3967399597168,26.125593185424805,23.52252769470215,66.07976531982422,33.338687896728516,44.038978576660156,24.647777557373047,21.38076400756836,82.49156951904297,51.10724639892578
2018-10-18,23.04932403564453,43.58528137207031,25.99592399597168,23.130773544311523,64.9392318725586,32.68534851074219,43.98139572143555,24.655603408813477,21.412643432617188,81.55545806884766,50.12700653076172
2018-10-19,22.885549545288086,43.57595443725586,25.765390396118164,23.21782684326172,64.70052337646484,32.671329498291016,44.98489761352539,24.90607452392578,21.747400283813477,80.81367492675781,49.63689041137695
2018-10-22,22.70452880859375,43.54798126220703,25.48082733154297,22.721614837646484,64.4794921875,32.9420166015625,44.64764404296875,24.553848266601562,21.607921600341797,80.15132141113281,49.83761215209961
2018-10-23,22.480417251586914,43.454708099365234,24.814449310302734,22.538795471191406,63.418540954589844,32.81601333618164,44.84506607055664,24.710390090942383,21.488359451293945,79.71858978271484,49.84693908691406
2018-10-24,21.7692813873291,41.38410568237305,23.834693908691406,21.97292709350586,61.27009963989258,31.346006393432617,45.03425216674805,25.0,22.01042938232422,77.08689880371094,48.357933044433594
2018-10-25,22.049428939819336,42.75518035888672,24.1264591217041,22.312450408935547,61.703330993652344,32.42401885986328,45.14117431640625,25.297428131103516,21.667694091796875,78.08482360839844,49.81893539428711
2018-10-26,21.920129776000977,41.598628997802734,23.946353912353516,21.990339279174805,61.09328079223633,31.775346755981445,44.277503967285156,24.639949798583984,21.26917266845703,77.20171356201172,48.26924133300781
2018-10-29,21.868410110473633,40.95506286621094,23.499706268310547,22.181861877441406,60.076534271240234,31.238689422607422,44.7874870300293,25.046958923339844,21.568063735961914,77.39601135253906,47.844478607177734
2018-10-30,22.368358612060547,42.074310302734375,24.043615341186523,22.56491470336914,61.31431198120117,31.588682174682617,45.67582702636719,25.4617977142334,21.651756286621094,78.22611236572266,48.56330490112305
2018-10-31,22.67436408996582,42.94171142578125,24.191299438476562,22.878314971923828,61.782901763916016,32.340003967285156,45.24810791015625,25.117399215698242,21.396703720092773,78.33209991455078,49.18878173828125
2018-11-01,23.31222915649414,43.19355773925781,24.3966121673584,22.98278045654297,62.87038040161133,32.7180061340332,45.56890106201172,25.21133041381836,21.301055908203125,79.32120513916016,50.19236373901367
2018-11-02,23.25619888305664,42.75518035888672,24.335378646850586,22.965368270874023,62.76426696777344,32.07867431640625,45.33036804199219,25.0,21.181501388549805,78.82666778564453,50.39774703979492
2018-11-05,23.32515525817871,42.577964782714844,24.742412567138672,23.331005096435547,63.09141540527344,32.046016693115234,45.897926330566406,25.414838790893555,21.480392456054688,79.52432250976562,50.46774673461914
2018-11-06,23.7087345123291,42.82978820800781,24.8576717376709,23.452880859375,63.75450897216797,32.24666213989258,46.177589416503906,25.555727005004883,21.623855590820312,79.93053436279297,50.69180679321289
2018-11-07,24.135414123535156,43.6132698059082,25.26470947265625,23.757577896118164,64.7889404296875,33.19401550292969,46.4407958984375,25.83750343322754,21.870941162109375,82.27963256835938,52.06412887573242
2018-11-08,24.031978607177734,43.202884674072266,24.717195510864258,23.82722282409668,64.68286895751953,33.166011810302734,46.465476989746094,25.892290115356445,21.835079193115234,82.32379913330078,52.078128814697266
2018-11-09,23.695804595947266,42.316810607910156,24.673965454101562,23.60957908630371,64.02859497070312,32.592002868652344,46.736915588378906,25.923601150512695,21.866958618164062,82.0853271484375,51.35462188720703
2018-11-12,23.346702575683594,41.68257522583008,24.1624813079834,23.139482498168945,62.76426696777344,31.444013595581055,46.490150451660156,25.9783935546875,21.85500144958496,80.97261047363281,50.32304000854492
2018-11-13,23.277748107910156,41.5519905090332,23.607770919799805,23.270063400268555,63.0472297668457,31.48134422302246,46.38322067260742,26.033184051513672,21.946659088134766,80.40743255615234,50.299720764160156
2018-11-14,23.251890182495117,41.757198333740234,23.56814193725586,22.956666946411133,62.83500671386719,31.103342056274414,46.07065200805664,26.025352478027344,21.719505310058594,79.76273345947266,49.9216194152832
2018-11-15,23.570819854736328,42.06496810913086,23.913938522338867,23.29617691040039,63.66610336303711,31.882675170898438,45.996620178222656,25.82184600830078,21.54016876220703,80.46922302246094,49.84693908691406
2018-11-16,23.807863235473633,41.85977554321289,24.198497772216797,23.32229995727539,63.64842224121094,31.831356048583984,46.11177062988281,26.189725875854492,21.870941162109375,81.28170776367188,49.650901794433594
2018-11-19,23.46738052368164,40.5912971496582,24.191299438476562,23.31359100341797,62.640499114990234,30.618009567260742,46.03775405883789,26.260169982910156,21.966585159301758,80.24846649169922,48.43727493286133
2018-11-20,23.040708541870117,40.059661865234375,23.398847579956055,22.799962997436523,61.34082794189453,29.960012435913086,45.27279281616211,25.91577911376953,21.874927520751953,79.4978256225586,47.34035873413086
2018-11-21,23.226028442382812,40.53533935546875,23.766254425048828,22.817373275756836,61.774070739746094,30.179344177246094,44.91087341308594,25.900121688842773,21.5521240234375,79.04743194580078,47.83513259887695
2018-11-23,22.976049423217773,40.003700256347656,23.020631790161133,22.634557723999023,61.65029525756836,29.904008865356445,45.06714630126953,25.806198120117188,21.56407928466797,79.16221618652344,47.620418548583984
2018-11-26,23.238964080810547,40.91775131225586,23.36642837524414,23.0959529876709,62.101200103759766,30.5806827545166,45.12472915649414,25.860979080200195,21.691608428955078,79.93053436279297,48.68933868408203
2018-11-27,22.954504013061523,41.0483283996582,23.301597595214844,23.113365173339844,61.9951057434082,30.64134407043457,45.52777099609375,26.00187873840332,21.85500144958496,80.76068115234375,48.834041595458984
2018-11-28,23.307918548583984,41.90642166137695,23.7014217376709,23.557348251342773,63.48044967651367,31.714670181274414,45.90614318847656,26.21320915222168,21.839059829711914,82.7035140991211,50.27638244628906
2018-11-29,23.476003646850586,42.046329498291016,23.856311798095703,23.35711669921875,63.515804290771484,31.406673431396484,45.98016357421875,26.2445125579834,21.831090927124023,82.97725677490234,50.042999267578125
2018-11-30,23.536338806152344,41.98103332519531,23.813085556030273,23.479000091552734,64.13469696044922,31.705352783203125,46.276283264160156,26.49498748779297,22.153888702392578,84.66401672363281,50.40708923339844
2018-12-03,23.95009422302246,42.046329498291016,24.34258270263672,23.62699317932129,64.87736511230469,32.40534591674805,46.31742477416992,26.62022590637207,22.3770694732666,84.25776672363281,51.3499641418457
2018-12-04,23.238964080810547,40.80583572387695,23.643781661987305,22.5997314453125,62.1188850402832,31.178014755249023,45.536006927490234,26.267995834350586,22.393009185791016,82.37679290771484,49.501529693603516
2018-12-06,22.924335479736328,41.26285171508789,23.207942962646484,22.286331176757812,61.774070739746094,31.248014450073242,45.585350036621094,26.988096237182617,22.416919708251953,82.06768798828125,49.73958206176758
2018-12-07,22.3726749420166,40.4793815612793,23.078264236450195,21.859758377075195,60.14726257324219,30.14667510986328,45.00957107543945,26.581085205078125,22.500614166259766,79.97467803955078,48.250579833984375
2018-12-10,22.433008193969727,40.787166595458984,22.71806526184082,21.55506134033203,60.297584533691406,30.562009811401367,45.00957107543945,26.47933578491211,22.54444694519043,80.28378295898438,48.28791427612305
2018-12-11,22.359745025634766,40.82448196411133,22.725269317626953,21.34613037109375,59.94392776489258,30.599346160888672,45.37971878051758,26.52630043029785,22.6361083984375,80.53103637695312,48.30658721923828
2018-12-12,22.553682327270508,41.26285171508789,22.81531524658203,21.468006134033203,60.279884338378906,30.837343215942383,45.322147369384766,26.025352478027344,22.49263572692871,81.21988677978516,48.81536865234375
2018-12-13,22.2907772064209,41.076316833496094,22.887357711791992,21.311304092407227,60.11190414428711,30.888687133789062,45.6017951965332,26.205385208129883,22.687915802001953,81.29937744140625,48.572635650634766
2018-12-14,22.11838722229004,40.67524719238281,22.36506462097168,21.10236358642578,59.28083801269531,30.132678985595703,44.828617095947266,26.15841293334961,22.644075393676758,78.56172180175781,47.7651252746582
2018-12-17,21.739118576049805,39.882442474365234,21.958032608032227,20.8934326171875,58.30827331542969,29.49334144592285,43.792205810546875,25.180017471313477,21.91478157043457,76.99860382080078,46.551513671875
2018-12-18,21.859790802001953,40.059661865234375,21.43933868408203,20.815086364746094,58.600040435791016,29.726682662963867,43.27401351928711,25.430490493774414,21.767330169677734,76.32744598388672,46.915592193603516
2018-12-19,21.562408447265625,39.20157241821289,21.187196731567383,20.553916931152344,57.49488830566406,29.138675689697266,42.85451126098633,25.195674896240234,21.73145866394043,75.32952117919922,45.98671340942383
2018-12-20,21.273645401000977,38.51136779785156,20.600065231323242,20.371105194091797,56.442771911621094,28.616010665893555,42.08955001831055,24.890411376953125,21.719505310058594,74.26976776123047,44.955135345458984
2018-12-21,21.08233642578125,37.25186538696289,20.400096893310547,19.963762283325195,55.37704849243164,27.746585845947266,41.652915954589844,24.50951385498047,21.626665115356445,73.3471908569336,43.936397552490234
2018-12-24,20.5357608795166,36.465843200683594,19.574785232543945,19.543292999267578,53.67793655395508,27.00605010986328,40.44932174682617,23.606735229492188,20.722370147705078,71.59066772460938,43.1022834777832
2018-12-26,21.455406188964844,38.51512145996094,20.79275894165039,20.42804527282715,56.177677154541016,28.63710594177246,41.57822036743164,24.35904312133789,21.00370979309082,74.71334075927734,45.65617370605469
2018-12-27,21.850160598754883,38.69290542602539,20.901826858520508,20.673307418823242,56.88045120239258,28.84333038330078,41.976646423339844,24.414478302001953,21.180545806884766,75.53838348388672,45.89984130859375
2018-12-28,21.733034133911133,38.571258544921875,20.74185562133789,20.664554595947266,56.729217529296875,28.777708053588867,41.976646423339844,24.50159454345703,21.23279571533203,75.6270980834961,45.90452575683594
2018-12-31,21.915224075317383,38.627403259277344,20.850929260253906,20.86603355407715,57.2985725402832,29.049551010131836,42.15096664428711,24.549104690551758,21.268966674804688,76.74485778808594,46.39657974243164
2019-01-02,22.02801513671875,39.14207077026367,21.261768341064453,21.041223526000977,57.59212875366211,29.068302154541016,41.90194320678711,23.98685073852539,20.903228759765625,75.58271789550781,46.748023986816406
2019-01-03,21.403350830078125,38.48704147338867,21.050891876220703,20.568191528320312,55.83962631225586,27.60129165649414,41.661224365234375,24.097715377807617,20.899211883544922,74.04800415039062,45.73583221435547
2019-01-04,22.244909286499023,40.14330291748047,21.767135620117188,21.251468658447266,57.95685958862305,28.824583053588867,42.54940414428711,24.34320831298828,21.208683013916016,76.25694274902344,47.24943923950195
2019-01-07,22.32298469543457,40.60182571411133,22.090713500976562,21.27774429321289,58.42833709716797,29.082355499267578,42.491294860839844,24.549104690551758,21.063993453979492,76.54969024658203,48.317840576171875
2019-01-08,22.557241439819336,41.284908294677734,22.261592864990234,21.295269012451172,59.228973388671875,29.326078414916992,42.881439208984375,24.97673225402832,21.325233459472656,77.14405822753906,48.852054595947266
2019-01-09,22.565916061401367,41.34105682373047,22.6142635345459,21.40038299560547,59.6292839050293,29.705720901489258,42.48299789428711,24.8737850189209,21.19662094116211,77.49002075195312,49.10041046142578
2019-01-10,22.765460968017578,41.42527389526367,22.679702758789062,21.409143447875977,60.438812255859375,29.836950302124023,42.73201370239258,25.269737243652344,21.473934173583984,77.6408462524414,48.9598388671875
2019-01-11,22.674365997314453,41.219398498535156,22.545181274414062,21.46170425415039,60.37655258178711,29.78071403503418,42.85652542114258,25.31725311279297,21.393558502197266,77.89810943603516,49.00669860839844
2019-01-14,22.50084114074707,41.06969451904297,22.490646362304688,21.610620498657227,60.36765670776367,29.504179000854492,42.649009704589844,25.238061904907227,20.911270141601562,77.03759002685547,48.70677947998047
2019-01-15,22.353349685668945,41.75277328491211,22.570632934570312,21.8033390045166,60.18082809448242,29.949440002441406,43.07236099243164,25.523143768310547,21.168487548828125,78.42151641845703,49.14727020263672
2019-01-16,22.440109252929688,41.57499694824219,22.541540145874023,22.267610549926758,60.243125915527344,29.977561950683594,42.83993148803711,25.641935348510742,21.24485206604004,78.27958679199219,49.03480911254883
2019-01-17,22.834861755371094,41.74342727661133,22.748781204223633,22.39025115966797,61.27503204345703,30.16973304748535,43.02254104614258,25.76863670349121,21.333267211914062,78.9715347290039,49.36751937866211
2019-01-18,23.212265014648438,42.08028030395508,23.210519790649414,22.77568244934082,62.44038772583008,30.62904167175293,43.53718948364258,25.863670349121094,21.357385635375977,79.9118881225586,50.05168151855469
2019-01-22,22.891265869140625,41.210060119628906,22.705150604248047,22.512893676757812,61.150489807128906,30.11348533630371,43.138755798339844,25.816152572631836,21.397573471069336,79.36185455322266,49.30191421508789
2019-01-23,22.735095977783203,41.02289581298828,22.472469329833984,22.539165496826172,61.23945617675781,30.21659278869629,43.65339279174805,25.83199119567871,21.614604949951172,79.45059204101562,49.400325775146484
2019-01-24,22.613628387451172,41.210060119628906,22.59244155883789,22.591732025146484,61.550819396972656,30.469682693481445,43.11384963989258,25.934938430786133,21.72713851928711,78.78522491455078,49.60651779174805
2019-01-25,23.0430850982666,41.73406982421875,22.879669189453125,22.77568244934082,62.33366012573242,30.9008846282959,42.93952560424805,26.235870361328125,21.429723739624023,78.8828125,50.15477752685547
2019-01-28,23.00838279724121,41.36912155151367,22.650615692138672,22.705608367919922,61.737613677978516,30.488433837890625,43.12214660644531,26.497190475463867,21.329254150390625,77.9868392944336,49.86425018310547
2019-01-29,23.246967315673828,40.88254165649414,22.719694137573242,22.626768112182617,62.59162902832031,30.16035270690918,43.22175598144531,26.703088760375977,21.389537811279297,78.36829376220703,49.5409049987793
2019-01-30,23.494230270385742,41.47206115722656,23.03963851928711,22.758161544799805,63.570167541503906,31.097740173339844,43.51227569580078,26.924823760986328,21.554319381713867,79.44169616699219,50.515602111816406
2019-01-31,23.142858505249023,43.165748596191406,23.188705444335938,22.723125457763672,63.84596633911133,31.064929962158203,44.31746292114258,27.186161041259766,22.00847625732422,80.43528747558594,50.974822998046875
2019-02-01,23.212265014648438,43.01603317260742,23.592269897460938,22.819490432739258,63.94379806518555,31.247722625732422,44.17634201049805,27.019853591918945,21.924076080322266,80.50627136230469,50.22975540161133
2019-02-04,23.173229217529297,43.41840744018555,23.646808624267578,22.915849685668945,64.77111053466797,31.74921989440918,44.45857620239258,27.178234100341797,21.960243225097656,80.27560424804688,50.557777404785156
2019-02-05,23.342403411865234,43.8956298828125,23.68316078186035,22.854524612426758,65.33157348632812,32.01637268066406,44.46686553955078,27.360368728637695,22.004453659057617,80.1603012084961,51.031070709228516
2019-02-06,23.20359230041504,42.91310119628906,23.508649826049805,22.8282470703125,65.34934997558594,32.12416458129883,44.47515869140625,27.146560668945312,21.992399215698242,80.52397918701172,50.82019805908203
2019-02-07,22.882587432861328,42.50136947631836,22.98874282836914,22.60049057006836,64.9045639038086,31.68360137939453,44.44196319580078,27.376209259033203,22.281770706176758,79.63688659667969,50.403133392333984
2019-02-08,22.86089324951172,42.79145050048828,22.883302688598633,22.48660659790039,65.00241088867188,31.86639404296875,44.64948654174805,27.376209259033203,22.378225326538086,79.78768920898438,50.20164108276367
2019-02-11,22.895593643188477,42.35165023803711,22.992374420166016,22.55668830871582,65.34934997558594,31.85232162475586,44.76569747924805,27.45539093017578,22.370195388793945,79.69010925292969,50.29067611694336
2019-02-12,23.407474517822266,42.838233947753906,23.283235549926758,22.88956642150879,66.36347961425781,32.2741584777832,45.11431884765625,27.265342712402344,22.42243766784668,80.78125762939453,51.063865661621094
2019-02-13,23.43783950805664,42.8663215637207,23.574087142944336,22.950881958007812,66.75489807128906,32.31632995605469,45.19732666015625,27.447477340698242,22.358135223388672,80.95870971679688,51.41063690185547
2019-02-14,23.31637954711914,43.025394439697266,23.657716751098633,22.670562744140625,66.44355773925781,32.372581481933594,44.69099044799805,27.55042839050293,22.321962356567383,81.1449966430664,51.22319793701172
2019-02-15,23.633039474487305,43.21253967285156,24.039466857910156,23.152362823486328,67.3331527709961,32.63036346435547,45.11431884765625,27.71673011779785,22.390287399291992,82.36920928955078,51.574649810791016
2019-02-19,23.78053855895996,43.25931930541992,24.112178802490234,23.187400817871094,67.30648040771484,32.639739990234375,45.34673309326172,27.7484073638916,22.522920608520508,82.17404174804688,51.7855224609375
2019-02-20,24.188302993774414,43.10960006713867,24.2139835357666,23.336320877075195,67.62669372558594,32.677242279052734,45.263729095458984,27.574190139770508,22.623395919799805,82.07646179199219,51.888614654541016
2019-02-21,24.092866897583008,42.707237243652344,23.839502334594727,23.213680267333984,67.35093688964844,32.691287994384766,45.396541595458984,27.621700286865234,22.78818130493164,81.3578872680664,51.7855224609375
2019-02-22,24.196977615356445,43.10960006713867,23.908578872680664,23.17863655090332,67.79571533203125,33.108428955078125,45.18072509765625,27.780088424682617,22.9288387298584,82.10306549072266,52.06669998168945
2019-02-25,24.353139877319336,43.1563835144043,23.948572158813477,23.274999618530273,68.06260681152344,33.26778793334961,44.93170166015625,27.55042839050293,22.780136108398438,82.2183837890625,51.893310546875
2019-02-26,24.21432876586914,43.1563835144043,23.87222671508789,23.20492172241211,67.87580871582031,33.33808898925781,44.95661163330078,27.494993209838867,22.752004623413086,81.92565155029297,51.963592529296875
2019-02-27,24.175283432006836,42.941165924072266,23.963115692138672,23.292516708374023,68.14266967773438,33.30528259277344,44.89019775390625,27.40788459777832,22.780136108398438,81.54417419433594,51.92611312866211
2019-02-28,23.880308151245117,42.969242095947266,23.72315788269043,23.231199264526367,67.91136169433594,33.2115364074707,45.106021881103516,27.487077713012695,22.912765502929688,81.3046646118164,51.64494323730469
2019-03-01,23.849943161010742,43.30610275268555,24.159440994262695,23.38011932373047,67.97364807128906,33.43650436401367,45.02301788330078,27.45539093017578,22.96099853515625,82.45791625976562,52.06199645996094
2019-03-04,23.958389282226562,43.36225509643555,24.203075408935547,23.231199264526367,67.67117309570312,33.309959411621094,44.948299407958984,27.56627082824707,23.001188278198242,81.34014892578125,51.89799118041992
2019-03-05,23.845603942871094,43.63361740112305,24.12308692932129,23.143600463867188,67.2352523803711,33.2115364074707,44.91510772705078,27.64546012878418,22.973052978515625,81.29578399658203,52.02919387817383
2019-03-06,23.897655487060547,43.61491012573242,23.817686080932617,22.99468231201172,66.60369873046875,33.03812026977539,44.848690032958984,27.574190139770508,22.973052978515625,80.1070556640625,51.7855224609375
2019-03-07,23.70245361328125,43.23125457763672,23.67589569091797,22.758161544799805,66.203369140625,32.72410583496094,44.558170318603516,27.55042839050293,23.049415588378906,79.47721099853516,51.15758514404297
2019-03-08,23.741497039794922,43.20317077636719,23.232330322265625,22.749406814575195,66.06993103027344,32.71940994262695,44.58307647705078,27.574190139770508,23.129798889160156,79.30863189697266,50.80146408081055
2019-03-11,24.079858779907227,43.9798469543457,23.595903396606445,22.98592185974121,66.63037109375,33.42245101928711,45.164127349853516,28.001813888549805,23.29457664489746,80.2135009765625,51.49967956542969
2019-03-12,24.170949935913086,44.17634201049805,23.748605728149414,23.038482666015625,66.07882690429688,33.61930465698242,45.18072509765625,28.152263641357422,23.455339431762695,80.79901123046875,51.64494323730469
2019-03-13,24.288074493408203,44.30736541748047,23.98856544494629,23.196157455444336,66.65705871582031,33.8395881652832,45.43804931640625,28.28690528869629,23.47945785522461,81.66839599609375,51.827701568603516
2019-03-14,24.105880737304688,44.110843658447266,24.014019012451172,23.283756256103516,66.43465423583984,33.90989303588867,45.396541595458984,28.358173370361328,23.475439071655273,81.53531646728516,51.67304611206055
2019-03-15,24.135936737060547,44.076168060302734,24.00448989868164,23.446640014648438,66.20024108886719,34.32038497924805,45.653602600097656,28.241891860961914,23.56046485900879,81.9101791381836,52.004554748535156
2019-03-18,24.192575454711914,43.70121383666992,24.337936401367188,23.684368133544922,66.84442901611328,34.46615219116211,45.72038269042969,28.09853744506836,23.471391677856445,81.7854995727539,52.50767135620117
2019-03-19,24.162078857421875,43.77619552612305,24.271974563598633,23.499473571777344,66.60285186767578,34.53667068481445,45.6870002746582,28.018890380859375,23.20416259765625,82.43553161621094,52.77098846435547
2019-03-20,24.140295028686523,44.16990661621094,24.484498977661133,23.01521873474121,66.14655303955078,34.442630767822266,45.49502944946289,28.146318435668945,23.264896392822266,81.86566162109375,52.84621047973633
2019-03-21,24.3973388671875,44.75107955932617,24.656723022460938,22.94478416442871,66.78180694580078,35.30781173706055,46.0291862487793,28.64808464050293,23.511877059936523,82.18621063232422,53.57032775878906
2019-03-22,23.669776916503906,44.029300689697266,23.989824295043945,22.31085205078125,65.26972961425781,34.47555923461914,45.970760345458984,28.512676239013672,23.681934356689453,80.69029998779297,52.50767135620117
2019-03-25,23.626209259033203,43.954307556152344,24.00082778930664,22.21400260925293,65.4218521118164,34.32508850097656,46.062564849853516,28.536579132080078,23.702178955078125,80.64578247070312,52.818016052246094
2019-03-26,23.769981384277344,44.16990661621094,24.345258712768555,22.478137969970703,65.8602523803711,34.5131721496582,46.45484161376953,28.7117977142334,23.872230529785156,81.19782257080078,53.043704986572266
2019-03-27,23.739484786987305,43.8511848449707,24.17304039001465,22.381288528442383,65.93181610107422,34.315677642822266,46.296260833740234,28.6162166595459,23.70622444152832,80.5211410522461,52.93556213378906
2019-03-28,23.97039031982422,43.748077392578125,24.2646484375,22.57499122619629,66.41497039794922,34.45673751831055,46.521610260009766,28.85515594482422,23.42685317993164,80.72592163085938,53.25529479980469
2019-03-29,24.17951202392578,43.84181213378906,24.228012084960938,22.636625289916992,67.13075256347656,34.7952880859375,46.83041000366211,28.847192764282227,23.552366256713867,81.69646453857422,53.532711029052734
2019-04-01,24.541112899780273,44.50736999511719,24.54679298400879,23.191312789916992,68.51756286621094,35.270198822021484,46.671844482421875,28.759578704833984,23.39041519165039,81.82112121582031,54.1204719543457
2019-04-02,24.62388801574707,44.74171447753906,24.37824058532715,23.173704147338867,68.49072265625,35.39244079589844,46.28791809082031,29.006481170654297,23.42280387878418,81.6341552734375,54.11106491088867
2019-04-03,24.9462833404541,44.91044235229492,24.14373016357422,23.244138717651367,68.28494262695312,35.67927551269531,46.062564849853516,28.974618911743164,23.386363983154297,81.52729797363281,54.4919319152832
2019-04-04,25.19896697998047,45.163536071777344,24.345258712768555,23.385011672973633,68.70545196533203,35.528812408447266,46.23784637451172,28.88701820373535,23.305387496948242,81.35811614990234,54.933921813964844
2019-04-05,25.19025230407715,45.294776916503906,24.77397918701172,23.420230865478516,68.90228271484375,35.69807434082031,46.39641189575195,29.110013961791992,23.52402687072754,81.91910552978516,55.25836181640625
2019-04-08,25.19896697998047,45.21041488647461,24.88390350341797,23.446640014648438,68.6070327758789,35.83443832397461,46.58837890625,28.966655731201172,23.35801887512207,81.90127563476562,55.45585250854492
2019-04-09,25.015989303588867,45.332271575927734,24.57977867126465,23.25294303894043,67.67652130126953,35.66516876220703,46.52995681762695,28.879045486450195,23.41470718383789,81.68757629394531,54.95743179321289
2019-04-10,25.00291633605957,45.52912521362305,24.671382904052734,23.323381423950195,67.65866088867188,35.91437911987305,46.66349411010742,29.110013961791992,23.341825485229492,81.71428680419922,55.22074890136719
2019-04-11,24.98984718322754,45.55724334716797,24.68970489501953,23.464252471923828,68.2402114868164,35.86735916137695,46.75529479980469,29.070188522338867,23.459239959716797,80.70809936523438,55.291282653808594
2019-04-12,25.32095718383789,45.950950622558594,24.75565528869629,23.89568328857422,69.14386749267578,36.1165657043457,46.9055290222168,29.229482650756836,23.56856346130371,79.96905517578125,55.634525299072266
2019-04-15,25.203327178955078,45.9134521484375,24.60909080505371,23.74599838256836,68.75914764404297,36.10246276855469,47.18095397949219,29.054269790649414,23.564517974853516,80.28959655761719,55.747371673583984
2019-04-16,25.316598892211914,45.96031951904297,24.77031707763672,24.080577850341797,69.17964172363281,36.285858154296875,47.189300537109375,28.369319915771484,23.272994995117188,78.64231872558594,55.991886138916016
2019-04-17,25.159753799438477,46.0446891784668,24.737342834472656,24.142208099365234,69.26911163330078,36.4880256652832,47.422996520996094,28.074634552001953,23.18391990661621,76.38064575195312,56.10002899169922
2019-04-18,25.19025230407715,46.072818756103516,24.620086669921875,24.071775436401367,70.06543731689453,36.59147644042969,47.4647216796875,28.297643661499023,23.196063995361328,76.50531768798828,56.08121871948242
2019-04-22,25.02034568786621,46.279029846191406,25.140403747558594,24.001333236694336,69.8506851196289,36.67611312866211,47.481422424316406,27.98703384399414,23.17582130432129,76.54981994628906,55.869625091552734
2019-04-23,25.133615493774414,46.8977165222168,25.10009002685547,24.151012420654297,70.4590835571289,37.0757942199707,47.33119201660156,28.305606842041016,23.240604400634766,77.76079559326172,56.537315368652344
2019-04-24,24.976776123046875,46.68211364746094,24.66039276123047,24.124597549438477,70.2532958984375,37.08989334106445,47.43134689331055,28.504722595214844,23.39041519165039,77.6717758178711,56.58903503417969
2019-04-25,24.658737182617188,47.20705795288086,24.583436965942383,24.16861915588379,68.83968353271484,37.08049774169922,47.13087844848633,28.472862243652344,23.487586975097656,78.47313690185547,56.29280471801758
2019-04-26,24.863506317138672,47.58201217651367,24.2646484375,24.388742446899414,69.35859680175781,36.939422607421875,47.556522369384766,28.664005279541016,23.52402687072754,79.25669860839844,56.739505767822266
2019-04-29,24.81557846069336,48.013214111328125,24.24266815185547,24.635263442993164,69.5196304321289,36.94883346557617,47.61497116088867,28.369319915771484,23.386363983154297,79.1142349243164,56.542022705078125
2019-04-30,25.02906036376953,46.935211181640625,24.224349975585938,24.670482635498047,69.79702758789062,37.00995635986328,48.16581726074219,28.695863723754883,23.771007537841797,79.47932434082031,56.4573860168457
2019-05-01,24.57596778869629,46.69149398803711,23.740663528442383,24.467979431152344,69.34072875976562,36.91592025756836,47.57323455810547,28.695863723754883,23.528074264526367,79.33683776855469,55.770870208740234
2019-05-02,24.449617385864258,46.50402069091797,23.32660675048828,24.49439239501953,69.30490112304688,36.7231330871582,47.556522369384766,28.751617431640625,23.475439071655273,79.67523193359375,55.813201904296875
2019-05-03,24.689231872558594,46.95396423339844,23.54279899597168,24.714506149291992,70.14595794677734,37.07108688354492,47.9154167175293,28.950733184814453,23.605005264282227,80.28070068359375,56.47148513793945
2019-05-06,24.336353302001953,46.878971099853516,23.564777374267578,24.547212600708008,69.47489929199219,36.78425216674805,47.840301513671875,28.83126449584961,23.475439071655273,80.69029998779297,56.128231048583984
2019-05-07,23.909393310546875,46.11967849731445,23.35957908630371,24.142208099365234,68.0701904296875,35.994319915771484,47.36457443237305,28.33747100830078,23.402563095092773,79.14096069335938,55.27717590332031
2019-05-08,23.887611389160156,46.0446891784668,23.35957908630371,24.089385986328125,68.0701904296875,35.952003479003906,47.356224060058594,28.33747100830078,23.08269500732422,79.31013488769531,55.295982360839844
2019-05-09,23.70027732849121,45.904083251953125,23.35957908630371,24.036544799804688,67.97176361083984,35.70748519897461,47.25606918334961,28.433042526245117,23.054351806640625,79.14096069335938,55.07028579711914
2019-05-10,24.022668838500977,46.03532028198242,23.46950340270996,24.195037841796875,68.2402114868164,35.82034683227539,47.83196258544922,28.759578704833984,23.467336654663086,79.16768646240234,55.15021514892578
2019-05-13,23.482440948486328,44.6104850769043,23.066438674926758,23.490673065185547,66.29865264892578,34.47085189819336,47.38126754760742,28.759578704833984,23.71837043762207,77.68067932128906,53.50920486450195
2019-05-14,23.68284797668457,44.86357498168945,23.348588943481445,23.675565719604492,66.98759460449219,35.02568435668945,47.60661315917969,28.863121032714844,23.56046485900879,78.07246398925781,54.0499267578125
2019-05-15,23.621858596801758,45.866580963134766,23.46950340270996,23.58751678466797,67.07707214355469,35.40655517578125,47.9821891784668,29.054269790649414,23.519975662231445,78.30396270751953,54.41669464111328
2019-05-16,23.952959060668945,46.2696647644043,23.597755432128906,23.825241088867188,67.69444274902344,35.73100280761719,48.35776138305664,29.221511840820312,23.67788314819336,78.91836547851562,54.919822692871094
2019-05-17,23.809194564819336,45.932212829589844,23.35957908630371,23.666757583618164,66.94285583496094,35.44417953491211,48.199195861816406,29.18168830871582,23.79935073852539,78.74919128417969,54.50133514404297
2019-05-20,23.46936798095703,45.172916412353516,23.370574951171875,23.69317054748535,66.7728500366211,34.828208923339844,48.08234405517578,28.7117977142334,23.83173942565918,78.71356201171875,54.11576843261719
2019-05-21,23.830976486206055,45.66972732543945,23.6417236328125,23.939699172973633,67.56021881103516,35.25609588623047,47.9821891784668,28.950733184814453,23.87627601623535,79.45262908935547,54.4919319152832
2019-05-22,23.66541862487793,45.622859954833984,23.275300979614258,23.798826217651367,67.00548553466797,35.07271194458008,48.199195861816406,29.086124420166016,24.054426193237305,79.90672302246094,53.932376861572266
2019-05-23,23.30381965637207,44.98543930053711,22.49481964111328,23.464252471923828,65.98550415039062,34.45673751831055,48.18250274658203,29.229482650756836,24.26092529296875,79.63068389892578,53.26468276977539
2019-05-24,23.43452262878418,44.97606658935547,22.57909393310547,23.649152755737305,66.01234436035156,34.46615219116211,48.007225036621094,29.26930809020996,24.224483489990234,79.7464599609375,53.3352165222168
2019-05-28,23.199256896972656,45.172916412353516,22.344585418701172,23.37620735168457,65.40393829345703,34.367401123046875,47.222694396972656,28.966655731201172,23.82769012451172,78.6067123413086,52.98257827758789
2019-05-29,23.20361328125,44.732337951660156,22.20168113708496,23.332185745239258,65.10868072509766,34.16521072387695,46.8804931640625,28.632152557373047,23.511877059936523,77.84986114501953,52.51237869262695
2019-05-30,23.24282455444336,44.83545684814453,21.91952896118164,23.25294303894043,65.35922241210938,34.376800537109375,47.08079528808594,28.807363510131836,23.475439071655273,78.27726745605469,52.855621337890625
2019-05-31,22.981428146362305,44.14178466796875,21.53478240966797,22.900760650634766,64.46449279785156,33.80314254760742,46.41311264038086,29.046297073364258,23.584758758544922,77.71627044677734,52.16442108154297
2019-06-03,23.70462989807129,42.75444412231445,21.809602737426758,23.050437927246094,64.90288543701172,33.210697174072266,46.99734115600586,29.157806396484375,23.81959342956543,77.90324401855469,51.72713088989258
2019-06-04,24.37120246887207,43.673091888427734,22.187023162841797,23.675565719604492,66.45077514648438,34.32038497924805,47.422996520996094,28.99850845336914,23.839834213256836,79.19439697265625,53.128334045410156
2019-06-05,24.549827575683594,43.691837310791016,21.941516876220703,23.825241088867188,67.09496307373047,34.76707458496094,47.965492248535156,29.659561157226562,24.349998474121094,79.79097747802734,53.391658782958984
2019-06-06,24.841724395751953,43.87932205200195,22.348249435424805,23.913286209106445,67.21129608154297,35.171443939208984,48.46625900268555,29.71531867980957,24.49980926513672,80.20056915283203,53.66436767578125
2019-06-07,25.06390953063965,44.59172439575195,22.450849533081055,23.87807273864746,67.74811553955078,35.825035095214844,48.93366241455078,29.81088638305664,24.317609786987305,81.0375747680664,54.44020462036133
2019-06-10,25.107481002807617,44.55423355102539,22.516803741455078,24.080577850341797,67.83759307861328,36.191802978515625,48.95035171508789,29.707353591918945,24.151601791381836,81.2779769897461,54.901004791259766
2019-06-11,25.090049743652344,44.74171447753906,22.560773849487305,24.089385986328125,67.2559814453125,36.191802978515625,49.10892868041992,29.763099670410156,24.00584602355957,81.14440155029297,55.11259078979492
2019-06-12,25.17282485961914,44.5261116027832,22.241985321044922,23.851655960083008,67.399169921875,35.98961639404297,49.18404006958008,29.87459373474121,24.317609786987305,81.53619384765625,55.09849548339844
2019-06-13,25.32095718383789,45.0229377746582,22.502145767211914,23.930898666381836,67.7391357421875,36.09775924682617,49.29254150390625,29.914417266845703,24.366188049316406,81.43826293945312,55.59220886230469
2019-06-14,25.212039947509766,45.10729217529297,22.355579376220703,23.983728408813477,67.47074127197266,35.782718658447266,49.31758117675781,30.041852951049805,24.621273040771484,81.25127410888672,55.7144660949707
2019-06-17,24.981136322021484,45.622859954833984,22.54245376586914,23.76361083984375,67.23811340332031,35.81093215942383,49.175697326660156,30.36840057373047,24.552446365356445,81.61632537841797,55.73796081542969
2019-06-18,25.177186965942383,45.875953674316406,22.853918075561523,24.080577850341797,68.54441833496094,36.45981216430664,48.90861511230469,30.280784606933594,24.451215744018555,82.31087493896484,56.16114807128906
2019-06-19,25.037771224975586,45.932212829589844,22.828264236450195,24.036544799804688,68.49072265625,36.59147644042969,49.10892868041992,30.47989845275879,24.637466430664062,83.04993438720703,56.26459884643555
2019-06-20,25.35581398010254,46.22279357910156,23.33392906188965,24.142208099365234,69.6359634399414,37.12751388549805,49.542930603027344,30.663084030151367,24.79537582397461,83.41497802734375,56.654869079589844
2019-06-21,25.27516746520996,46.418243408203125,23.502544403076172,24.088224411010742,69.26484680175781,36.95197296142578,49.382301330566406,30.320297241210938,24.891281127929688,83.81561279296875,56.39252471923828
2019-06-24,25.37158966064453,46.5309944152832,23.291778564453125,23.990880966186523,69.1300277709961,37.02275848388672,49.50843811035156,30.167774200439453,24.899446487426758,83.37744140625,56.0905647277832
2019-06-25,25.384733200073242,45.666526794433594,23.10689353942871,23.911237716674805,68.60884094238281,36.34326934814453,49.483219146728516,29.758365631103516,24.748443603515625,83.03763580322266,55.552677154541016
2019-06-26,25.34090232849121,45.48799514770508,23.46187400817871,23.866987228393555,68.77957916259766,36.734920501708984,48.776798248291016,29.180389404296875,24.209728240966797,81.99140167236328,55.731971740722656
2019-06-27,25.424177169799805,45.80747985839844,23.2880802154541,24.079376220703125,68.8425064086914,36.82929611206055,48.86930465698242,29.421207427978516,24.242374420166016,82.56370544433594,56.08113479614258
2019-06-28,25.638931274414062,46.24911117553711,23.558012008666992,24.424501419067383,69.57035064697266,36.8245849609375,48.835655212402344,29.517539978027344,24.33624267578125,82.84089660644531,56.241546630859375
2019-07-01,25.83615493774414,46.62495803833008,23.580198287963867,24.716535568237305,69.63325500488281,37.409690856933594,49.12999725341797,29.461345672607422,24.275022506713867,83.25225067138672,56.736968994140625
2019-07-02,25.809858322143555,47.05720138549805,23.203031539916992,24.654590606689453,69.54340362548828,37.508785247802734,49.558902740478516,30.007232666015625,24.60559844970703,83.6993637084961,56.85963821411133
2019-07-03,25.94133949279785,47.3015022277832,23.29547882080078,24.849281311035156,69.92981719970703,37.796627044677734,50.172813415527344,30.440723419189453,24.77701187133789,84.41474151611328,57.35505294799805
2019-07-05,25.823007583618164,47.36727523803711,23.32875633239746,24.920072555541992,69.6512451171875,37.7258415222168,49.95416259765625,30.27213478088379,24.764768600463867,83.83349609375,57.421104431152344
2019-07-08,25.52498435974121,46.94443893432617,23.36203384399414,24.79618263244629,69.07614135742188,37.4379997253418,50.02143859863281,30.3845157623291,24.801498413085938,83.20755004882812,57.49188995361328
2019-07-09,25.27516746520996,47.2357292175293,23.38052749633789,24.840431213378906,68.9233627319336,37.57012176513672,49.72711181640625,30.545068740844727,24.83414649963379,83.28802490234375,57.553226470947266
2019-07-10,25.222572326660156,47.77132034301758,23.680034637451172,24.751935958862305,68.76158905029297,37.86739730834961,50.046661376953125,30.713655471801758,24.891281127929688,83.57417297363281,57.760833740234375
2019-07-11,25.33214569091797,47.79950714111328,23.728105545043945,24.893526077270508,69.2288818359375,38.008968353271484,50.172813415527344,30.320297241210938,24.899446487426758,83.59205627441406,57.8787727355957
2019-07-12,25.581960678100586,48.147186279296875,23.82794189453125,25.061670303344727,70.4419937133789,38.28736114501953,50.31578063964844,30.199886322021484,24.736196517944336,82.66205596923828,58.5440559387207
2019-07-15,25.599489212036133,48.15657043457031,23.61347198486328,24.920072555541992,70.15444946289062,38.41477584838867,50.43352127075195,30.240034103393555,24.83414649963379,82.84089660644531,58.7327880859375
2019-07-16,25.660846710205078,48.04380798339844,23.36203384399414,24.858131408691406,70.60375213623047,38.056156158447266,50.45034408569336,30.19186782836914,24.691308975219727,82.42957305908203,58.65728759765625
2019-07-17,25.43294334411621,47.592796325683594,23.095800399780273,24.645748138427734,69.0940933227539,37.957054138183594,50.39147186279297,30.039335250854492,24.785171508789062,82.44745635986328,58.09581756591797
2019-07-18,25.542516708374023,47.20753860473633,23.09949493408203,24.831584930419922,69.21989440917969,38.240177154541016,50.72786331176758,30.031309127807617,25.001480102539062,82.9124526977539,58.02032470703125
2019-07-19,25.599489212036133,46.59677505493164,23.20673370361328,24.725393295288086,69.59732055664062,38.07502746582031,50.408294677734375,29.541624069213867,24.638254165649414,82.05400085449219,57.638160705566406
2019-07-22,25.533742904663086,46.77529525756836,23.313962936401367,24.77848243713379,69.6512451171875,38.51386642456055,50.113956451416016,29.509511947631836,24.58519172668457,81.88408660888672,57.671180725097656
2019-07-23,26.059673309326172,46.95383834838867,23.37682342529297,25.035120010375977,70.53189086914062,38.7261962890625,50.47557067871094,29.79850196838379,24.430110931396484,82.3937759399414,58.06279373168945
2019-07-24,26.042142868041992,47.36727523803711,23.476661682128906,25.2917537689209,70.83740234375,39.04707717895508,50.13917922973633,29.774423599243164,24.45051383972168,82.43851470947266,58.35532760620117
2019-07-25,25.85369110107422,47.245121002197266,23.210432052612305,25.114765167236328,70.69363403320312,38.88664627075195,50.206451416015625,29.64598274230957,24.389297485351562,82.03611755371094,58.02976989746094
2019-07-26,25.884368896484375,48.598201751708984,23.092100143432617,25.389097213745117,70.5408706665039,38.97156524658203,50.76991653442383,29.74231719970703,24.479084014892578,82.33118438720703,58.29398727416992
2019-07-29,25.796707153320312,48.325714111328125,22.999666213989258,25.194408416748047,70.41504669189453,38.9479866027832,50.8624153137207,29.854692459106445,24.60559844970703,82.6709976196289,58.01090621948242
2019-07-30,25.967636108398438,48.10019302368164,23.258499145507812,25.123611450195312,70.72059631347656,38.6978874206543,51.013797760009766,30.151714324951172,24.417869567871094,82.31331634521484,57.61927795410156
2019-07-31,25.56880760192871,47.71493911743164,23.184541702270508,24.999719619750977,69.92981719970703,38.11277389526367,49.979400634765625,30.031309127807617,24.303592681884766,81.49958038330078,56.958717346191406
2019-08-01,25.424177169799805,47.48942947387695,22.659475326538086,24.433359146118164,68.57291412353516,37.919307708740234,49.80279541015625,30.10356330871582,24.552539825439453,81.60690307617188,56.184932708740234
2019-08-02,25.12615394592285,47.02901077270508,22.334077835083008,24.424501419067383,68.13260650634766,37.30116653442383,49.811187744140625,30.33636474609375,24.5484619140625,81.4190902709961,55.7225456237793
2019-08-05,24.652822494506836,45.50678253173828,21.66849136352539,23.6103515625,66.24551391601562,35.743995666503906,48.51609420776367,29.758365631103516,24.19748306274414,79.5054702758789,54.22685623168945
2019-08-06,24.683500289916992,46.164527893066406,21.642606735229492,23.990880966186523,67.24297332763672,36.33856201171875,48.95339584350586,30.127635955810547,24.49948501586914,80.5338134765625,55.05255126953125
2019-08-07,25.02535057067871,46.220909118652344,21.479909896850586,23.67230796813965,67.20701599121094,36.56504821777344,49.5252685546875,30.40860366821289,24.560701370239258,80.5606460571289,55.274314880371094
2019-08-08,25.50306510925293,47.151153564453125,22.097421646118164,24.123624801635742,68.34825134277344,37.461605072021484,50.16441345214844,30.8902645111084,24.81374168395996,81.63370513916016,56.340633392333984
2019-08-09,25.30146598815918,46.62495803833008,21.85337257385254,24.043977737426758,67.77313995361328,37.03691101074219,49.88689422607422,30.88222885131836,24.842308044433594,81.7320785522461,55.81218338012695
2019-08-12,24.90701675415039,46.12696075439453,21.594539642333984,23.583810806274414,66.8386001586914,36.55088806152344,49.550498962402344,30.8581485748291,24.793331146240234,80.93620300292969,55.000648498535156
2019-08-13,25.17436408996582,46.803489685058594,21.794212341308594,23.875839233398438,67.63836669921875,37.466312408447266,50.113956451416016,30.874208450317383,24.809661865234375,81.99140167236328,55.906558990478516
2019-08-14,24.376707077026367,45.14033126831055,20.940046310424805,22.99089813232422,65.57154846191406,36.314964294433594,49.32343673706055,30.392549514770508,24.60559844970703,79.71111297607422,54.15607833862305
2019-08-15,24.38547134399414,45.21548843383789,20.810623168945312,23.105937957763672,65.49964904785156,36.248897552490234,50.0634880065918,30.81800651550293,24.923931121826172,79.98834228515625,54.06643295288086
2019-08-16,24.814983367919922,45.79807662963867,21.08425521850586,23.51301383972168,66.7667007446289,36.93782043457031,50.63536071777344,31.034753799438477,25.050453186035156,80.97198486328125,54.6798095703125
2019-08-19,25.012203216552734,46.512210845947266,21.5501651763916,23.751943588256836,67.39573669433594,37.49934387207031,51.139949798583984,31.315725326538086,25.209619522094727,81.74994659423828,55.36866760253906
2019-08-20,24.71856117248535,46.202117919921875,21.368974685668945,23.433364868164062,67.00033569335938,37.310604095458984,50.584903717041016,31.082918167114258,25.168806076049805,81.05245971679688,55.3828239440918
2019-08-21,24.845659255981445,46.380653381347656,21.50579261779785,23.539560317993164,67.41368865966797,37.74943923950195,50.71945571899414,31.211368560791016,25.336135864257812,81.65158081054688,56.44915008544922
2019-08-22,24.67911720275879,46.27729415893555,21.409650802612305,23.698848724365234,67.5125732421875,37.6597785949707,50.98857116699219,31.363903045654297,25.36062240600586,81.24919128417969,56.46330642700195
2019-08-23,24.083066940307617,45.008785247802734,20.69230079650879,23.097097396850586,65.70636749267578,36.41405487060547,50.13917922973633,30.97054100036621,25.091266632080078,79.371337890625,54.9629020690918
2019-08-26,24.161954879760742,45.68531799316406,20.781044006347656,23.31832504272461,66.19160461425781,36.91893768310547,50.76150894165039,31.259536743164062,25.38103485107422,80.20295715332031,55.50550079345703
2019-08-27,24.179487228393555,45.76988983154297,20.651620864868164,23.176734924316406,65.8501205444336,36.862335205078125,50.61853790283203,31.155179977416992,25.425920486450195,79.72899627685547,55.23183822631836
2019-08-28,24.367944717407227,45.88264465332031,20.94744110107422,23.389122009277344,66.65886688232422,36.895362854003906,51.10630798339844,31.243488311767578,25.356542587280273,80.31025695800781,55.92070388793945
2019-08-29,24.67911720275879,46.59677505493164,21.254350662231445,23.743093490600586,67.80010986328125,37.53709411621094,51.131534576416016,31.468246459960938,25.532033920288086,80.91832733154297,56.76056671142578
2019-08-30,24.845659255981445,46.54039001464844,21.254350662231445,23.8227481842041,68.07867431640625,37.52765655517578,51.064266204833984,31.476276397705078,25.54019546508789,81.01666259765625,56.42084503173828
2019-09-03,24.6484375,46.0799674987793,21.15081024169922,23.57495880126953,67.1530990600586,37.0699462890625,51.35859680175781,31.925830841064453,25.99321174621582,80.5427474975586,56.18964767456055
2019-09-04,24.95084571838379,46.97262954711914,21.44662857055664,23.80504608154297,68.00676727294922,37.702247619628906,51.82114791870117,32.190738677978516,26.017702102661133,80.59639739990234,56.746402740478516
2019-09-05,24.990293502807617,47.77132034301758,21.712862014770508,24.291763305664062,69.2288818359375,38.49026107788086,51.50156784057617,31.909772872924805,25.736095428466797,81.39226531982422,57.831600189208984
2019-09-06,25.086713790893555,47.66796875,21.82748794555664,24.282915115356445,69.37266540527344,38.45724105834961,51.66975784301758,31.94991111755371,25.634061813354492,81.61583709716797,57.973140716552734
2019-09-09,24.955224990844727,47.81830596923828,22.263816833496094,24.654590606689453,69.57935333251953,38.16939163208008,51.552024841308594,31.709087371826172,25.507545471191406,80.86469268798828,58.19490432739258
2019-09-10,25.200658798217773,47.884071350097656,22.52635383605957,24.743085861206055,70.21736145019531,37.97593307495117,51.23244857788086,31.243488311767578,25.54019546508789,81.0971908569336,57.96370315551758
2019-09-11,25.441707611083984,48.137779235839844,22.548542022705078,24.88467788696289,70.87336730957031,38.37229537963867,51.41746520996094,31.171226501464844,25.793231964111328,81.90196228027344,58.07222366333008
2019-09-12,25.638931274414062,48.27872848510742,22.408031463623047,25.017423629760742,70.91829681396484,38.57992935180664,51.627723693847656,31.35586166381836,25.850364685058594,81.87515258789062,58.35061264038086
2019-09-13,25.919424057006836,48.19416046142578,22.585519790649414,25.212106704711914,71.30467224121094,38.29680633544922,51.3333625793457,30.978561401367188,25.687118530273438,81.83043670654297,58.23265075683594
2019-09-16,25.494298934936523,48.01563262939453,23.343547821044922,25.123611450195312,71.24179077148438,38.20241928100586,50.837196350097656,31.299680709838867,25.70753288269043,81.65158081054688,57.48716735839844
2019-09-17,25.700286865234375,48.06261444091797,23.01814842224121,25.15015983581543,71.20584106445312,38.35813903808594,51.11470413208008,31.741191864013672,25.931987762451172,81.77678680419922,57.8363151550293
2019-09-18,25.71343994140625,48.006229400634766,22.907215118408203,25.23866081237793,71.09801483154297,38.35342025756836,51.198822021484375,31.64484977722168,26.042186737060547,81.7678451538086,57.808006286621094
2019-09-19,25.75726890563965,48.05320739746094,22.848054885864258,25.123611450195312,70.7385482788086,38.43836212158203,51.19041061401367,31.749223709106445,26.164621353149414,82.1523666381836,57.652313232421875
2019-09-20,25.697364807128906,47.7414665222168,22.866714477539062,24.975963592529297,70.2913818359375,37.9901123046875,51.02798080444336,31.61425018310547,26.268266677856445,82.61033630371094,56.991458892822266
2019-09-23,25.635700225830078,47.57194137573242,22.874174118041992,25.020437240600586,70.15586853027344,38.10845184326172,51.23101043701172,31.727392196655273,26.27237319946289,82.17029571533203,57.19028091430664
2019-09-24,25.415456771850586,46.85614776611328,22.51222038269043,24.78028106689453,69.75841522216797,37.73924255371094,51.44249725341797,31.686986923217773,26.580829620361328,81.41606140136719,56.57959747314453
2019-09-25,25.547603607177734,47.39299392700195,22.549528121948242,24.984861373901367,70.2100830078125,38.188907623291016,51.476318359375,31.654661178588867,26.56438636779785,81.02095794677734,57.095603942871094
2019-09-26,25.490337371826172,46.93149185180664,22.254741668701172,24.86922836303711,70.30946350097656,38.231510162353516,51.763973236083984,31.961767196655273,26.7042179107666,80.57198333740234,56.84944152832031
2019-09-27,25.419857025146484,46.40407180786133,22.25101089477539,24.967069625854492,70.02940368652344,37.720314025878906,51.704734802246094,31.75164222717285,26.609619140625,80.21279907226562,56.65060806274414
2019-09-30,25.635700225830078,46.6395263671875,22.090559005737305,24.90480613708496,70.1287841796875,38.1179084777832,51.958534240722656,31.792049407958984,26.626073837280273,80.93116760253906,57.13819122314453
2019-10-01,25.032243728637695,46.168617248535156,21.579343795776367,24.380027770996094,68.44850158691406,37.762908935546875,51.823184967041016,31.517284393310547,26.56438636779785,80.1409683227539,56.66007995605469
2019-10-02,24.582958221435547,45.47165298461914,21.04946517944336,23.881935119628906,67.15667724609375,37.052913665771484,50.782649993896484,31.323326110839844,26.210683822631836,78.97366333007812,55.64228820800781
2019-10-03,24.671056747436523,45.914310455322266,21.277090072631836,23.97977066040039,67.59934997558594,37.50730895996094,51.1379508972168,31.695068359375,26.27237319946289,79.68301391601562,55.912132263183594
2019-10-04,24.803197860717773,46.535919189453125,21.411422729492188,24.424497604370117,68.30396270751953,38.127376556396484,51.94160842895508,31.840538024902344,26.63841438293457,80.93116760253906,56.43758010864258
2019-10-07,24.715106964111328,46.535919189453125,21.22111701965332,24.299978256225586,67.96068572998047,37.9664421081543,51.518638610839844,31.78396987915039,26.53559112548828,80.66177368164062,56.1914176940918
2019-10-08,24.283432006835938,45.78245544433594,20.85915756225586,23.819669723510742,66.91278839111328,37.27063751220703,51.02798080444336,31.630428314208984,26.28883171081543,79.12630462646484,55.59968185424805
2019-10-09,24.55652618408203,46.05558395385742,21.04946517944336,24.04203224182129,67.48189544677734,37.82444381713867,51.4171142578125,31.727392196655273,26.416330337524414,79.70098876953125,56.07307052612305
2019-10-10,24.781173706054688,46.31929397583008,21.314401626586914,24.291080474853516,68.09617614746094,38.08477783203125,51.518638610839844,31.808218002319336,26.387535095214844,80.0960693359375,56.447059631347656
2019-10-11,25.261289596557617,46.86556625366211,21.60173225402832,24.593496322631836,69.37896728515625,38.61017990112305,51.4678840637207,31.70315170288086,26.28883171081543,80.76055908203125,57.08613204956055
2019-10-14,25.080692291259766,46.761966705322266,21.59053611755371,24.629077911376953,69.24347686767578,38.586524963378906,51.21408462524414,31.75164222717285,26.120203018188477,80.7246322631836,57.0577278137207
2019-10-15,25.25688362121582,47.56251907348633,21.680089950561523,24.984861373901367,69.8035659790039,39.01252746582031,50.994140625,31.77589225769043,26.037944793701172,82.19725036621094,57.55952453613281
2019-10-16,25.30974006652832,47.64729309082031,21.377836227416992,24.922595977783203,69.7674560546875,38.74271774291992,51.04489517211914,31.735483169555664,26.095531463623047,82.08949279785156,57.79621887207031
2019-10-17,25.37581443786621,47.92983627319336,21.392763137817383,24.940391540527344,70.11072540283203,38.6669921875,51.281768798828125,31.945594787597656,26.161333084106445,82.70008850097656,57.947696685791016
2019-10-18,25.331762313842773,47.37415313720703,21.280820846557617,25.002653121948242,69.5054702758789,38.297786712646484,51.38328552246094,32.252689361572266,26.247695922851562,82.39482116699219,57.83408737182617
2019-10-21,25.25248146057129,47.65669631958008,21.66143226623535,25.349538803100586,69.9209976196289,38.70957946777344,51.55246353149414,32.47088623046875,26.35051918029785,82.30499267578125,58.03763961791992
2019-10-22,25.146766662597656,47.19520950317383,21.941293716430664,25.27837562561035,70.4720687866211,38.188907623291016,51.569400787353516,32.373905181884766,26.461559295654297,82.4845962524414,57.66840362548828
2019-10-23,25.305339813232422,47.56251907348633,22.1241397857666,25.385116577148438,70.4630355834961,38.22205352783203,51.80625915527344,32.43046951293945,26.568490982055664,82.99642181396484,57.40330123901367
2019-10-24,25.384626388549805,47.02568435668945,22.030855178833008,25.349538803100586,70.5624008178711,38.78059005737305,51.98390579223633,32.30925369262695,26.658977508544922,82.57437896728516,57.37490463256836
2019-10-25,25.662120819091797,47.39299392700195,22.209964752197266,25.474063873291016,71.00506591796875,39.24919128417969,51.67936706542969,31.913270950317383,26.387535095214844,82.6641845703125,57.30862045288086
2019-10-28,25.741411209106445,47.835655212402344,22.083093643188477,25.607481002807617,71.20378875732422,39.74618911743164,51.57784652709961,31.5738582611084,26.025609970092773,83.51725006103516,57.48851776123047
2019-10-29,25.899982452392578,47.40242004394531,22.17264747619629,25.66974449157715,71.43865966796875,39.38645935058594,51.57784652709961,31.654661178588867,26.050283432006836,84.7025146484375,57.1618766784668
2019-10-30,25.9220027923584,47.53425979614258,21.72113609313965,25.651952743530273,71.69161987304688,39.62786102294922,51.81471633911133,31.889028549194336,26.280601501464844,85.17839813232422,57.51692199707031
2019-10-31,25.631288528442383,47.675540924072266,21.627851486206055,25.527429580688477,70.92374420166016,39.60419845581055,51.738582611083984,31.78396987915039,26.424551010131836,85.07962036132812,57.20921325683594
2019-11-01,25.99247932434082,47.98634719848633,22.120410919189453,25.9010009765625,72.46851348876953,40.0775260925293,51.730125427246094,31.70315170288086,26.35874366760254,85.18738555908203,57.587928771972656
2019-11-04,26.195098876953125,48.250057220458984,22.840591430664062,26.123363494873047,73.30864715576172,40.285804748535156,51.23101043701172,31.347576141357422,26.021499633789062,84.9269790649414,57.61632537841797
2019-11-05,26.239147186279297,48.26889419555664,22.870447158813477,26.221206665039062,73.46222686767578,40.23847198486328,51.40019607543945,30.80612564086914,25.754165649414062,84.32537078857422,57.7015380859375
2019-11-06,26.221525192260742,48.099365234375,22.40400505065918,26.354616165161133,73.50736999511719,40.21953582763672,51.611690521240234,30.919261932373047,25.852876663208008,84.61270141601562,57.76307678222656
2019-11-07,26.397714614868164,48.40073776245117,22.739839553833008,26.550304412841797,73.76033782958984,40.53667449951172,51.43403625488281,30.58792495727539,25.503286361694336,84.80127716064453,57.41750717163086
2019-11-08,26.503429412841797,48.53260040283203,22.646547317504883,26.541414260864258,73.85972595214844,40.76387023925781,51.40019607543945,30.531360626220703,25.3963565826416,85.42085266113281,57.44116973876953
2019-11-11,26.463788986206055,48.30656814575195,22.51968002319336,26.47024917602539,73.89583587646484,40.78280258178711,51.32406997680664,30.58792495727539,25.24007225036621,85.07064819335938,57.32282257080078
2019-11-12,26.600330352783203,48.36307907104492,22.40400505065918,26.505830764770508,73.88680267333984,40.920074462890625,51.49325180053711,30.385894775390625,25.301759719848633,85.58247375488281,57.28495407104492
2019-11-13,26.4461727142334,48.34424591064453,22.306989669799805,26.336830139160156,73.57966613769531,41.01002883911133,51.88238525390625,30.69297981262207,25.676021575927734,85.6812515258789,57.10505676269531
2019-11-14,26.609148025512695,48.56085205078125,22.247278213500977,26.390201568603516,73.81454467773438,40.962677001953125,51.8654670715332,31.000070571899414,25.766510009765625,85.69023132324219,57.35122299194336
2019-11-15,26.587125778198242,48.965843200683594,22.41893196105957,26.461353302001953,74.3565673828125,41.29401397705078,51.88238525390625,31.153614044189453,25.84876251220703,87.51301574707031,57.455379486083984
2019-11-18,26.52104949951172,49.135379791259766,22.14653205871582,26.514726638793945,74.07652282714844,41.417076110839844,52.15310287475586,31.323326110839844,25.90222930908203,87.21670532226562,57.654197692871094
2019-11-19,26.463788986206055,49.163639068603516,21.818157196044922,26.568096160888672,74.0133056640625,41.49755859375,52.085418701171875,31.387975692749023,25.836421966552734,87.80935668945312,57.01985549926758
2019-11-20,26.13343620300293,48.86225128173828,22.038314819335938,26.443572998046875,73.42609405517578,41.24667739868164,52.203861236572266,31.404142379760742,25.992708206176758,87.69263458251953,56.88730239868164
2019-11-21,26.08938980102539,48.99409866333008,22.4002685546875,26.416885375976562,73.39897918701172,41.03841018676758,51.94160842895508,30.983909606933594,25.90222930908203,87.91710662841797,56.565399169921875
2019-11-22,26.13343620300293,49.012943267822266,22.32564353942871,26.612565994262695,73.77840423583984,40.98633575439453,51.85700988769531,30.80612564086914,25.910449981689453,88.23139190673828,56.95357894897461
2019-11-25,26.305217742919922,49.163639068603516,22.348031997680664,26.781564712524414,74.31140899658203,41.58274459838867,51.91623306274414,30.830364227294922,25.82408332824707,89.26403045654297,57.455379486083984
2019-11-26,26.437362670898438,49.3237419128418,22.14279556274414,26.754873275756836,74.52820587158203,41.620609283447266,52.33921432495117,31.25868034362793,25.910449981689453,89.19215393066406,57.84829330444336
2019-11-27,26.543075561523438,49.67222595214844,22.198768615722656,26.861616134643555,74.4559326171875,41.8525505065918,52.46609878540039,31.355653762817383,25.955690383911133,89.65011596679688,58.345340728759766
2019-11-29,26.4461727142334,49.5026969909668,21.974882125854492,26.817140579223633,74.11263275146484,41.7294807434082,52.44918441772461,31.234447479248047,25.931013107299805,89.33584594726562,57.96664047241211
2019-12-02,26.1818790435791,49.031776428222656,21.974882125854492,26.648141860961914,72.89309692382812,41.133079528808594,52.567604064941406,30.660654067993164,25.762392044067383,88.94076538085938,57.48851776123047
2019-12-03,26.014509201049805,48.93758773803711,21.646507263183594,26.274572372436523,72.09815216064453,40.76861572265625,52.48302459716797,30.911178588867188,25.832307815551758,88.74323272705078,56.91098403930664
2019-12-04,26.071765899658203,49.19188690185547,21.971149444580078,26.52362060546875,72.37821197509766,40.93428039550781,52.829864501953125,31.07280731201172,26.029722213745117,89.56932067871094,57.228145599365234
2019-12-05,26.203908920288086,49.39908981323242,21.866666793823242,26.648141860961914,72.396240234375,41.08574295043945,52.81294250488281,31.121299743652344,26.074960708618164,89.56932067871094,57.17133712768555
2019-12-06,26.47259521484375,49.69105911254883,22.284597396850586,27.00392723083496,73.27251434326172,41.5401496887207,53.01597595214844,31.12937355041504,25.996822357177734,90.1619644165039,57.630531311035156
2019-12-09,26.419742584228516,49.5026969909668,22.25847625732422,26.94167137145996,72.9924545288086,41.322418212890625,53.058265686035156,31.16978645324707,25.90634536743164,89.53340148925781,57.7015380859375
2019-12-10,26.26116943359375,49.33316421508789,22.30325698852539,26.9505558013916,72.90213775634766,41.35555648803711,52.889076232910156,30.95159149169922,25.90222930908203,89.73095703125,57.60212707519531
2019-12-11,26.45938491821289,49.5591926574707,22.26593780517578,26.888296127319336,73.36285400390625,41.634822845458984,52.96521759033203,30.717227935791016,25.972139358520508,89.81175231933594,57.74887466430664
2019-12-12,26.829383850097656,49.61570739746094,22.676406860351562,27.41307830810547,74.0133056640625,42.07975769042969,52.92292404174805,30.345489501953125,25.86109733581543,90.64685821533203,58.25540542602539
2019-12-13,26.62236213684082,49.5026969909668,22.504758834838867,27.31523895263672,73.81454467773438,42.35902786254883,53.1090202331543,30.3778076171875,26.062623977661133,90.583984375,58.30747604370117
2019-12-16,26.736881256103516,49.9924430847168,22.807004928588867,27.41307830810547,73.77840423583984,42.737701416015625,53.29513931274414,30.61217498779297,26.387535095214844,91.562744140625,58.563106536865234
2019-12-17,26.77652359008789,49.94535827636719,22.821935653686523,27.519811630249023,73.70613098144531,42.638301849365234,53.210548400878906,30.28083038330078,26.473899841308594,91.46398162841797,58.8234748840332
2019-12-18,26.741294860839844,50.28440475463867,22.907760620117188,27.404186248779297,73.39897918701172,42.633548736572266,53.12594985961914,30.709148406982422,26.580829620361328,91.58968353271484,58.880279541015625
2019-12-19,26.83379364013672,50.745914459228516,22.90029525756836,27.395282745361328,73.59772491455078,42.94123458862305,53.41356658935547,31.000070571899414,26.58906364440918,91.94886779785156,59.06489944458008
2019-12-20,26.963998794555664,50.903541564941406,23.119970321655273,27.427473068237305,73.93637084960938,43.19053649902344,53.816986083984375,31.23944091796875,26.771852493286133,92.59984588623047,59.15513610839844
2019-12-23,27.03929901123047,50.77139663696289,23.357343673706055,27.36489486694336,74.5446548461914,43.314002990722656,53.58671188354492,31.051546096801758,26.523157119750977,92.96952056884766,59.017398834228516
2019-12-24,27.07029914855957,50.7619514465332,23.346040725708008,27.427473068237305,74.24504852294922,43.328269958496094,53.654937744140625,31.092384338378906,26.560462951660156,92.85231018066406,59.15039825439453
2019-12-26,27.189889907836914,51.14895248413086,23.3385066986084,27.579450607299805,74.41754913330078,43.651180267333984,53.706111907958984,31.280290603637695,26.606060028076172,92.78922271728516,59.872318267822266
2019-12-27,27.088014602661133,51.05455780029297,23.240535736083984,27.5079345703125,74.35399627685547,43.64643478393555,53.94491958618164,31.3946533203125,26.68480682373047,92.81625366210938,59.86756896972656
2019-12-30,27.003862380981445,50.5259895324707,23.167200088500977,27.427473068237305,74.00897979736328,43.394744873046875,53.66347122192383,31.37014389038086,26.6806583404541,92.25902557373047,59.48286437988281
2019-12-31,27.203170776367188,50.62038040161133,23.299137115478516,27.51687240600586,73.9636001586914,43.5324592590332,53.71464920043945,31.590717315673828,26.784290313720703,92.4405288696289,59.5683479309082
2020-01-02,26.884279251098633,51.215023040771484,23.50868797302246,27.785070419311523,75.36170959472656,44.34925079345703,53.28820037841797,31.223108291625977,26.448549270629883,92.6855697631836,60.27602767944336
2020-01-03,26.450233459472656,50.88465881347656,23.4388370513916,27.490049362182617,75.21643829345703,43.85062789916992,53.20290756225586,31.45184326171875,26.502429962158203,91.87786865234375,59.763084411621094
2020-01-06,26.335081100463867,51.56426239013672,23.62122344970703,27.472169876098633,75.24368286132812,43.955108642578125,53.31379318237305,31.460012435913086,26.527299880981445,92.44960021972656,59.9293098449707
2020-01-07,26.3040771484375,51.63032531738281,23.55913543701172,27.293373107910156,75.08935546875,43.93610382080078,52.90440368652344,31.116901397705078,26.489999771118164,92.26810455322266,59.83431625366211
2020-01-08,26.39708709716797,51.99843978881836,23.171070098876953,27.472169876098633,75.34354400634766,44.4062385559082,53.100555419921875,31.272113800048828,26.477558135986328,92.86707305908203,60.014808654785156
2020-01-09,26.494524002075195,52.27217483520508,23.34182357788086,27.64202880859375,75.66130828857422,44.90961456298828,53.47583770751953,31.263948440551758,26.62264060974121,93.2663803100586,60.33302307128906
2020-01-10,26.388229370117188,52.064510345458984,23.209880828857422,27.436418533325195,75.12565612792969,44.805137634277344,53.44172286987305,31.566204071044922,26.69310188293457,93.29359436035156,60.00531005859375
2020-01-13,26.729259490966797,52.555335998535156,23.2176456451416,27.62415313720703,75.74301147460938,45.36550521850586,53.79140090942383,31.950164794921875,26.85474967956543,92.9668960571289,60.19529724121094
2020-01-14,26.618534088134766,52.4232063293457,23.22152328491211,27.570512771606445,75.75210571289062,45.15180206298828,53.80845642089844,31.794944763183594,26.933502197265625,93.5295639038086,60.17628479003906
2020-01-15,26.800132751464844,52.678035736083984,23.050777435302734,27.41853141784668,75.8700942993164,45.20404052734375,54.1922492980957,32.01551818847656,27.310686111450195,94.33724212646484,60.038551330566406
2020-01-16,26.95957374572754,53.08390426635742,23.089580535888672,27.659910202026367,76.6236572265625,45.811885833740234,54.33723831176758,32.30144500732422,27.480634689331055,94.82733917236328,60.57524871826172
2020-01-17,27.07915496826172,53.49920654296875,22.942121505737305,27.74036979675293,76.63272857666016,46.120567321777344,54.431060791015625,32.342288970947266,27.67129135131836,94.82733917236328,60.78897476196289
2020-01-21,26.786840438842773,53.452022552490234,22.530776977539062,27.5079345703125,75.78839874267578,46.1015739440918,54.618709564208984,32.6690673828125,27.92412567138672,94.92715454101562,60.603736877441406
2020-01-22,26.680545806884766,53.4237060546875,22.31346321105957,27.588394165039062,75.3889389038086,46.26778030395508,54.661338806152344,32.40764617919922,28.01117515563965,95.04513549804688,60.57524871826172
2020-01-23,26.649539947509766,53.20661544799805,22.228090286254883,27.51687240600586,76.20602416992188,46.48622512817383,54.610164642333984,32.71807861328125,28.259868621826172,94.56414794921875,60.66548156738281
2020-01-24,26.45909309387207,52.56477355957031,21.971969604492188,27.168214797973633,75.85195922851562,46.26778030395508,54.23489761352539,32.6690673828125,28.334476470947266,92.98503875732422,59.8200569152832
2020-01-27,25.887746810913086,51.743587493896484,21.362716674804688,26.7480411529541,74.41754913330078,45.16604995727539,54.06432342529297,32.53018569946289,28.264005661010742,92.27716064453125,58.92716979980469
2020-01-28,26.180063247680664,52.33823776245117,21.45972442626953,27.060943603515625,74.89869689941406,46.030330657958984,54.132564544677734,32.611881256103516,28.38006591796875,92.7309341430664,59.50185775756836
2020-01-29,26.26421546936035,52.25328063964844,21.234655380249023,27.0162410736084,75.29816436767578,46.1490592956543,53.8596305847168,32.44032669067383,28.454681396484375,92.47683715820312,59.4686164855957
2020-01-30,26.100341796875,51.72471237182617,21.4054012298584,27.355955123901367,75.37986755371094,46.54795837402344,54.49930191040039,32.51383972167969,28.719955444335938,91.80524444580078,59.368873596191406
2020-01-31,25.524560928344727,50.88465881347656,20.73793601989746,26.783798217773438,73.63678741455078,45.270530700683594,53.885223388671875,32.048194885253906,28.591459274291992,89.97208404541016,59.52084732055664
2020-02-03,26.06048011779785,51.4887580871582,20.466297149658203,26.971542358398438,73.60954284667969,45.86888122558594,53.885223388671875,32.08087921142578,28.682645797729492,90.7888412475586,59.94355773925781
2020-02-04,26.521100997924805,52.02676010131836,20.540027618408203,27.230791091918945,74.9985580444336,47.07033157348633,54.209320068359375,32.497520446777344,28.396648406982422,92.38607788085938,61.03593826293945
2020-02-05,27.012720108032227,52.1117057800293,21.31226348876953,27.776121139526367,76.25140380859375,47.34576416015625,54.64427947998047,32.47300720214844,28.512712478637695,94.16482543945312,61.34468078613281
2020-02-06,26.99943733215332,52.76299285888672,21.094953536987305,27.74036979675293,76.49654388427734,47.777889251708984,54.73809814453125,32.611881256103516,28.520992279052734,94.24649810791016,61.20693588256836
2020-02-07,26.61410903930664,52.72522735595703,20.947490692138672,27.64202880859375,75.94274139404297,47.34101867675781,54.806331634521484,32.62821960449219,28.4298095703125,93.51140594482422,60.940956115722656
2020-02-10,26.600820541381836,53.03670883178711,20.842716217041016,27.72248649597168,76.36943054199219,47.982112884521484,55.0366096496582,33.00401306152344,28.537567138671875,94.01055145263672,61.629634857177734
2020-02-11,26.746976852416992,52.98007583618164,21.07554817199707,27.820825576782227,76.65994262695312,47.82063674926758,54.8319206237793,33.4043083190918,28.641193389892578,94.57320404052734,62.11408615112305
2020-02-12,26.89314079284668,53.66912078857422,21.358837127685547,27.83869743347168,77.37714385986328,48.33827209472656,54.806331634521484,33.61670684814453,28.661922454833984,94.69117736816406,62.750526428222656
2020-02-13,26.795700073242188,53.678558349609375,21.292861938476562,27.82976531982422,76.94137573242188,48.210044860839844,55.130428314208984,33.820945739746094,28.981081008911133,94.24649810791016,62.64128494262695
2020-02-14,26.800132751464844,53.74462890625,21.180330276489258,27.865522384643555,76.8415298461914,48.41899490356445,55.25836181640625,34.21305465698242,29.17587661743164,94.31910705566406,62.546287536621094
2020-02-18,26.733694076538086,54.10329818725586,21.005701065063477,27.62415313720703,76.40575408935547,48.23854064941406,55.062191009521484,34.180389404296875,29.42043113708496,93.98331451416016,62.54153823852539
2020-02-19,26.804553985595703,54.34870529174805,21.285104751586914,27.82976531982422,76.3785171508789,48.813148498535156,55.00249481201172,33.69841003417969,29.101276397705078,94.41893768310547,62.82176208496094
2020-02-20,26.848848342895508,53.79182434082031,21.26181983947754,27.776121139526367,76.26957702636719,48.305030822753906,55.045143127441406,34.07419204711914,29.204896926879883,93.81088256835938,62.84552764892578
2020-02-21,26.724836349487305,52.970638275146484,21.009580612182617,27.5079345703125,75.88827514648438,47.222286224365234,55.13895797729492,34.2539176940918,29.15101432800293,93.8653335571289,61.8861198425293
2020-02-24,25.971895217895508,51.196144104003906,20.039430618286133,26.613948822021484,73.72755432128906,45.270530700683594,53.868160247802734,33.79643249511719,28.811140060424805,90.90680694580078,59.758331298828125
2020-02-25,24.851348876953125,49.8275146484375,19.154651641845703,25.71101951599121,70.72252655029297,43.82212829589844,52.89586639404297,32.94682312011719,28.20598602294922,88.14791870117188,58.162498474121094
2020-02-26,24.76719856262207,49.73312759399414,18.57644271850586,25.523283004760742,70.18689727783203,44.021583557128906,52.59736251831055,32.660892486572266,27.919986724853516,88.13885498046875,57.70178985595703
2020-02-27,23.60679054260254,47.76985168457031,17.583003997802734,24.4326229095459,67.5813217163086,41.64717483520508,50.45661926269531,30.81463623046875,26.66408348083496,85.14404296875,55.369781494140625
2020-02-28,23.34990692138672,47.911434173583984,17.567481994628906,23.771068572998047,66.34662628173828,41.96533966064453,49.45874786376953,30.054889678955078,25.77293586730957,84.04591369628906,55.01357650756836
2020-03-02,24.35087013244629,49.57266616821289,18.27763557434082,24.986894607543945,68.6798324584961,44.391990661621094,52.102691650390625,31.549861907958984,27.28996467590332,87.98458099365234,56.90387725830078
2020-03-03,24.138273239135742,47.939754486083984,17.71883201599121,24.04821014404297,67.00029754638672,42.70616912841797,51.394798278808594,31.525367736816406,26.954227447509766,85.79742431640625,55.52650833129883
2020-03-04,25.13924217224121,49.66705322265625,18.1379337310791,24.843856811523438,69.769287109375,44.53919982910156,53.91933059692383,32.750762939453125,28.48369789123535,90.74347686767578,57.445316314697266
2020-03-05,24.34201431274414,47.85480880737305,17.47435188293457,23.645915985107422,66.35569763183594,43.13355255126953,52.90440368652344,31.999187469482422,28.044336318969727,88.63798522949219,55.303287506103516
2020-03-06,23.708656311035156,47.02418518066406,16.49256134033203,22.841333389282227,65.77465057373047,42.22178649902344,52.486488342285156,31.45184326171875,27.816362380981445,88.16609191894531,54.45313262939453
2020-03-09,21.48971176147461,43.890499114990234,13.170764923095703,20.39180564880371,59.71015167236328,39.016334533691406,50.20075988769531,29.229785919189453,26.30347442626953,83.58306884765625,51.023983001708984
2020-03-10,22.36223030090332,46.127498626708984,13.795541763305664,21.589750289916992,62.80595779418945,41.61867904663086,51.64214324951172,30.65125274658203,26.54802894592285,86.45085906982422,53.84519958496094
2020-03-11,21.299264907836914,44.14533996582031,13.065984725952148,20.41862678527832,59.120033264160156,39.65266418457031,49.10906982421875,29.009214401245117,25.21337127685547,83.14747619628906,50.90050506591797
2020-03-12,19.248615264892578,40.001708984375,11.436135292053223,18.210485458374023,53.00104904174805,35.78237533569336,44.49496841430664,26.517574310302734,22.668411254882812,76.94000244140625,45.756778717041016
2020-03-13,20.599470138549805,43.597896575927734,12.491658210754395,20.606359481811523,57.14088821411133,39.98033905029297,48.281768798828125,28.84583282470703,23.90358543395996,82.27625274658203,48.58749008178711
2020-03-16,18.331798553466797,38.680274963378906,10.791952133178711,17.7813720703125,50.65876007080078,34.45746612548828,45.00669479370117,24.23017120361328,21.188682556152344,74.1629638671875,42.43211364746094
2020-03-17,19.46563720703125,40.360382080078125,10.865684509277344,18.746877670288086,52.99195861816406,36.80337142944336,48.80202865600586,25.700651168823242,23.899438858032227,78.81857299804688,44.065956115722656
2020-03-18,18.221073150634766,39.02007293701172,9.305685043334961,17.155580520629883,49.08815002441406,35.416725158691406,47.54829025268555,23.89522933959961,22.859073638916016,76.20492553710938,41.534461975097656
2020-03-19,18.68612289428711,39.71854782104492,9.938222885131836,17.53105354309082,49.12446212768555,35.54493713378906,45.96192169189453,23.519441604614258,21.528560638427734,74.6439437866211,42.98307418823242
2020-03-20,18.017335891723633,37.96292495727539,10.035238265991211,16.90526008605957,46.664161682128906,33.91608428955078,42.985355377197266,22.187847137451172,19.82086753845215,71.77618408203125,41.7054443359375
2020-03-23,17.09886360168457,38.16453170776367,9.351251602172852,15.921648025512695,44.62024688720703,33.60628128051758,41.71329116821289,20.954912185668945,18.809432983398438,68.04820251464844,41.7741584777832
2020-03-24,19.10970687866211,40.51195526123047,10.850940704345703,17.89608383178711,50.26524353027344,37.048065185546875,43.840553283691406,22.782087326049805,20.831464767456055,73.29180145263672,45.69243621826172
2020-03-25,19.555570602416992,39.887229919433594,11.362740516662598,18.3829345703125,52.90934371948242,37.00032424926758,43.7204704284668,23.794445037841797,21.36313247680664,74.267578125,46.49423599243164
2020-03-26,20.474040985107422,42.1589469909668,12.057044982910156,19.536937713623047,56.24877166748047,39.29166793823242,46.11363983154297,25.62161636352539,23.184213638305664,79.20109558105469,48.417564392089844
2020-03-27,19.733915328979492,40.47409439086914,11.239751815795898,18.941905975341797,53.879150390625,37.5158805847168,45.899200439453125,25.68745994567871,23.30980110168457,77.50492095947266,46.7949104309082
2020-03-30,20.362577438354492,41.95070266723633,11.354806900024414,19.302532196044922,54.665977478027344,39.095947265625,47.69192886352539,26.3541316986084,24.172199249267578,81.1344223022461,47.773284912109375
2020-03-31,20.081684112548828,41.87497329711914,11.529374122619629,18.770601272583008,53.98893356323242,38.36558532714844,46.72265625,25.514616012573242,23.196775436401367,80.77873992919922,46.8092155456543
2020-04-01,19.17658805847168,40.20906448364258,10.958064079284668,17.62561798095703,51.555274963378906,36.53728103637695,45.93350601196289,23.967281341552734,21.802705764770508,77.7055435180664,44.71883773803711
2020-04-02,19.466394424438477,40.72019577026367,11.96182632446289,18.067384719848633,52.24146270751953,37.391761779785156,47.10866165161133,24.32119369506836,22.485082626342773,79.85770416259766,44.8858757019043
2020-04-03,18.99823760986328,39.89671325683594,11.834866523742676,17.70675277709961,51.54612731933594,36.81416702270508,47.47748565673828,24.11543083190918,21.681297302246094,79.13729095458984,44.10316467285156
2020-04-06,20.411623001098633,42.52809524536133,12.461721420288086,18.977962493896484,55.114288330078125,39.9551887512207,49.24449920654297,25.860300064086914,23.355850219726562,83.28656005859375,47.773284912109375
2020-04-07,20.955575942993164,42.84044647216797,12.727540016174316,19.167295455932617,54.9861946105957,39.59718322753906,48.67837142944336,25.868532180786133,23.062807083129883,82.60262298583984,48.48439025878906
2020-04-08,21.98106575012207,43.75859451293945,13.576570510864258,20.005748748779297,56.98070526123047,40.66168975830078,49.39889144897461,27.810935974121094,24.318721771240234,86.00411224365234,50.01160430908203
2020-04-09,22.92629623413086,44.080413818359375,13.453580856323242,21.07861328125,57.84072494506836,40.671241760253906,49.86208724975586,29.2430419921875,25.465795516967773,86.47833251953125,50.913612365722656
2020-04-13,22.422470092773438,44.14668273925781,13.409939765930176,20.312286376953125,56.14813232421875,40.76192855834961,49.493255615234375,27.901473999023438,24.657821655273438,85.72139739990234,50.899288177490234
2020-04-14,22.7122802734375,45.45290756225586,13.346458435058594,20.402435302734375,57.218570709228516,42.47089767456055,51.59478759765625,28.831520080566406,25.382064819335938,88.56664276123047,52.88945388793945
2020-04-15,21.668960571289062,45.026954650878906,12.719605445861816,19.518905639648438,55.635780334472656,41.5448112487793,50.7798957824707,27.720399856567383,24.54478645324707,88.11065673828125,51.72972869873047
2020-04-16,21.54412078857422,45.20680236816406,12.176067352294922,19.176311492919922,55.14173126220703,42.050811767578125,51.11443328857422,27.539325714111328,24.548974990844727,90.03482055664062,52.35015869140625
2020-04-17,22.409093856811523,45.82205581665039,13.469449996948242,20.18606185913086,57.730926513671875,42.60932540893555,51.89500045776367,28.428226470947266,25.3402042388916,91.90428161621094,53.89646530151367
2020-04-20,21.856225967407227,45.405574798583984,13.048903465270996,19.83445167541504,56.19387435913086,41.92669677734375,50.87425231933594,27.374713897705078,24.38152313232422,91.17475891113281,52.956268310546875
2020-04-21,21.31672477722168,43.97629928588867,12.818791389465332,19.1943359375,54.86725997924805,40.170013427734375,49.79347229003906,26.97142219543457,23.97962760925293,88.4024658203125,51.5817756652832
2020-04-22,21.73583984375,45.15947723388672,13.275045394897461,19.401702880859375,55.44364929199219,41.71666717529297,50.27381896972656,27.4405574798584,24.678754806518555,89.75212860107422,52.69377899169922
2020-04-23,21.887434005737305,45.481300354003906,13.703530311584473,19.320560455322266,55.882808685302734,41.430240631103516,49.8277702331543,27.1278018951416,24.264299392700195,90.24459838867188,52.67945861816406
2020-04-24,22.230749130249023,46.058692932128906,13.735270500183105,19.60004425048828,56.331119537353516,42.30859375,50.35959243774414,27.2265682220459,24.415010452270508,91.45745849609375,53.57193374633789
2020-04-27,22.823747634887695,46.43730163574219,14.032830238342285,20.2672061920166,57.730926513671875,42.671390533447266,50.50541687011719,28.016698837280273,24.67037582397461,92.63383483886719,54.574153900146484
2020-04-28,23.247318267822266,45.59489059448242,14.354188919067383,20.48358154296875,58.810523986816406,42.10333251953125,50.78847885131836,28.0413875579834,24.76247787475586,90.76439666748047,54.788936614990234
2020-04-29,23.840316772460938,47.80031967163086,15.417460441589355,21.07861328125,59.93586730957031,43.83137512207031,50.574039459228516,28.115461349487305,24.53641700744629,91.36624145507812,55.99638366699219
2020-04-30,23.13139533996582,47.59209060668945,15.076264381408691,20.546689987182617,58.74647521972656,43.63565444946289,49.973602294921875,27.917932510375977,23.971254348754883,90.94676971435547,55.64797592163086
2020-05-01,22.645402908325195,46.92950439453125,14.22326374053955,19.888545989990234,56.971553802490234,42.4374885559082,49.424625396728516,27.061960220336914,23.39353370666504,89.21411895751953,53.5671501159668
2020-05-04,22.72565460205078,47.204002380371094,14.715225219726562,19.70823860168457,56.24877166748047,43.00076675415039,49.39889144897461,27.045501708984375,23.569358825683594,89.16851043701172,53.8582763671875
2020-05-05,22.783615112304688,47.45010757446289,14.727128982543945,19.645122528076172,56.46834945678711,43.592689514160156,49.44179153442383,27.21833610534668,23.76193618774414,91.10179901123047,54.053955078125
2020-05-06,22.391258239746094,47.31758117675781,14.34228801727295,19.221389770507812,55.690670013427734,43.93162536621094,48.901390075683594,26.716276168823242,22.953962326049805,90.1989974975586,54.04440689086914
2020-05-07,22.85049819946289,48.20733642578125,14.715225219726562,19.67217254638672,56.34027099609375,44.59038543701172,48.764156341552734,26.9549617767334,23.046062469482422,90.18988800048828,54.89391326904297
2020-05-08,23.398906707763672,49.08762741088867,15.385725975036621,20.095903396606445,57.74007797241211,45.24436950683594,49.853515625,27.448793411254883,23.510751724243164,90.65495300292969,55.96297073364258
2020-05-11,23.042217254638672,49.11602020263672,15.115938186645508,19.70823860168457,57.017295837402344,45.54511260986328,49.784881591796875,27.119569778442383,23.410274505615234,92.2143325805664,55.838890075683594
2020-05-12,22.689987182617188,48.160011291503906,14.850117683410645,19.1943359375,55.416202545166016,44.604698181152344,49.36458206176758,25.967296600341797,23.20513916015625,90.80997467041016,54.617122650146484
2020-05-13,22.212913513183594,47.33652114868164,14.175652503967285,18.626346588134766,54.025535583496094,43.836143493652344,48.91854476928711,25.555770874023438,23.008386611938477,89.8250961303711,53.67692565917969
2020-05-14,22.484886169433594,47.84764099121094,14.334354400634766,19.104183197021484,54.59278106689453,44.394657135009766,48.7984619140625,25.58869743347168,23.255382537841797,90.80997467041016,54.47871017456055
2020-05-15,22.681076049804688,48.510231018066406,14.27880859375,18.977962493896484,54.4006462097168,44.619022369384766,49.22734069824219,25.498159408569336,22.945589065551758,91.57601928710938,55.11346435546875
2020-05-18,23.715471267700195,49.53248977661133,15.445236206054688,19.9516544342041,57.98709487915039,45.71218490600586,50.00790786743164,26.740968704223633,23.88752555847168,92.3329086303711,57.199066162109375
2020-05-19,23.48808479309082,49.52302551269531,15.012784957885742,19.464807510375977,57.246028900146484,45.54511260986328,49.09009552001953,26.222444534301758,23.49400520324707,91.2203369140625,56.99385452270508
2020-05-20,23.862607955932617,50.8955192565918,15.611867904663086,19.897565841674805,58.31647491455078,46.54279327392578,49.67338562011719,26.469358444213867,23.623779296875,91.32977294921875,57.738365173339844
2020-05-21,23.635217666625977,50.535823822021484,15.361919403076172,19.83445167541504,58.45370864868164,45.893577575683594,49.1244010925293,26.337669372558594,23.385156631469727,90.65495300292969,57.94358825683594
2020-05-22,23.599552154541016,50.83871841430664,15.266700744628906,19.7623291015625,58.407955169677734,46.0606575012207,49.295963287353516,26.913814544677734,23.644712448120117,90.84645080566406,57.857688903808594
2020-05-26,24.24605369567871,50.98069763183594,15.691216468811035,20.790115356445312,60.85993194580078,46.01292037963867,49.56187438964844,27.7697811126709,23.799612045288086,90.68228912353516,58.774009704589844
2020-05-27,24.49127769470215,51.34038543701172,15.893556594848633,21.69167709350586,62.89105224609375,46.27546310424805,50.30813980102539,28.362382888793945,24.08428382873535,91.6216049194336,59.78102111816406
2020-05-28,24.718666076660156,50.8576545715332,15.449198722839355,21.349079132080078,62.29634094238281,46.18478012084961,50.75416946411133,28.683372497558594,24.795976638793945,92.81622314453125,59.05559158325195
2020-05-29,24.723127365112305,51.132144927978516,15.377788543701172,21.105663299560547,61.912078857421875,46.76715087890625,50.805633544921875,28.518760681152344,24.988544464111328,93.93791198730469,59.270355224609375
2020-06-01,24.892553329467773,51.7190055847168,15.647576332092285,21.349079132080078,62.04930877685547,46.75283432006836,51.15732192993164,29.086666107177734,25.285778045654297,93.00775909423828,59.833526611328125
2020-06-02,25.34287452697754,51.9272346496582,16.083995819091797,21.5203800201416,62.85442352294922,47.1920051574707,51.29457092285156,29.275970458984375,25.449050903320312,93.54576873779297,60.344181060791016
2020-06-03,25.91804313659668,52.08815383911133,16.556114196777344,22.322776794433594,65.30638885498047,47.559566497802734,51.36319351196289,29.975566864013672,25.75465202331543,93.36339569091797,61.48482131958008
2020-06-04,26.011669158935547,51.7000732421875,16.560087203979492,22.80961799621582,66.00172424316406,47.16813278198242,51.11443328857422,29.415895462036133,25.29414939880371,92.62471771240234,61.17459487915039
2020-06-05,26.676010131835938,52.54248809814453,17.78999137878418,23.657093048095703,68.4262466430664,48.40928268432617,51.82637023925781,30.494091033935547,25.616504669189453,94.12029266357422,62.6397819519043
2020-06-08,26.71167755126953,53.52689743041992,18.591413497924805,24.107873916625977,69.79862976074219,48.65272903442383,52.38392639160156,31.160764694213867,26.30307388305664,94.76774597167969,63.59428787231445
2020-06-09,26.38619613647461,53.394386291503906,17.893146514892578,23.593982696533203,68.06028747558594,48.881866455078125,51.955047607421875,30.798616409301758,25.77558708190918,93.7828598022461,63.09794616699219
2020-06-10,26.087467193603516,53.233463287353516,17.012372970581055,22.710447311401367,66.43173217773438,49.698150634765625,51.809226989746094,30.222484588623047,25.6248779296875,93.63694763183594,62.50615692138672
2020-06-11,24.072162628173828,50.78193283081055,15.409525871276855,20.853219985961914,61.765689849853516,46.84830093383789,49.844940185546875,28.354148864746094,24.624332427978516,88.42984771728516,59.232177734375
2020-06-12,24.540325164794922,51.226810455322266,15.798334121704102,21.484315872192383,62.96422576904297,47.45454788208008,49.853515625,29.25127410888672,24.56153106689453,89.00434875488281,59.8192024230957
2020-06-15,24.798921585083008,52.050296783447266,15.845942497253418,21.78183364868164,63.586360931396484,47.91282653808594,50.42822265625,29.621654510498047,24.728986740112305,89.2049789428711,60.38713836669922
2020-06-16,25.316123962402344,52.47623825073242,16.302202224731445,22.12442970275879,64.83064270019531,48.93437194824219,51.217369079589844,30.115488052368164,24.842021942138672,91.40274047851562,61.65664291381836
2020-06-17,25.1065673828125,52.54248809814453,15.746759414672852,21.790849685668945,64.36404418945312,48.92481994628906,51.140159606933594,29.76156997680664,24.76666259765625,91.3115463256836,61.49437713623047
2020-06-18,25.124399185180664,52.71287155151367,15.941165924072266,21.763805389404297,64.12617492675781,49.1444206237793,51.40606689453125,29.391193389892578,24.76247787475586,91.00149536132812,61.27006149291992
2020-06-19,25.04860496520996,52.57090377807617,15.699148178100586,21.61955451965332,63.33932113647461,48.80548095703125,51.140159606933594,29.094898223876953,24.067541122436523,91.87693786621094,60.79280090332031
2020-06-22,25.141407012939453,52.68659210205078,15.771881103515625,21.51248550415039,63.4459342956543,49.72502136230469,50.994083404541016,29.011960983276367,24.302242279052734,91.52436065673828,61.417545318603516
2020-06-23,25.199689865112305,53.02804946899414,15.787957191467285,21.612293243408203,63.455135345458984,50.08403015136719,50.9162712097168,28.90414047241211,24.057411193847656,91.91814422607422,61.90068817138672
2020-06-24,24.464452743530273,51.8329963684082,14.911962509155273,20.850149154663086,61.24959182739258,48.954345703125,50.06047058105469,28.165985107421875,23.83790397644043,89.51876831054688,60.53734588623047
2020-06-25,24.76930809020996,52.06062698364258,15.197258949279785,21.40361213684082,61.929630279541016,49.581417083740234,50.41488265991211,28.464563369750977,23.542402267456055,90.3979263305664,60.618675231933594
2020-06-26,24.428590774536133,49.765357971191406,14.670865058898926,20.48722267150879,60.780914306640625,48.604923248291016,49.38618469238281,27.9752254486084,23.293346405029297,89.29899597167969,59.19792938232422
2020-06-29,24.903799057006836,50.68535232543945,14.86776351928711,20.714054107666016,62.77508544921875,49.13626480102539,50.31979751586914,28.456268310546875,23.73236656188965,90.10486602783203,60.32208251953125
2020-06-30,25.262451171875,51.254425048828125,15.20931625366211,20.99532127380371,63.13348388671875,50.01701354980469,50.6915168762207,28.87096405029297,23.82101058959961,91.64341735839844,61.09225845336914
2020-07-01,25.316251754760742,52.52537155151367,14.839632987976074,20.81385612487793,62.84861373901367,50.09840393066406,50.734737396240234,29.65888214111328,24.378231048583984,92.34857177734375,61.709354400634766
2020-07-02,25.79145622253418,52.35464859008789,15.004385948181152,20.841075897216797,63.39079284667969,50.39038848876953,50.994083404541016,29.559349060058594,24.44154930114746,93.04456329345703,61.95331573486328
2020-07-06,26.159074783325195,53.407440185546875,15.048587799072266,21.24029541015625,64.30059051513672,51.271156311035156,51.24476623535156,29.592527389526367,24.141834259033203,93.98785400390625,63.421905517578125
2020-07-07,26.16804313659668,53.255680084228516,14.570405006408691,20.804779052734375,63.069156646728516,50.73503494262695,51.711570739746094,29.111480712890625,24.04474639892578,93.17278289794922,62.426910400390625
2020-07-08,25.795942306518555,53.72989273071289,14.558349609375,21.022539138793945,63.069156646728516,51.563148498535156,51.5818977355957,29.094900131225586,24.260032653808594,93.18193817138672,63.09183883666992
2020-07-09,25.55385398864746,53.79630661010742,13.83907413482666,20.57795524597168,61.69988250732422,51.74982833862305,51.175601959228516,28.995370864868164,23.934993743896484,92.44930267333984,63.02008056640625
2020-07-10,25.9976863861084,54.72577667236328,14.281088829040527,21.28565788269043,62.49940872192383,51.7354850769043,52.11786651611328,29.028541564941406,24.38667106628418,92.22952270507812,63.7711067199707
2020-07-13,25.9976863861084,53.62556076049805,14.204741477966309,21.376392364501953,62.7567138671875,50.663230895996094,52.040061950683594,28.5723819732666,24.412002563476562,92.75150299072266,62.96267318725586
2020-07-14,26.6522216796875,54.15670394897461,14.703012466430664,21.485267639160156,64.11679077148438,51.247222900390625,52.80078125,28.85437774658203,24.639949798583984,94.59226989746094,63.589324951171875
2020-07-15,27.100536346435547,54.47917556762695,15.020456314086914,21.911712646484375,65.75255584716797,51.52486038208008,52.8440055847168,28.98708152770996,24.54286003112793,95.81942749023438,64.49822235107422
2020-07-16,27.19019889831543,54.57402038574219,14.952146530151367,21.911712646484375,65.77095031738281,50.88821792602539,52.95639419555664,28.647029876708984,24.855241775512695,95.66376495361328,64.32601928710938
2020-07-17,27.41883659362793,54.45072937011719,14.743193626403809,21.730243682861328,66.16609954833984,51.13713455200195,53.24165725708008,29.045133590698242,25.416677474975586,96.97332763671875,64.02465057373047
2020-07-20,27.181232452392578,55.10515213012695,14.498079299926758,21.63043975830078,65.35740661621094,52.44391632080078,52.7056884765625,28.771434783935547,25.083194732666016,96.95500183105469,65.04835510253906
2020-07-21,27.41883659362793,54.83959197998047,15.374067306518555,22.056880950927734,66.22123718261719,51.9173698425293,53.163848876953125,28.77972984313965,25.197168350219727,96.89090728759766,65.14881134033203
2020-07-22,27.73713493347168,54.896507263183594,15.185210227966309,22.056880950927734,66.75424194335938,52.333824157714844,53.587432861328125,29.128067016601562,25.585533142089844,97.76089477539062,65.70851135253906
2020-07-23,27.651958465576172,54.00495529174805,15.157083511352539,22.07502555847168,66.55207061767578,50.97437286376953,53.77761459350586,28.97878074645996,25.615083694458008,97.32133483886719,64.72307586669922
2020-07-24,27.557815551757812,53.91958999633789,15.072697639465332,22.020587921142578,66.01908111572266,50.35688018798828,53.70845031738281,28.8626651763916,25.44622802734375,96.24986267089844,64.83786010742188
2020-07-27,27.95681381225586,54.28948974609375,15.088768005371094,21.83912467956543,66.29474639892578,51.151485443115234,53.97643280029297,29.20271873474121,25.1380672454834,96.97332763671875,65.23969268798828
2020-07-28,27.342628479003906,53.72989273071289,14.83159351348877,21.784685134887695,65.83527374267578,50.553131103515625,54.175262451171875,29.791587829589844,25.517990112304688,96.8634262084961,64.5938949584961
2020-07-29,27.566776275634766,54.22309875488281,15.141006469726562,22.192974090576172,66.83695983886719,51.28551483154297,54.25306701660156,30.355560302734375,25.636194229125977,97.87995147705078,65.24925994873047
2020-07-30,27.033287048339844,54.374839782714844,14.546295166015625,21.79375457763672,66.16609954833984,51.572723388671875,54.25306701660156,30.10675811767578,25.636194229125977,97.20227813720703,65.19664001464844
2020-07-31,27.06018829345703,55.13361358642578,14.477984428405762,21.802825927734375,65.9179916381836,52.86036682128906,54.201202392578125,30.073572158813477,25.678403854370117,96.64363861083984,65.53630065917969
2020-08-03,26.907760620117188,55.18103790283203,14.53022289276123,21.866350173950195,66.19367218017578,54.1623649597168,54.054237365722656,29.592527389526367,25.399797439575195,97.64183807373047,65.39754486083984
2020-08-04,27.28882598876953,55.53196716308594,14.883832931518555,21.775611877441406,66.35907745361328,54.301185607910156,54.728515625,30.032102584838867,25.678403854370117,97.21143341064453,65.92377471923828
2020-08-05,27.687824249267578,55.44660186767578,15.040547370910645,22.07502555847168,67.62728118896484,54.50223159790039,54.61613082885742,29.80817413330078,25.349136352539062,97.66017150878906,66.72742462158203
2020-08-06,27.571260452270508,56.9072265625,14.920001983642578,22.06595230102539,67.88455963134766,55.26811218261719,54.60748291015625,29.866220474243164,25.496883392333984,97.13818359375,67.0527114868164
2020-08-07,27.6654052734375,56.8408317565918,14.940089225769043,22.537755966186523,69.04247283935547,54.444786071777344,54.90139389038086,30.27263069152832,25.95701026916504,97.44954681396484,67.15319061279297
2020-08-10,27.93439292907715,56.65113830566406,15.402198791503906,22.70107650756836,70.7425765991211,54.291622161865234,55.18667221069336,30.222854614257812,25.94856834411621,97.1198501586914,67.95681762695312
2020-08-11,27.88508415222168,55.807010650634766,15.34996223449707,22.964197158813477,71.11936950683594,53.315101623535156,54.80631637573242,29.642301559448242,25.387126922607422,96.50627136230469,67.8228759765625
2020-08-12,28.05095863342285,56.47093200683594,15.502655982971191,22.900684356689453,71.34910583496094,54.52616882324219,55.515167236328125,30.015512466430664,25.75438690185547,98.12723541259766,68.72222137451172
2020-08-13,28.046476364135742,56.75546646118164,15.20128059387207,22.755516052246094,70.97234344482422,54.55009841918945,55.47193908691406,29.667177200317383,25.712175369262695,97.99900817871094,68.69351196289062
2020-08-14,28.07785987854004,56.745975494384766,15.345941543579102,22.84624481201172,71.24803161621094,54.51179885864258,55.46329879760742,29.741825103759766,25.48844337463379,97.80667877197266,68.688720703125
2020-08-17,28.203384399414062,56.812374114990234,15.257536888122559,22.465173721313477,70.91715240478516,54.87559509277344,55.77450180053711,30.007232666015625,25.454668045043945,98.38363647460938,69.57369232177734
2020-08-18,28.086822509765625,57.32453918457031,15.06466007232666,22.320003509521484,70.53121948242188,55.08143615722656,55.99925994873047,29.974050521850586,25.340696334838867,98.35619354248047,70.0042495727539
2020-08-19,28.006128311157227,57.163299560546875,14.891874313354492,22.310928344726562,70.34740447998047,55.01441955566406,55.55839157104492,29.360307693481445,25.264711380004883,98.03565216064453,69.67415618896484
2020-08-20,27.90749740600586,57.87464141845703,14.570405006408691,22.102249145507812,69.97064971923828,55.74679183959961,55.44601058959961,29.67546844482422,25.040979385375977,97.72428894042969,69.56892395019531
2020-08-21,27.746109008789062,57.61857223510742,14.477984428405762,22.056880950927734,70.25553131103516,56.45524215698242,55.58431625366211,29.77499771118164,25.083194732666016,97.82502746582031,69.92770385742188
2020-08-24,28.234766006469727,58.3204231262207,14.875801086425781,22.58312225341797,71.52371978759766,56.943477630615234,56.05976486206055,29.816463470458984,25.30270004272461,97.37626647949219,70.98968505859375
2020-08-25,28.122684478759766,58.87051773071289,14.66684627532959,22.646635055541992,71.43182373046875,57.23069381713867,55.938743591308594,29.907703399658203,25.062088012695312,98.03565216064453,71.22409057617188
2020-08-26,28.418575286865234,60.88125228881836,14.357433319091797,22.537755966186523,71.46858978271484,58.393882751464844,56.00790023803711,29.700355529785156,24.783475875854492,97.91659545898438,71.92726135253906
2020-08-27,28.342361450195312,60.14144515991211,14.3855619430542,22.918832778930664,71.72589111328125,58.441741943359375,56.35368728637695,30.098461151123047,24.863685607910156,98.68584442138672,71.53978729248047
2020-08-28,28.67859649658203,60.28370666503906,14.64273452758789,23.009563446044922,72.40595245361328,58.95393753051758,56.85506820678711,30.3306884765625,24.935443878173828,98.90562438964844,72.00858306884766
2020-08-31,28.2392520904541,59.999176025390625,14.32529067993164,22.737369537353516,71.50533294677734,59.1406135559082,56.69081115722656,30.065279006958008,25.011428833007812,99.14373779296875,71.79811096191406
2020-09-01,29.032766342163086,60.49237823486328,14.228850364685059,22.80087661743164,72.23133087158203,60.270301818847656,56.751338958740234,30.015512466430664,24.72437858581543,98.25543212890625,72.54916381835938
2020-09-02,29.691787719726562,61.78227233886719,14.160540580749512,23.127511978149414,73.42598724365234,60.80640411376953,57.780025482177734,30.687318801879883,25.49266242980957,100.22441101074219,73.5537109375
2020-09-03,28.87137222290039,59.68618392944336,14.056062698364258,22.773658752441406,71.36750030517578,57.34078598022461,56.785911560058594,30.173105239868164,25.205610275268555,97.49533081054688,71.21929931640625
2020-09-04,28.889307022094727,58.595462799072266,14.011861801147461,22.946048736572266,71.53289031982422,56.54139709472656,56.65623474121094,30.065279006958008,25.062088012695312,96.79931640625,70.39649963378906
2020-09-08,28.346845626831055,57.04948806762695,13.501534461975098,22.35629653930664,70.19120788574219,53.98526382446289,55.46329879760742,29.683765411376953,24.922780990600586,95.20584106445312,69.47322082519531
2020-09-09,29.07759666442871,57.73236846923828,13.59395694732666,22.58312225341797,71.27558898925781,55.74679183959961,56.26723098754883,30.007232666015625,25.252044677734375,96.89090728759766,70.78398895263672
2020-09-10,28.804121017456055,56.87876510620117,13.095685005187988,22.265562057495117,70.36581420898438,54.48786544799805,55.575679779052734,29.58423614501953,24.817249298095703,95.40731811523438,69.76984405517578
2020-09-11,29.171741485595703,56.69855880737305,13.107738494873047,22.4198055267334,71.32154083251953,54.071414947509766,55.886878967285156,29.484710693359375,24.876344680786133,95.78279876708984,69.87507629394531
2020-09-14,29.593158721923828,56.91669845581055,13.208197593688965,22.72829246520996,72.28646850585938,55.20588684082031,56.24995040893555,30.206279754638672,25.218278884887695,97.15648651123047,70.61654663085938
2020-09-15,29.736616134643555,57.93155288696289,13.111759185791016,22.4198055267334,72.3324203491211,55.7515869140625,56.172142028808594,30.60438346862793,25.387126922607422,97.28469848632812,71.19535064697266
2020-09-16,29.759033203125,57.30555725097656,13.638155937194824,22.67384910583496,73.06757354736328,54.889957427978516,55.92145538330078,30.803438186645508,25.353357315063477,97.1198501586914,70.79832458496094
2020-09-17,29.978700637817383,56.25279235839844,13.658248901367188,22.43795394897461,73.21463012695312,54.43521499633789,55.5670166015625,30.123334884643555,25.146514892578125,96.79931640625,69.80332946777344
2020-09-18,29.46314239501953,55.7121696472168,13.50555419921875,22.392589569091797,72.39675903320312,53.497005462646484,55.057003021240234,29.526180267333984,24.703269958496094,96.65280151367188,68.83224487304688
2020-09-21,28.471309661865234,55.060157775878906,13.057900428771973,21.831520080566406,69.99351501464844,53.94172668457031,54.63698959350586,28.736021041870117,24.549570083618164,94.86727142333984,67.83797454833984
2020-09-22,28.525360107421875,56.124671936035156,12.923113822937012,21.649063110351562,70.68541717529297,54.795654296875,54.958736419677734,29.078121185302734,24.70284652709961,94.66497802734375,69.27136993408203
2020-09-23,27.687572479248047,54.78452682495117,12.33903980255127,21.165538787841797,69.42152404785156,53.08778381347656,54.13261413574219,28.243738174438477,24.323917388916016,93.69039154052734,68.13521575927734
2020-09-24,27.885757446289062,54.88906478881836,12.334956169128418,21.21114730834961,69.52299499511719,53.385231018066406,54.532630920410156,28.377243041992188,24.596403121948242,93.22146606445312,68.1064453125
2020-09-25,28.133493423461914,55.62092971801758,12.326787948608398,21.430103302001953,70.56549835205078,54.66133499145508,54.81959533691406,28.92793083190918,25.000885009765625,94.72015380859375,68.99333190917969
2020-09-28,28.588420867919922,56.36227798461914,12.616783142089844,21.940994262695312,71.83860778808594,55.7071647644043,55.43702697753906,29.42855453491211,25.064743041992188,95.57520294189453,70.43624877929688
2020-09-29,28.376724243164062,56.41931915283203,12.26960563659668,21.66730499267578,71.20203399658203,55.52006530761719,55.0717887878418,29.27836799621582,25.056228637695312,95.45570373535156,69.88977813720703
2020-09-30,28.664997100830078,56.45733642578125,12.232847213745117,21.95924186706543,71.01753234863281,55.98540496826172,55.74138259887695,29.42855453491211,25.281888961791992,96.98196411132812,70.46023559570312
2020-10-01,28.259614944458008,57.26522445678711,11.857081413269043,21.995738983154297,70.80536651611328,56.57548141479492,56.0544319152832,29.912498474121094,25.537343978881836,96.65095520019531,71.38066101074219
2020-10-02,28.5118465423584,56.134178161621094,11.971444129943848,22.169071197509766,71.59873962402344,55.14106750488281,55.74138259887695,30.396440505981445,25.839635848999023,95.76830291748047,71.07864379882812
2020-10-05,29.056861877441406,57.056129455566406,12.330873489379883,22.53399658203125,72.75193786621094,56.35000991821289,56.11530303955078,30.563310623168945,26.16321563720703,97.73590087890625,72.01821899414062
2020-10-06,28.6920223236084,55.858543395996094,12.147075653076172,22.305919647216797,71.86626434326172,55.47688674926758,55.75008010864258,30.30465316772461,26.384613037109375,96.43949127197266,70.685546875
2020-10-07,29.430715560913086,56.26723861694336,12.318619728088379,22.679967880249023,73.45306396484375,56.493934631347656,56.35010528564453,30.38809585571289,26.546403884887695,98.25996398925781,72.30109405517578
2020-10-08,29.727994918823242,56.999088287353516,12.780160903930664,22.99015235900879,74.181884765625,56.78657150268555,56.724029541015625,30.897071838378906,27.03177833557129,98.73808288574219,72.77568817138672
2020-10-09,29.95771026611328,57.34125518798828,12.575940132141113,23.01751708984375,74.45861053466797,57.6548957824707,57.167510986328125,30.81362533569336,27.02752113342285,99.62992858886719,73.53311157226562
2020-10-12,29.90816307067871,58.852481842041016,12.608613967895508,23.272966384887695,74.88299560546875,59.22844314575195,57.82841491699219,30.9721622467041,27.19782257080078,100.31031799316406,74.51104736328125
2020-10-13,29.642417907714844,58.909515380859375,12.41256046295166,22.825937271118164,74.05269622802734,58.849430084228516,57.784950256347656,30.446504592895508,27.01049041748047,99.54716491699219,74.49667358398438
2020-10-14,29.727994918823242,58.206180572509766,12.465660095214844,22.606979370117188,74.46785736083984,58.53761672973633,57.4892692565918,30.096059799194336,26.976425170898438,98.96794128417969,73.67212677001953
2020-10-15,29.642417907714844,57.75946807861328,12.616783142089844,22.78031349182129,74.73539733886719,58.27375411987305,57.52406311035156,30.23790740966797,26.95939826965332,98.25076293945312,73.94538116455078
2020-10-16,29.849609375,57.76896667480469,12.330873489379883,22.798559188842773,75.27970123291016,58.1058464050293,57.54145050048828,30.12944221496582,27.248916625976562,99.22537231445312,73.27423095703125
2020-10-19,29.502782821655273,56.73295593261719,12.069467544555664,22.451887130737305,74.3479232788086,57.04082489013672,56.79359817504883,29.65383529663086,27.019004821777344,97.65312957763672,72.37299346923828
2020-10-20,29.570344924926758,57.14165496826172,12.212425231933594,22.634347915649414,74.73539733886719,57.23752212524414,56.73271942138672,29.854089736938477,27.180795669555664,97.78184509277344,72.95304870605469
2020-10-21,29.45774269104004,58.101627349853516,11.979612350463867,22.5157470703125,73.97891235351562,57.15116500854492,56.78490447998047,29.74561882019043,27.108413696289062,97.2945785522461,72.55514526367188
2020-10-22,29.61989402770996,58.481807708740234,12.473827362060547,22.962778091430664,74.5877914428711,56.88251495361328,56.75880432128906,29.537033081054688,27.49160385131836,98.76567077636719,72.70378112792969
2020-10-23,29.727994918823242,59.0330810546875,12.41256046295166,23.035762786865234,74.88299560546875,56.82014846801758,56.863162994384766,29.72893524169922,27.5682430267334,99.13343811035156,73.34135437011719
2020-10-26,28.98479652404785,57.74046325683594,11.967358589172363,22.5157470703125,73.0102310180664,55.58723831176758,56.13269805908203,29.370159149169922,27.559728622436523,98.03009796142578,71.93193817138672
2020-10-27,28.71004295349121,58.11112594604492,11.812151908874512,22.105207443237305,71.41423797607422,55.865474700927734,55.9848518371582,28.99468231201172,27.538436889648438,97.35892486572266,71.89839935302734
2020-10-28,27.89927101135254,55.83002853393555,11.317935943603516,21.539579391479492,69.07096862792969,53.49557113647461,54.35001754760742,28.352205276489258,26.737998962402344,94.26960754394531,69.62611389160156
2020-10-29,28.475814819335938,57.2367057800293,11.665111541748047,21.703792572021484,70.07653045654297,54.38788986206055,54.332618713378906,28.677610397338867,26.810379028320312,93.49730682373047,70.067138671875
2020-10-30,28.457796096801758,56.26723861694336,11.730462074279785,21.76766014099121,69.99351501464844,53.18374252319336,54.14131164550781,28.494056701660156,26.559179306030273,93.46973419189453,68.53789520263672
2020-11-02,29.403690338134766,56.23872756958008,12.130736351013184,22.178194046020508,71.88472747802734,53.31806182861328,55.002220153808594,29.194931030273438,27.142475128173828,95.15228271484375,69.0268783569336
2020-11-03,29.86311912536621,57.07512664794922,12.061300277709961,22.670841217041016,74.00658416748047,54.25835418701172,55.90660095214844,29.65383529663086,27.534177780151367,96.5406494140625,70.5465316772461
2020-11-04,29.354135513305664,59.53681182861328,12.07763671875,22.406274795532227,73.24087524414062,56.36919403076172,55.93268966674805,29.73727035522461,27.12118911743164,100.82518005371094,72.04701232910156
2020-11-05,30.552276611328125,60.6868782043457,12.07763671875,22.953655242919922,74.96602630615234,58.12024688720703,56.341407775878906,29.845748901367188,27.363874435424805,101.02747344970703,73.45160675048828
2020-11-06,30.628847122192383,60.5443000793457,11.81623363494873,22.771194458007812,75.03984069824219,58.3265266418457,56.60227966308594,29.72893524169922,27.30426788330078,101.06425476074219,73.2311019897461
2020-11-09,31.317989349365234,60.03105926513672,13.503101348876953,24.64142417907715,77.59526824951172,57.90435791015625,56.47184371948242,30.513254165649414,27.810924530029297,102.01126861572266,72.99138641357422
2020-11-10,31.687339782714844,59.84096908569336,13.940135955810547,24.769147872924805,78.96063995361328,56.8249397277832,57.584922790527344,30.680126190185547,28.211149215698242,102.30548095703125,72.73253631591797
2020-11-11,31.214401245117188,60.38273239135742,13.797181129455566,24.668794631958008,78.29643249511719,58.17300796508789,58.08061599731445,30.913755416870117,28.31757926940918,102.17674255371094,73.3701171875
2020-11-12,30.55677032470703,60.04056167602539,13.35197925567627,24.258251190185547,77.40155792236328,57.6548957824707,57.924068450927734,30.596689224243164,27.862024307250977,101.79977416992188,72.38736724853516
2020-11-13,31.08377456665039,60.933998107910156,13.838027000427246,24.659671783447266,79.11749267578125,58.14422607421875,58.72411346435547,31.297571182250977,28.138761520385742,103.08699798583984,73.56185913085938
2020-11-16,31.696340560913086,61.323692321777344,14.748852729797363,25.20705223083496,81.04559326171875,58.70552444458008,59.263267517089844,31.497821807861328,28.424022674560547,102.91231536865234,74.52543640136719
2020-11-17,31.579233169555664,61.10508346557617,14.899975776672363,25.170564651489258,80.83343505859375,58.37929916381836,58.84584426879883,31.514507293701172,27.86627769470215,102.2411117553711,74.20903778076172
2020-11-18,31.317989349365234,60.48727798461914,14.467024803161621,24.93336296081543,80.4736328125,57.75563430786133,58.037109375,30.980512619018555,27.321298599243164,100.337890625,73.7009048461914
2020-11-19,31.4486141204834,60.85796356201172,14.703920364379883,25.015470504760742,80.67658996582031,58.220985412597656,58.19363784790039,31.030569076538086,27.048809051513672,100.26434326171875,74.06523895263672
2020-11-20,31.421594619750977,60.715396881103516,14.626317024230957,24.7965145111084,79.94778442382812,57.621315002441406,57.82841491699219,30.821975708007812,27.05306625366211,100.03449249267578,73.67689514160156
2020-11-23,31.68282699584961,60.74391174316406,15.659677505493164,25.261798858642578,81.28546142578125,57.60691452026367,57.84580993652344,30.721845626831055,27.057321548461914,99.77703094482422,74.48709869384766
2020-11-24,32.4710807800293,61.989009857177734,16.464309692382812,26.1467342376709,82.7061767578125,58.408084869384766,58.23714065551758,30.705162048339844,27.346843719482422,100.07125091552734,75.59447479248047
2020-11-25,32.133262634277344,61.9795036315918,16.080368041992188,26.055498123168945,82.078857421875,58.53281021118164,58.20235061645508,30.780250549316406,27.41922378540039,99.70349884033203,75.68556213378906
2020-11-27,32.29991149902344,62.378692626953125,15.89249038696289,25.9733943939209,81.94047546386719,58.84464645385742,58.19363784790039,30.721845626831055,27.1467342376709,100.62294006347656,75.8485336303711
2020-11-30,31.975614547729492,62.16008758544922,15.014336585998535,25.43513298034668,81.21165466308594,59.23802947998047,58.18494415283203,30.45484733581543,26.755037307739258,100.89875030517578,75.38831329345703
2020-12-01,32.326934814453125,63.30064392089844,15.08377456665039,25.827423095703125,81.00868225097656,59.99601364135742,58.698001861572266,30.838659286499023,26.942365646362305,101.74463653564453,75.94922637939453
2020-12-02,31.912548065185547,63.88993453979492,15.573904037475586,26.110240936279297,81.1194076538086,59.904876708984375,58.21104431152344,30.513254165649414,27.12118911743164,102.50778198242188,75.47463989257812
2020-12-03,31.691848754882812,63.604793548583984,15.73728084564209,26.119361877441406,81.33160400390625,59.866477966308594,58.35886764526367,30.738534927368164,26.840181350708008,102.37904357910156,75.68556213378906
2020-12-04,32.331443786621094,63.66181182861328,16.595012664794922,26.43867301940918,82.30026245117188,60.46615982055664,58.811058044433594,31.14738655090332,26.571950912475586,103.47317504882812,75.75745391845703
2020-12-07,32.11974334716797,64.0610122680664,16.206987380981445,26.25621223449707,81.90357971191406,60.638858795166016,58.58498001098633,30.838659286499023,26.72096824645996,102.83873748779297,75.58488464355469
2020-12-08,32.29991149902344,63.96596145629883,16.447973251342773,26.247087478637695,82.30026245117188,60.83555221557617,58.90672302246094,30.696813583374023,26.64007568359375,103.62026977539062,75.42667388916016
2020-12-09,32.31793212890625,63.205589294433594,16.484731674194336,26.1832275390625,82.48477935791016,59.6697883605957,58.67192459106445,30.413124084472656,26.593238830566406,103.2616958618164,75.35478210449219
2020-12-10,32.11974334716797,63.243621826171875,16.99120330810547,26.22884178161621,81.70061492919922,59.75613021850586,58.41104507446289,30.246248245239258,26.45699691772461,103.08699798583984,75.28765869140625
2020-12-11,31.935075759887695,63.62379837036133,16.795143127441406,25.964269638061523,81.89434814453125,59.631412506103516,58.54148483276367,30.262937545776367,26.499576568603516,102.68245697021484,74.92813110351562
2020-12-14,31.529691696166992,63.424217224121094,16.206987380981445,25.663206100463867,80.83343505859375,59.8472900390625,58.315399169921875,30.045991897583008,26.36332130432129,101.91011047363281,75.03838348388672
2020-12-15,32.101722717285156,63.94694519042969,16.52557373046875,26.101119995117188,81.95892333984375,60.845157623291016,58.454524993896484,30.57166290283203,26.88275718688965,103.013427734375,76.04988861083984
2020-12-16,32.01163864135742,63.88993453979492,16.443889617919922,26.1467342376709,81.4515380859375,61.257720947265625,58.56755828857422,30.580007553100586,26.571950912475586,102.71002197265625,76.5484390258789
2020-12-17,32.3809928894043,63.728363037109375,16.366281509399414,26.219715118408203,81.94969177246094,61.74226379394531,58.941497802734375,30.938785552978516,26.750776290893555,103.81336212158203,77.07097625732422
2020-12-18,32.52512741088867,63.78539276123047,16.092626571655273,25.99164390563965,81.95892333984375,61.52638244628906,59.07195281982422,30.404773712158203,26.52086067199707,103.89610290527344,76.69705200195312
2020-12-21,32.352664947509766,63.239906311035156,15.782198905944824,26.34200668334961,81.4642562866211,61.587928771972656,58.435333251953125,30.130937576293945,26.199697494506836,102.85655212402344,75.83064270019531
2020-12-22,32.153480529785156,62.64966583251953,15.517300605773926,26.08519744873047,81.08444213867188,62.121681213378906,58.02320098876953,30.342239379882812,26.148174285888672,102.54267120361328,75.50405883789062
2020-12-23,32.19874572753906,63.01142883300781,15.860840797424316,26.516277313232422,81.51055145263672,61.65044403076172,58.21610641479492,30.054872512817383,26.096651077270508,102.61653137207031,75.6673583984375
2020-12-24,32.40245819091797,63.07804870605469,15.778058052062988,26.552967071533203,81.51982116699219,62.05917739868164,58.505489349365234,30.35068702697754,26.28127670288086,102.91194152832031,75.82585144042969
2020-12-28,32.275699615478516,64.21090698242188,15.67872428894043,26.681373596191406,81.6217269897461,62.76121520996094,58.9702262878418,30.59579086303711,26.39720344543457,103.17045593261719,76.6903305053711
2020-12-29,32.19874572753906,64.15379333496094,15.575247764587402,26.589658737182617,81.13074493408203,62.463077545166016,58.794857025146484,30.359146118164062,26.39291000366211,103.6597671508789,76.71434783935547
2020-12-30,32.64236831665039,63.72540283203125,15.819450378417969,26.70889663696289,81.64950561523438,62.42941665649414,58.733463287353516,30.528186798095703,26.526010513305664,103.64130401611328,77.17540740966797
2020-12-31,32.76912307739258,64.23948669433594,15.687000274658203,27.03908348083496,82.02933502197266,62.52077865600586,59.14560317993164,30.900060653686523,26.921022415161133,104.730712890625,77.21864318847656
2021-01-04,32.4567756652832,63.287498474121094,15.711834907531738,26.67220115661621,80.04692077636719,61.501373291015625,58.505489349365234,29.902738571166992,26.242633819580078,104.27830505371094,76.56546020507812
2021-01-05,33.18558120727539,63.51598358154297,16.41547203063965,26.79143714904785,80.8343276977539,61.90048599243164,58.505489349365234,29.868932723999023,26.238338470458984,105.03536224365234,77.13697814941406
2021-01-06,34.54359817504883,63.21133041381836,16.91629981994629,27.974632263183594,82.76115417480469,60.832984924316406,58.54932403564453,29.725257873535156,26.89097023010254,106.47561645507812,77.92462921142578
2021-01-07,34.80162811279297,64.04906463623047,17.164640426635742,28.37820053100586,83.21508026123047,62.47270202636719,58.37395477294922,29.81822395324707,26.538896560668945,107.86044311523438,79.42788696289062
2021-01-08,34.63414001464844,64.24898529052734,17.143945693969727,28.359851837158203,83.0112533569336,62.87663269042969,58.6633186340332,30.139392852783203,26.76216697692871,108.37743377685547,81.06564331054688
2021-01-11,34.63414001464844,63.10663986206055,17.412981033325195,28.45157814025879,82.98347473144531,62.3572883605957,58.16349792480469,29.632274627685547,26.513137817382812,108.8852310180664,79.55277252197266
2021-01-12,35.073238372802734,62.08800506591797,18.021427154541016,28.745079040527344,83.80792999267578,62.05917739868164,57.970577239990234,29.657634735107422,26.37143898010254,107.70348358154297,80.76787567138672
2021-01-13,34.71561813354492,62.30695724487305,17.880699157714844,28.726736068725586,83.08538055419922,62.45346450805664,58.05826950073242,30.063325881958008,26.88667869567871,107.9989242553711,80.7630844116211
2021-01-14,34.597930908203125,61.9547233581543,18.410491943359375,28.855140686035156,83.37254333496094,61.905296325683594,57.75135803222656,30.249267578125,26.783632278442383,107.65731811523438,80.24917602539062
2021-01-15,34.1045036315918,62.154640197753906,17.69443702697754,28.37820053100586,82.2886962890625,61.270565032958984,57.549678802490234,30.71412467956543,27.045543670654297,107.98969268798828,79.62962341308594
2021-01-19,34.22220993041992,63.27797317504883,18.050397872924805,28.45157814025879,82.55735778808594,62.068782806396484,57.295379638671875,30.511276245117188,26.9424991607666,108.80211639404297,80.08109283447266
2021-01-20,34.335365295410156,65.26760864257812,18.116621017456055,28.332334518432617,83.06685638427734,63.299781799316406,57.400596618652344,31.14516258239746,27.101354598999023,109.4022216796875,81.59394836425781
2021-01-21,33.83291244506836,65.50560760498047,17.504043579101562,28.0296573638916,82.41841888427734,64.11722564697266,57.20769500732422,31.043746948242188,26.9424991607666,108.8852310180664,81.97335815429688
2021-01-22,33.66993713378906,65.53414154052734,17.412981033325195,27.827878952026367,81.99227142333984,63.87199783325195,57.058624267578125,31.11981201171875,26.98114013671875,108.56207275390625,81.6948013305664
2021-01-25,33.493412017822266,65.9149398803711,17.235004425048828,27.6260929107666,81.43645477294922,64.40574645996094,57.628604888916016,31.398717880249023,27.522130966186523,109.27298736572266,81.99736022949219
2021-01-26,33.03166580200195,66.809814453125,16.86662483215332,27.405961990356445,80.68611145019531,64.44901275634766,58.14595413208008,31.719886779785156,27.24734115600586,108.86676025390625,81.9445571899414
2021-01-27,32.05842590332031,64.64881896972656,16.638978958129883,26.59882926940918,79.08350372314453,63.232452392578125,57.16386413574219,31.314208984375,26.513137817382812,105.56160736083984,79.41828918457031
2021-01-28,32.610687255859375,64.87731170654297,16.83351707458496,27.0941162109375,80.25996398925781,63.49210739135742,57.38306427001953,31.398717880249023,26.830862045288086,107.1033935546875,79.66804504394531
2021-01-29,31.976932525634766,63.668277740478516,16.27474594116211,26.552967071533203,78.52767181396484,61.99665832519531,56.199283599853516,31.069101333618164,26.684877395629883,106.19863891601562,77.80935668945312
2021-02-01,32.352664947509766,64.8582534790039,16.39063835144043,26.90150260925293,79.34288024902344,63.549800872802734,56.25190353393555,31.770601272583008,26.813684463500977,106.6048355102539,79.83133697509766
2021-02-02,32.77817916870117,65.84832000732422,16.56861686706543,27.55272102355957,81.02883911132812,64.4105453491211,56.62895965576172,31.905838012695312,27.03266143798828,106.90950012207031,81.52669525146484
2021-02-03,32.841556549072266,66.73363494873047,17.276399612426758,27.70863914489746,81.08444213867188,64.18934631347656,56.716636657714844,31.779056549072266,26.946786880493164,106.15247344970703,81.0704345703125
2021-02-04,32.72386169433594,67.13348388671875,17.4667911529541,28.32316780090332,81.95523834228516,65.21356964111328,57.128780364990234,31.956544876098633,27.157176971435547,106.59562683105469,81.9349594116211
2021-02-05,33.2851676940918,67.98075103759766,17.615795135498047,28.332334518432617,82.43693542480469,65.0693130493164,57.66366958618164,32.06642150878906,27.303159713745117,106.78948211669922,82.71778106689453
2021-02-08,33.56130599975586,68.24732971191406,18.35254669189453,28.699214935302734,83.14097595214844,65.75212860107422,57.88289260864258,32.134037017822266,27.0927677154541,106.91874694824219,83.1884536743164
2021-02-09,33.31233215332031,68.47579193115234,18.158010482788086,28.708385467529297,83.35401153564453,65.6751937866211,57.83026885986328,32.277713775634766,27.13141441345215,107.07569122314453,82.72737884521484
2021-02-10,33.27610778808594,69.12311553955078,18.505693435668945,28.708385467529297,83.22433471679688,65.57902526855469,57.76890563964844,32.49747085571289,27.23875617980957,107.26956939697266,81.91090393066406
2021-02-11,33.307796478271484,69.19928741455078,18.220096588134766,28.616670608520508,83.04833221435547,66.30032348632812,57.51460266113281,32.43830108642578,27.084186553955078,107.47269439697266,81.68518829345703
2021-02-12,33.65184020996094,69.49440002441406,18.489133834838867,28.910173416137695,83.65046691894531,66.64170837402344,57.60230255126953,32.429840087890625,26.88667869567871,108.27587890625,81.80045318603516
2021-02-16,33.58845520019531,69.82758331298828,18.952709197998047,29.405460357666016,83.56710052490234,66.42534637451172,57.49706268310547,32.08332824707031,26.586116790771484,107.20494842529297,81.44505310058594
2021-02-17,33.57035827636719,70.0274887084961,19.234163284301758,29.552213668823242,83.33548736572266,65.83869934082031,57.70752716064453,32.10868453979492,26.60759162902832,107.59269714355469,81.91571044921875
2021-02-18,33.36212158203125,69.68478393554688,18.799558639526367,29.377944946289062,82.91863250732422,65.51651000976562,57.672447204589844,32.09177780151367,26.766454696655273,106.91874694824219,81.93974304199219
2021-02-19,33.973236083984375,68.9993667602539,19.114131927490234,29.726482391357422,84.28038787841797,65.42034912109375,56.94463348388672,32.19319534301758,26.367149353027344,105.62623596191406,81.46427154541016
2021-02-22,34.1045036315918,68.72329711914062,19.776378631591797,30.001644134521484,84.54901885986328,63.97779083251953,56.99723815917969,32.3791389465332,25.85191535949707,105.3769760131836,79.74486541748047
2021-02-23,34.22220993041992,69.25641632080078,20.103363037109375,30.18508529663086,84.80840301513672,63.79985809326172,57.07616424560547,32.49747085571289,26.066593170166016,105.2015380859375,79.22138214111328
2021-02-24,34.52096939086914,69.38015747070312,20.815282821655273,30.772098541259766,86.41102600097656,64.7759780883789,57.04109191894531,32.64959716796875,25.761749267578125,105.93089294433594,80.05226135253906
2021-02-25,33.72425079345703,67.86652374267578,20.413793563842773,30.212596893310547,84.81766510009766,62.51115798950195,56.41849899291992,32.11712646484375,25.529890060424805,104.86918640136719,77.07454681396484
2021-02-26,33.29422378540039,68.13308715820312,19.92952537536621,29.634761810302734,83.9376449584961,62.84297180175781,55.50654602050781,31.55929946899414,25.057592391967773,103.96443939208984,77.39634704589844
2021-03-01,34.13620376586914,69.87519073486328,20.4469051361084,30.561140060424805,86.0867691040039,64.86736297607422,56.067752838134766,31.593111038208008,25.61147117614746,105.32157135009766,79.21176147460938
2021-03-02,34.32632064819336,69.3611068725586,20.335155487060547,30.451072692871094,85.83667755126953,63.83832550048828,55.97129821777344,31.398717880249023,25.534189224243164,105.01691436767578,78.29927062988281
2021-03-03,33.986812591552734,68.37106323242188,20.63316535949707,30.689542770385742,85.9293212890625,62.232276916503906,55.7082405090332,31.00994300842285,25.233633041381836,103.68745422363281,76.45980072021484
2021-03-04,33.32591247558594,68.24732971191406,21.125713348388672,30.341007232666016,84.55828857421875,60.857025146484375,55.50654602050781,30.78173828125,25.21216583251953,102.29339599609375,74.84127044677734
2021-03-05,34.0909309387207,69.84664154052734,21.916269302368164,30.918842315673828,86.5592269897461,62.00627517700195,56.73418426513672,31.136716842651367,25.624353408813477,104.34293365478516,75.31676483154297
2021-03-08,34.548133850097656,68.91368103027344,21.95765495300293,31.313241958618164,87.46707916259766,60.506004333496094,56.97970962524414,31.288848876953125,25.98501968383789,104.0844497680664,75.40797424316406
2021-03-09,34.760894775390625,69.68478393554688,21.572725296020508,31.028905868530273,87.10579681396484,62.56406784057617,56.927093505859375,31.643829345703125,26.32850456237793,104.69377899169922,78.25602722167969
2021-03-10,35.33578872680664,69.97990417480469,22.119083404541016,31.66177749633789,88.39341735839844,62.314029693603516,57.672447204589844,31.956544876098633,26.50884246826172,104.9338150024414,78.65465545654297
2021-03-11,35.52590560913086,71.30314636230469,22.127361297607422,31.570056915283203,88.45826721191406,63.64598846435547,57.53215026855469,32.429840087890625,26.44013786315918,105.57083892822266,79.86014556884766
2021-03-12,35.620975494384766,71.10323333740234,22.172887802124023,31.891084671020508,89.64401245117188,63.189170837402344,58.00566482543945,32.987674713134766,26.7965087890625,105.8016586303711,80.09548950195312
2021-03-15,35.66170883178711,71.6077880859375,21.920408248901367,31.707639694213867,90.39439392089844,63.862369537353516,58.25995635986328,33.35955810546875,27.139999389648438,106.53099822998047,81.1712875366211
2021-03-16,35.367469787597656,72.35985565185547,21.29541015625,31.37744140625,89.10673522949219,64.34322357177734,58.33010482788086,33.35955810546875,27.174352645874023,106.46637725830078,80.33081817626953
2021-03-17,35.68434524536133,72.36935424804688,21.460973739624023,31.58839988708496,90.13497924804688,64.29032897949219,58.24241638183594,33.3088493347168,26.732107162475586,106.07860565185547,81.45945739746094
2021-03-18,35.48516845703125,71.16987609863281,20.4965763092041,31.753498077392578,90.05162048339844,62.5063591003418,58.00566482543945,33.09754943847656,26.63335418701172,105.85704040527344,79.46631622314453
2021-03-19,35.308624267578125,71.78865051269531,20.500715255737305,31.38661003112793,89.36610412597656,62.31883239746094,58.207340240478516,32.65805435180664,26.706348419189453,106.23556518554688,79.94178009033203
2021-03-22,35.3304443359375,72.39234161376953,20.30411148071289,30.982187271118164,89.3159408569336,63.544227600097656,58.82183837890625,33.01828384399414,26.667850494384766,107.16011810302734,80.46803283691406
2021-03-23,34.59401321411133,71.85826110839844,20.007125854492188,30.54918098449707,87.75485229492188,63.14909744262695,59.06869125366211,33.1207160949707,27.065814971923828,106.07621765136719,79.71281433105469
2021-03-24,34.84403991699219,70.04633331298828,20.509077072143555,30.659740447998047,88.39601135253906,62.38291931152344,58.83945846557617,32.9755973815918,27.074462890625,105.95578002929688,78.53427124023438
2021-03-25,35.3486328125,69.70299530029297,20.58437728881836,31.17565155029297,89.80841827392578,62.34436798095703,59.412506103515625,33.257301330566406,27.36428451538086,106.40046691894531,79.22215270996094
2021-03-26,36.22597885131836,68.94007110595703,21.094694137573242,31.663921356201172,91.36021423339844,63.92970275878906,60.46165084838867,34.068241119384766,27.455121994018555,108.41082000732422,79.88117980957031
2021-03-29,36.103240966796875,69.64578247070312,20.843719482421875,31.38753318786621,91.37879180908203,63.597225189208984,61.06996536254883,33.99141311645508,27.749269485473633,108.92034149169922,79.44343566894531
2021-03-30,35.99869155883789,69.64578247070312,20.663848876953125,31.608644485473633,91.7783432006836,62.99489974975586,60.417572021484375,33.8463020324707,27.498380661010742,107.93833923339844,80.22272491455078
2021-03-31,35.82140350341797,69.9223403930664,20.521631240844727,31.36911964416504,91.48100280761719,63.99717330932617,60.223609924316406,33.70972442626953,27.701684951782227,108.15139770507812,80.84806060791016
2021-04-01,36.13505554199219,71.12395477294922,21.044506072998047,31.756053924560547,91.78764343261719,65.28376770019531,59.932682037353516,34.247501373291016,27.67573356628418,107.82717895507812,81.49748992919922
2021-04-05,36.5805549621582,72.62120819091797,20.542543411254883,32.00478744506836,92.9212875366211,66.63301849365234,60.6996955871582,34.426761627197266,27.978530883789062,108.57756042480469,83.34945678710938
2021-04-06,36.66238021850586,72.8023910522461,20.488162994384766,31.94029426574707,92.69827270507812,66.34870147705078,60.95535659790039,34.51213455200195,28.125598907470703,108.16068267822266,83.71025085449219
2021-04-07,36.0305061340332,73.36505889892578,20.559276580810547,32.096920013427734,92.2708511352539,66.70050048828125,60.80548095703125,34.554805755615234,28.09099769592285,107.91980743408203,83.4601058959961
2021-04-08,36.075965881347656,73.37460327148438,20.291566848754883,32.10612487792969,92.49385833740234,67.6642074584961,60.867191314697266,34.38408660888672,28.06937026977539,108.08655548095703,83.85457611083984
2021-04-09,36.38963317871094,73.35551452636719,20.1577091217041,32.382503509521484,93.39519500732422,68.31472778320312,60.76140213012695,34.4352912902832,28.039085388183594,109.27239227294922,84.653076171875
2021-04-12,36.51690673828125,73.05990600585938,19.99875831604004,32.52069091796875,93.73899841308594,67.98709869384766,61.08761215209961,34.64017105102539,28.065044403076172,109.3835678100586,85.19664764404297
2021-04-13,36.4305419921875,73.15526580810547,20.019672393798828,32.21668243408203,93.28368377685547,68.62796020507812,60.76140213012695,34.845035552978516,28.398120880126953,109.8375244140625,86.09618377685547
2021-04-14,36.694210052490234,72.40184020996094,20.576007843017578,32.41014862060547,93.40446472167969,67.90036010742188,60.70849609375,34.63163757324219,28.52356719970703,109.8282699584961,85.24957275390625
2021-04-15,37.126060485839844,73.32691955566406,20.40869140625,32.382503509521484,93.77616119384766,69.06645965576172,61.193397521972656,35.28892517089844,28.83934211730957,111.70890808105469,85.86046600341797
2021-04-16,37.57609939575195,73.27922821044922,20.245555877685547,32.612823486328125,93.98057556152344,69.05200958251953,61.546043395996094,35.340145111083984,29.072927474975586,112.54269409179688,86.52429962158203
2021-04-19,37.40336990356445,72.86917114257812,20.224634170532227,32.52069091796875,93.59032440185547,68.47856903076172,61.308006286621094,35.45111846923828,28.925857543945312,112.57049560546875,85.55264282226562
2021-04-20,37.04422378540039,72.47816467285156,19.68921661376953,31.91265106201172,92.55890655517578,67.87142944335938,61.64302444458008,35.84378433227539,29.29353904724121,113.00590515136719,84.47509002685547
2021-04-21,37.71702575683594,72.60213470458984,19.940196990966797,32.354862213134766,93.82261657714844,68.5556869506836,61.95158767700195,36.00597381591797,29.046979904174805,114.3399658203125,85.6007308959961
2021-04-22,37.080604553222656,72.06806945800781,19.705949783325195,31.99557113647461,93.34871673583984,67.75094604492188,61.49314880371094,35.852333068847656,28.83934211730957,113.83043670654297,84.653076171875
2021-04-23,37.68975067138672,72.90728759765625,19.885822296142578,32.59440231323242,94.370849609375,68.76287841796875,61.3344612121582,36.05718994140625,28.800403594970703,114.5808334350586,85.53820037841797
2021-04-26,37.91249084472656,73.05990600585938,20.019672393798828,32.72337341308594,94.09209442138672,69.11465454101562,60.64678955078125,36.13401794433594,28.63603401184082,114.19171905517578,85.91339874267578
2021-04-27,37.8124885559082,72.7642593383789,20.262285232543945,32.9813232421875,94.87262725830078,68.94599151611328,60.60271453857422,36.13401794433594,28.415420532226562,113.53398132324219,85.81239318847656
2021-04-28,37.917049407958984,73.43180847167969,20.960844039916992,33.110313415527344,94.67748260498047,68.30508422851562,60.64678955078125,36.00597381591797,28.376489639282227,113.19119262695312,85.71135711669922
2021-04-29,38.15342712402344,75.46309661865234,21.195087432861328,33.699913024902344,95.34651947021484,68.2472915649414,61.29035949707031,36.270599365234375,28.63603401184082,112.73724365234375,85.73539733886719
2021-04-30,37.74884796142578,74.43314361572266,20.659664154052734,33.40510940551758,94.71466064453125,67.3172607421875,61.34326934814453,36.50961685180664,28.860973358154297,112.40374755859375,86.06734466552734
2021-05-03,38.31252670288086,74.04215240478516,21.22854995727539,33.5709342956543,95.69033813476562,67.12933349609375,61.84577178955078,36.31327438354492,28.856647491455078,113.68219757080078,85.65846252441406
2021-05-04,38.73075485229492,73.37460327148438,21.241098403930664,33.838104248046875,96.10848236083984,65.9246826171875,61.5284309387207,36.09134292602539,28.74850845336914,113.80262756347656,84.76372528076172
2021-05-05,39.221710205078125,73.2315444946289,21.927108764648438,34.11448287963867,96.20140838623047,65.76564025878906,61.48432922363281,35.56208419799805,28.264026641845703,114.00643920898438,84.49916076660156
2021-05-06,39.553558349609375,74.08984375,22.0400447845459,34.62118911743164,96.87045288085938,66.42582702636719,62.27778625488281,35.732818603515625,28.480308532714844,114.1546859741211,84.68193817138672
2021-05-07,39.944488525390625,74.65249633789062,22.433246612548828,34.80543899536133,97.89257049560547,66.99442291259766,62.27778625488281,36.16817092895508,28.56682586669922,114.94214630126953,85.44198608398438
2021-05-10,39.76720428466797,73.22200012207031,22.441612243652344,34.77779769897461,97.98548889160156,65.30306243896484,62.753883361816406,36.330352783203125,28.856647491455078,115.09037017822266,83.92190551757812
2021-05-11,39.89903259277344,73.01220703125,21.864360809326172,34.160552978515625,96.5359115600586,65.10547637939453,62.20725631713867,35.903541564941406,28.501934051513672,113.84896850585938,82.97425842285156
2021-05-12,38.89440155029297,71.58171844482422,21.968936920166016,33.810462951660156,94.22216796875,63.274375915527344,61.3785400390625,35.032840728759766,27.835783004760742,112.77430725097656,80.16500091552734
2021-05-13,39.48991394042969,72.09669494628906,21.70122528076172,34.35401153564453,95.98767852783203,64.11283111572266,62.24253463745117,35.47673797607422,28.37217140197754,113.79337310791016,80.73260498046875
2021-05-14,39.962684631347656,73.51764678955078,22.374685287475586,34.897560119628906,97.31645965576172,65.52473449707031,62.51582336425781,35.80964279174805,28.510589599609375,114.36775207519531,82.13245391845703
2021-05-17,40.312705993652344,72.93592071533203,22.89337158203125,34.96205139160156,97.01909637451172,65.0428466796875,62.42767333984375,35.82672119140625,28.277000427246094,114.1546859741211,81.98332214355469
2021-05-18,39.86721420288086,72.19206237792969,22.36213493347168,34.473777770996094,95.6067123413086,64.52241516113281,62.23370361328125,35.89500045776367,28.272682189941406,114.19171905517578,81.34354400634766
2021-05-19,39.2580680847168,72.30648803710938,21.805801391601562,34.26188659667969,95.06775665283203,64.74889373779297,62.030941009521484,35.758426666259766,28.225093841552734,113.99718475341797,80.66045379638672
2021-05-20,39.280799865722656,73.54624938964844,21.772336959838867,34.280311584472656,95.28147888183594,65.98731994628906,62.60400390625,36.202308654785156,28.471654891967773,115.19229888916016,81.48783874511719
2021-05-21,39.36717224121094,73.29830932617188,21.818347930908203,34.62118911743164,95.74607849121094,65.62590789794922,62.6128044128418,36.142555236816406,28.618736267089844,115.2108154296875,81.0789566040039
2021-05-24,39.71719741821289,74.6334228515625,22.03586196899414,34.78701400756836,96.3407974243164,66.79202270507812,62.79795455932617,36.53522872924805,28.56682586669922,115.3219985961914,81.88232421875
2021-05-25,39.38080978393555,74.61433410644531,21.58828353881836,34.436920166015625,96.05274200439453,66.81129455566406,62.81558609008789,36.63765335083008,28.220767974853516,114.97920989990234,82.14205932617188
2021-05-26,39.39445114135742,75.10071563720703,21.78070068359375,34.538272857666016,96.35939025878906,66.80648040771484,62.6833381652832,36.72303009033203,28.225093841552734,114.31216430664062,82.92615509033203
2021-05-27,39.70811080932617,75.3868408203125,21.797433853149414,34.934410095214844,97.67884826660156,66.45471954345703,62.295406341552734,36.680335998535156,28.034765243530273,114.06204223632812,83.2580795288086
2021-05-28,39.66719436645508,75.13887023925781,21.839263916015625,34.998905181884766,97.67884826660156,66.69083404541016,62.42767333984375,36.927886962890625,28.186168670654297,114.5067138671875,83.14262390136719
2021-06-01,40.22179412841797,75.18653869628906,22.680042266845703,35.210792541503906,98.05982208251953,66.3631591796875,62.2160758972168,37.559574127197266,28.013137817382812,112.62606048583984,82.98387145996094
2021-06-02,39.885398864746094,74.95767974853516,23.102521896362305,35.26606750488281,97.78108215332031,66.8209228515625,62.445308685302734,38.08028793334961,28.16020965576172,112.40374755859375,82.59904479980469
2021-06-03,39.87630844116211,74.45223999023438,23.165260314941406,35.34899139404297,97.56733703613281,66.1993179321289,62.83321762084961,38.00346374511719,28.32891082763672,112.74649810791016,81.61774444580078
2021-06-04,39.962684631347656,75.52033996582031,23.32002830505371,35.44111251831055,97.88328552246094,67.47147369384766,63.05360794067383,38.03761291503906,28.285654067993164,113.10779571533203,82.27193450927734
2021-06-07,39.47626876831055,75.91133117675781,23.21964454650879,35.210792541503906,97.2049560546875,67.45701599121094,62.94783401489258,38.39613342285156,28.337560653686523,113.51544952392578,82.27193450927734
2021-06-08,39.54901123046875,75.69197082519531,23.42042350769043,35.11865997314453,97.4558334350586,67.46183013916016,62.418853759765625,38.60099792480469,28.09532356262207,113.16340637207031,82.93577575683594
2021-06-09,39.23989486694336,75.6156997680664,23.274017333984375,34.78701400756836,96.46157836914062,67.510009765625,62.11909866333008,38.643672943115234,28.346214294433594,114.256591796875,82.47879791259766
2021-06-10,39.00349807739258,76.0257568359375,23.24473762512207,34.381656646728516,95.98767852783203,68.00634765625,62.50701904296875,39.036354064941406,28.532222747802734,116.21136474609375,82.86843872070312
2021-06-11,39.14897155761719,76.11160278320312,23.165260314941406,34.60276794433594,96.18282318115234,68.41110229492188,62.542293548583984,38.78879928588867,28.597097396850586,115.38683319091797,83.32062530517578
2021-06-14,38.66709899902344,76.6170425415039,23.06487464904785,34.24346923828125,95.74607849121094,69.10501861572266,62.50701904296875,39.01073455810547,28.65766716003418,115.4887466430664,83.34465026855469
2021-06-15,38.58528137207031,76.17833709716797,23.504077911376953,34.307952880859375,96.15495300292969,68.68095397949219,62.35714340209961,38.652217864990234,28.744171142578125,115.52578735351562,82.90209197998047
2021-06-16,38.157962799072266,75.51079559326172,23.378591537475586,34.2711067199707,95.24432373046875,68.30992126464844,61.5284309387207,38.30223083496094,28.31160545349121,115.08110809326172,82.94058227539062
2021-06-17,37.307891845703125,75.82549285888672,22.583833694458008,33.25770950317383,93.77616119384766,69.10018920898438,61.74881362915039,38.447357177734375,28.467329025268555,115.96121978759766,83.2532730102539
2021-06-18,36.70329284667969,74.93859100341797,21.9145565032959,32.456207275390625,92.55890655517578,68.46893310546875,60.65561294555664,37.84127426147461,27.72764015197754,114.63642883300781,82.81550598144531
2021-06-21,37.46530532836914,75.66561889648438,22.84844207763672,33.21371078491211,94.59471130371094,69.20272064208984,61.351287841796875,38.59303283691406,28.08684730529785,116.0137939453125,83.4538345336914
2021-06-22,37.615966796875,76.31527709960938,23.000564575195312,33.26920700073242,94.69725036621094,69.83027648925781,61.44002914428711,38.42120361328125,27.916833877563477,116.26493072509766,84.23912048339844
2021-06-23,37.37398147583008,76.23886108398438,23.06395149230957,33.33395767211914,94.48286437988281,69.75306701660156,61.058448791503906,38.30091857910156,27.620399475097656,115.78130340576172,84.88945770263672
2021-06-24,37.4926872253418,76.95538330078125,23.262561798095703,33.75017166137695,95.21923828125,70.19235229492188,61.36016845703125,38.1204948425293,27.59424591064453,116.37654113769531,85.17849731445312
2021-06-25,37.49724578857422,77.0509262084961,23.38510513305664,34.15711975097656,95.40569305419922,70.11030578613281,61.83045959472656,38.39542007446289,27.89067840576172,116.90666961669922,85.71807098388672
2021-06-28,37.49724578857422,77.9203109741211,22.594898223876953,33.90739822387695,94.9023208618164,70.8440933227539,61.883697509765625,38.4126091003418,28.069406509399414,117.0833740234375,85.73735809326172
2021-06-29,37.47899627685547,77.49996948242188,22.485029220581055,33.78716278076172,94.71588897705078,71.36064147949219,61.60861587524414,38.38683319091797,27.616044998168945,117.21358489990234,85.94930267333984
2021-06-30,37.57943344116211,77.35665893554688,22.76392936706543,33.93514633178711,95.4522933959961,71.28339385986328,62.087799072265625,38.08613204956055,27.563735961914062,117.13916015625,86.0167465209961
2021-07-01,37.784889221191406,77.92987060546875,23.161144256591797,34.2033805847168,96.13275146484375,71.40409088134766,61.90145492553711,38.24077606201172,27.864521026611328,118.18082427978516,86.50331115722656
2021-07-02,37.83967590332031,78.47442626953125,23.11043357849121,34.166378021240234,96.28189849853516,72.34545135498047,62.052303314208984,38.42120361328125,27.90811538696289,119.31548309326172,87.26448059082031
2021-07-06,37.27811050415039,78.28336334228516,22.35825538635254,33.62992477416992,95.35907745361328,72.62060546875,61.79496765136719,38.76486587524414,28.02581214904785,119.20387268066406,87.36565399169922
2021-07-07,37.66617965698242,78.16871643066406,21.994840621948242,33.676170349121094,96.30988311767578,73.01649475097656,62.1232795715332,38.96247100830078,28.208908081054688,119.95719146728516,87.3175048828125
2021-07-08,37.15483856201172,77.30889892578125,21.86807632446289,33.00099182128906,94.96756744384766,72.32613372802734,61.892578125,38.928104400634766,28.126079559326172,119.29688262939453,87.10070037841797
2021-07-09,37.88532638549805,77.99674224853516,22.332902908325195,33.953643798828125,96.46833038330078,72.99234008789062,62.24750518798828,39.443580627441406,28.16095542907715,119.70611572265625,87.91486358642578
2021-07-12,38.008602142333984,78.5508804321289,22.299097061157227,34.28661346435547,96.59883117675781,73.05027770996094,62.14989471435547,39.78725051879883,28.252492904663086,119.9386215209961,88.51705169677734
2021-07-13,37.66161346435547,78.35025024414062,22.130069732666016,33.91665267944336,95.66667938232422,73.34957885742188,62.13213348388672,39.271759033203125,28.03889274597168,119.8270034790039,87.45719146728516
2021-07-14,37.58399963378906,78.29290771484375,21.470855712890625,33.75941467285156,95.65735626220703,73.89024353027344,62.68231201171875,39.61542510986328,28.283010482788086,119.71539306640625,87.29823303222656
2021-07-15,37.58856964111328,77.73880004882812,21.17083168029785,33.87039566040039,95.84380340576172,73.2820053100586,62.93965530395508,39.675567626953125,28.601234436035156,119.29688262939453,86.82610321044922
2021-07-16,37.022430419921875,77.25154876708984,20.570777893066406,33.40793228149414,94.99552917480469,72.55787658691406,63.037261962890625,39.71852111816406,28.888952255249023,119.62238311767578,85.7566146850586
2021-07-19,36.2280158996582,76.07645416259766,19.843955993652344,32.473785400390625,93.01005554199219,71.55855560302734,62.85092544555664,39.09992218017578,28.431230545043945,118.36682891845703,84.7738265991211
2021-07-20,36.6389274597168,76.93629455566406,20.110177993774414,33.2784538269043,95.61074829101562,72.62060546875,62.86865997314453,39.80443572998047,28.55329132080078,119.80840301513672,86.33950805664062
2021-07-21,37.04069137573242,77.57637786865234,20.8116455078125,33.851905822753906,96.52425384521484,73.32061004638672,62.70894241333008,39.684146881103516,28.239421844482422,120.00371551513672,87.1344223022461
2021-07-22,37.05439376831055,77.84390258789062,20.57923126220703,33.481937408447266,96.1700210571289,73.86127471923828,62.60245132446289,39.400634765625,28.283010482788086,120.88723754882812,87.51018524169922
2021-07-23,37.31462478637695,79.77373504638672,20.503171920776367,33.537437438964844,96.5802001953125,74.59508514404297,63.35669708251953,39.76146697998047,28.644834518432617,122.28230285644531,88.29064178466797
2021-07-26,37.62965393066406,80.18455505371094,21.010255813598633,33.73167037963867,96.53357696533203,74.55644989013672,63.46317672729492,39.76146697998047,28.65355110168457,121.49181365966797,88.94581604003906
2021-07-27,37.67987823486328,79.22919464111328,20.81587028503418,33.722415924072266,96.00225830078125,73.85164642333984,63.59628677368164,40.0793571472168,29.146154403686523,122.0591049194336,88.04491424560547
2021-07-28,37.78944778442383,79.85018157958984,21.00602912902832,33.676170349121094,95.7785415649414,73.75991821289062,63.037261962890625,39.838802337646484,28.9238224029541,122.49624633789062,87.76070404052734
2021-07-29,38.204917907714844,78.99034118652344,21.208866119384766,34.046138763427734,96.53357696533203,74.10266876220703,63.34783935546875,39.71852111816406,29.002290725708008,122.79383850097656,88.748291015625
2021-07-30,38.360145568847656,78.72282409667969,20.87080192565918,33.77790451049805,96.3471450805664,74.05438995361328,63.45431137084961,39.847389221191406,28.758176803588867,122.9054183959961,86.92243957519531
2021-08-02,37.894466400146484,78.54131317138672,20.71445655822754,33.78716278076172,95.68533325195312,73.78887939453125,63.18809509277344,39.864566802978516,28.980499267578125,123.07283782958984,87.17295837402344
2021-08-03,38.2870979309082,78.18782043457031,21.069416046142578,34.166378021240234,96.93439483642578,74.261962890625,63.47206497192383,40.02780532836914,29.146154403686523,124.78414916992188,87.8185043334961
2021-08-04,37.92185974121094,78.40754699707031,20.498945236206055,33.87965393066406,95.62007904052734,74.41163635253906,62.646827697753906,39.8989372253418,29.102558135986328,124.25401306152344,86.96578216552734
2021-08-05,37.867069244384766,79.12409973144531,20.731355667114258,34.323612213134766,96.06748962402344,74.82196807861328,62.948524475097656,40.21683120727539,29.42078399658203,123.74250030517578,87.79924011230469
2021-08-06,38.41493225097656,79.12409973144531,20.9215145111084,35.017303466796875,96.51492309570312,74.75924682617188,62.948524475097656,40.14808654785156,29.40334129333496,123.64016723632812,87.20186614990234
2021-08-09,38.369285583496094,78.98078918457031,20.625713348388672,35.10978698730469,96.13275146484375,74.51782989501953,63.179222106933594,39.96767044067383,29.39462661743164,124.1144790649414,87.08143615722656
2021-08-10,38.94911193847656,79.13365173339844,20.989124298095703,35.47975540161133,97.11149597167969,73.98198699951172,63.63178634643555,39.53809356689453,29.425148010253906,123.826171875,87.42346954345703
2021-08-11,39.496978759765625,79.28651428222656,21.153934478759766,35.886714935302734,98.36990356445312,73.99165344238281,63.844730377197266,39.75288009643555,29.699771881103516,122.59854125976562,87.67878723144531
2021-08-12,39.433067321777344,79.4298095703125,21.132801055908203,35.951454162597656,98.18350219726562,74.41647338867188,63.80925750732422,39.89035415649414,29.730295181274414,123.5657958984375,87.71733856201172
2021-08-13,39.46958923339844,79.47756958007812,20.88347816467285,35.6832389831543,97.87588500976562,74.82196807861328,64.34164428710938,40.15668869018555,29.939537048339844,124.33773040771484,87.46684265136719
2021-08-16,39.27326965332031,79.611328125,20.498945236206055,35.59074020385742,98.21146392822266,75.15990447998047,64.71434783935547,40.199642181396484,30.12262535095215,125.75140380859375,87.0621337890625
2021-08-17,38.8212776184082,78.9521255493164,20.287656784057617,35.341026306152344,97.1488037109375,74.53714752197266,64.74983978271484,40.27696990966797,30.14006233215332,127.23945617675781,84.99542999267578
2021-08-18,38.369285583496094,78.35025024414062,19.86508560180664,34.906314849853516,96.08615112304688,73.50888061523438,63.94234848022461,39.85598373413086,29.98749351501465,125.30498504638672,85.29893493652344
2021-08-19,38.02686309814453,78.35979461669922,19.349552154541016,34.647335052490234,95.41498565673828,74.22818756103516,64.45703125,40.19104766845703,30.10955047607422,125.87228393554688,84.75457000732422
2021-08-20,38.25057601928711,79.03810119628906,19.391807556152344,34.86005401611328,95.66667938232422,75.18405151367188,64.5634994506836,40.38006591796875,30.48444938659668,126.58843994140625,85.56873321533203
2021-08-23,38.57929992675781,79.99348449707031,20.11863136291504,35.146785736083984,96.4496841430664,76.15437316894531,64.35940551757812,40.225425720214844,30.092113494873047,126.63491821289062,86.67193603515625
2021-08-24,38.8212776184082,80.25142669677734,20.45246124267578,35.35951614379883,96.93439483642578,76.06747436523438,63.87134552001953,39.924713134765625,29.895946502685547,126.1884994506836,87.28375244140625
2021-08-25,38.999332427978516,80.37562561035156,20.60881233215332,35.775726318359375,97.55894470214844,76.0240249633789,63.764892578125,39.88175582885742,29.952611923217773,125.84437561035156,87.62098693847656
2021-08-26,38.72996139526367,79.67819213867188,20.296106338500977,35.599998474121094,97.13014221191406,75.54610443115234,63.47206497192383,39.90753936767578,29.878511428833008,125.3514633178711,86.81165313720703
2021-08-27,39.241310119628906,80.9393081665039,20.836999893188477,36.07169723510742,97.80130767822266,76.27506256103516,63.69388198852539,40.23401641845703,29.86978530883789,125.21198272705078,87.60171508789062
2021-08-30,39.20022964477539,81.49342346191406,20.5919132232666,35.56300354003906,97.68944549560547,77.09574127197266,63.97783660888672,40.723724365234375,29.913387298583984,125.9188003540039,88.26173400878906
2021-08-31,39.08608627319336,81.79915618896484,20.45246124267578,35.516754150390625,97.41912841796875,76.69022369384766,64.11981201171875,40.96428298950195,29.878511428833008,125.75140380859375,88.47369384765625
2021-09-01,38.985626220703125,82.20995330810547,20.15243148803711,35.313270568847656,97.0462646484375,76.70952606201172,64.45703125,41.668785095214844,30.270841598510742,125.78858947753906,88.46886444091797
2021-09-02,39.23674011230469,81.65582275390625,20.66374969482422,35.43351745605469,98.09027099609375,76.6274642944336,64.70547485351562,41.86639404296875,30.545480728149414,127.13716125488281,88.46404266357422
2021-09-03,38.976505279541016,81.65582275390625,20.545425415039062,35.2115364074707,97.49369049072266,76.93161010742188,64.6256103515625,41.86639404296875,30.292638778686523,127.27667236328125,88.41105651855469
2021-09-07,38.72083282470703,81.8469009399414,20.422883987426758,34.998809814453125,95.80650329589844,76.95091247558594,63.880245208740234,41.4024543762207,29.891586303710938,126.53264617919922,88.67120361328125
2021-09-08,38.35102081298828,81.42654418945312,20.160886764526367,34.915550231933594,95.93700408935547,76.65643310546875,64.4303970336914,41.651607513427734,30.427778244018555,126.47684478759766,88.77236938476562
2021-09-09,38.364723205566406,81.02527618408203,20.203142166137695,35.017303466796875,95.47093200683594,76.36677551269531,64.05770111083984,40.766685485839844,30.262123107910156,125.01663208007812,88.65674591064453
2021-09-10,38.3555793762207,80.49986267089844,20.194690704345703,34.758323669433594,95.04215240478516,75.61368560791016,63.78263473510742,40.25119400024414,29.83926773071289,123.87269592285156,88.11237335205078
2021-09-13,38.34645462036133,80.70045471191406,20.77361297607422,35.156036376953125,95.29383850097656,75.63780975341797,63.94234848022461,40.47456741333008,29.786958694458008,123.11005401611328,88.32918548583984
2021-09-14,37.926414489746094,80.00303649902344,20.473587036132812,34.684329986572266,94.14728546142578,75.54127502441406,63.649532318115234,40.38865280151367,29.686697006225586,123.09148406982422,88.03530883789062
2021-09-15,38.328182220458984,80.39474487304688,21.238439559936523,35.017303466796875,95.18196105957031,76.2026596069336,63.880245208740234,40.54330062866211,29.64746856689453,123.89131164550781,88.603759765625
2021-09-16,37.9127197265625,80.31829833984375,20.997577667236328,34.915550231933594,94.52947235107422,76.24610137939453,63.66728210449219,40.620635986328125,29.398983001708984,123.57510375976562,89.00843811035156
2021-09-17,37.13199996948242,79.4298095703125,20.841224670410156,34.758323669433594,93.52273559570312,75.05852508544922,63.32121658325195,40.25119400024414,28.94562530517578,123.69599151611328,88.69530487060547
2021-09-20,36.41849136352539,77.83353424072266,20.204803466796875,33.95201873779297,92.45011138916016,73.6913833618164,62.689056396484375,39.975582122802734,28.89247703552246,122.40520477294922,86.67134857177734
2021-09-21,36.331363677978516,77.50813293457031,20.251842498779297,33.905574798583984,91.96379852294922,73.72039031982422,62.61761474609375,39.984222412109375,28.813417434692383,122.59186553955078,86.80159759521484
2021-09-22,36.70738220214844,77.46985626220703,20.876296997070312,34.47221374511719,92.69324493408203,74.73111724853516,62.79619598388672,40.3211669921875,28.79584312438965,122.79719543457031,87.98365020751953
2021-09-23,37.230140686035156,78.26417541503906,21.60767364501953,35.31753158569336,94.11469268798828,75.732177734375,63.0283317565918,40.122459411621094,28.64211654663086,123.68385314941406,88.87622833251953
2021-09-24,37.17510223388672,78.9053726196289,21.770198822021484,35.50331115722656,94.31106567382812,75.7853775024414,63.055110931396484,39.664554595947266,28.611364364624023,123.17987823486328,89.20913696289062
2021-09-27,37.46399688720703,78.89579772949219,22.54434585571289,35.98635482788086,94.40457916259766,75.05028533935547,62.769412994384766,39.0079460144043,28.273162841796875,121.42520904541016,89.68677520751953
2021-09-28,37.00086212158203,76.97222137451172,22.621334075927734,35.391845703125,93.31045532226562,72.82572937011719,62.02830505371094,38.77467346191406,27.917390823364258,119.3438949584961,87.95951843261719
2021-09-29,36.84953689575195,76.90522766113281,22.621334075927734,35.41971206665039,93.41332244873047,72.73384094238281,62.5908317565918,39.02522277832031,28.281949996948242,120.28657531738281,88.04638671875
2021-09-30,36.27634048461914,76.66597747802734,22.2791690826416,34.86235427856445,91.49622344970703,72.21155548095703,61.46580123901367,38.403167724609375,28.05794334411621,118.81192016601562,86.57965087890625
2021-10-01,36.854122161865234,77.95793151855469,23.02765464782715,35.43829345703125,92.74935150146484,73.29967498779297,61.626522064208984,38.81787872314453,28.05794334411621,118.83992004394531,87.23099517822266
2021-10-04,36.69363021850586,76.27359771728516,23.404035568237305,35.13174819946289,92.2443618774414,71.60221099853516,61.430091857910156,38.8610725402832,28.4444637298584,117.0292739868164,86.54105377197266
2021-10-05,37.01920700073242,77.41243743896484,23.54090118408203,35.819149017333984,93.27304077148438,72.62261199951172,61.74259948730469,38.55868911743164,28.374189376831055,117.729248046875,86.88844299316406
2021-10-06,36.950416564941406,77.5464096069336,23.29283332824707,35.85630416870117,93.68452453613281,73.09652709960938,62.34082794189453,38.93019485473633,28.813417434692383,117.51460266113281,87.16343688964844
2021-10-07,37.43189239501953,77.88138580322266,23.472471237182617,36.069969177246094,94.41395568847656,73.76392364501953,62.61761474609375,38.973388671875,28.659685134887695,119.07324981689453,88.51920318603516
2021-10-08,37.22555160522461,77.4985580444336,24.195287704467773,36.24644470214844,94.40457916259766,73.48825073242188,62.54619598388672,38.550045013427734,28.448854446411133,118.47593688964844,88.11392211914062
2021-10-11,37.230140686035156,76.33100891113281,24.105472564697266,35.88418197631836,93.6470947265625,73.08203887939453,62.52833557128906,38.60188293457031,28.062332153320312,117.55192565917969,87.75688171386719
2021-10-12,37.28057861328125,75.62283325195312,24.126855850219727,35.772708892822266,93.3385009765625,72.70482635498047,62.555110931396484,39.12025833129883,28.251203536987305,116.98259735107422,88.45164489746094
2021-10-13,37.560302734375,75.97691345214844,24.105472564697266,35.56834030151367,93.53488159179688,73.14973449707031,62.67117691040039,39.34489822387695,28.580623626708984,117.16925811767578,88.88587951660156
2021-10-14,38.47282409667969,77.04876708984375,24.400590896606445,36.1628532409668,95.30233764648438,74.798828125,63.376548767089844,39.897830963134766,28.9320125579834,118.8492431640625,89.81705474853516
2021-10-15,38.587459564208984,76.86695098876953,24.520347595214844,36.701622009277344,96.21881103515625,75.39850616455078,63.22477340698242,39.91511154174805,28.84855842590332,119.43724060058594,91.19209289550781
2021-10-18,38.5599365234375,77.46028900146484,24.537452697753906,36.71091079711914,96.28426361083984,76.03685760498047,62.849761962890625,39.984222412109375,28.57184410095215,118.62525939941406,92.30660247802734
2021-10-19,38.76171112060547,78.20674133300781,24.815467834472656,37.07318878173828,96.85470581054688,76.79126739501953,62.87654495239258,40.16565704345703,28.9320125579834,120.18389892578125,92.04605865478516
2021-10-20,39.07352828979492,78.3598861694336,25.016489028930664,37.370445251464844,97.46258544921875,76.57850646972656,63.242637634277344,40.77907943725586,29.38880157470703,121.9012222290039,91.978515625
2021-10-21,38.97263717651367,78.58956146240234,24.5545654296875,37.21253204345703,97.65896606445312,76.87348175048828,63.16227340698242,40.90866470336914,29.38880157470703,122.39584350585938,93.32946014404297
2021-10-22,38.89927291870117,76.92436981201172,24.7855281829834,37.73271942138672,98.00495910644531,76.60749816894531,63.65337371826172,41.20241928100586,29.53813934326172,122.8905258178711,92.99653625488281
2021-10-25,39.28904724121094,77.25932312011719,25.14907455444336,37.686279296875,98.22940063476562,76.85896301269531,63.60871505737305,41.32337188720703,29.4107666015625,123.03984832763672,95.30277252197266
2021-10-26,39.39910888671875,76.57028198242188,25.294492721557617,37.714141845703125,97.62154388427734,77.07659149169922,63.8319206237793,41.51343536376953,29.568885803222656,123.64651489257812,95.3172378540039
2021-10-27,38.835079193115234,76.35973358154297,24.56739616394043,37.091766357421875,96.48063659667969,77.00889587402344,63.45692825317383,41.2110595703125,29.371238708496094,122.6665267944336,95.52951049804688
2021-10-28,39.22025680541992,76.60855865478516,24.742753982543945,37.54692840576172,97.68701934814453,77.78265380859375,63.68014907836914,41.81583023071289,29.564496994018555,123.69316864013672,96.79843139648438
2021-10-29,39.03226089477539,76.84780883789062,24.58022689819336,37.39830780029297,97.71505737304688,78.1163330078125,63.61763381958008,41.314735412597656,29.38880157470703,124.89718627929688,97.04930114746094
2021-11-01,39.12397384643555,76.97222137451172,25.003652572631836,37.41688919067383,97.98625183105469,78.00027465820312,63.715858459472656,41.40976333618164,29.494224548339844,124.74787902832031,98.82958984375
2021-11-02,39.56877517700195,76.98178100585938,24.768417358398438,37.50978469848633,98.31356811523438,78.6869888305664,64.14443969726562,41.79854965209961,29.520572662353516,125.53182983398438,98.16382598876953
2021-11-03,39.98146438598633,77.25932312011719,24.563119888305664,37.64912414550781,98.0984878540039,79.14641571044922,64.74267578125,42.04045867919922,29.4107666015625,126.26914978027344,99.92965698242188
2021-11-04,39.95854568481445,77.56555938720703,24.597335815429688,37.15679168701172,98.49124145507812,80.38444519042969,64.80516815185547,41.565277099609375,29.24825096130371,125.40115356445312,101.2757568359375
2021-11-05,40.27035903930664,78.18760681152344,24.918115615844727,37.17536544799805,99.49188232421875,80.80033111572266,65.18018341064453,41.660316467285156,29.52496337890625,124.00119018554688,101.92709350585938
2021-11-08,40.77477264404297,77.84308624267578,25.14479637145996,37.37973403930664,99.9033432006836,81.2355728149414,64.66230010986328,41.651668548583984,29.085742950439453,124.7385025024414,100.48451232910156
2021-11-09,40.962791442871094,77.65169525146484,25.24744415283203,37.17536544799805,100.15583801269531,80.90188598632812,64.8855209350586,41.80718994140625,29.235074996948242,124.28118896484375,98.62699890136719
2021-11-10,40.683067321777344,76.771240234375,24.58022689819336,37.1103515625,99.5947265625,79.56714630126953,65.08197021484375,41.5998420715332,29.472265243530273,124.63583374023438,98.26032257080078
2021-11-11,41.008628845214844,76.61811828613281,24.6743221282959,37.21253204345703,99.18327331542969,79.93954467773438,65.03732299804688,41.617122650146484,29.29217529296875,124.2718505859375,97.99494934082031
2021-11-12,41.31586456298828,77.73782348632812,24.61444091796875,37.2961311340332,99.96881866455078,80.91156768798828,65.03732299804688,41.634395599365234,29.274608612060547,124.8878402709961,98.32303619384766
2021-11-15,41.12786102294922,77.95793151855469,24.81974220275879,37.2961311340332,100.15583801269531,80.82933044433594,65.3498306274414,41.8676643371582,29.6611270904541,124.11316680908203,98.24102020263672
2021-11-16,41.013221740722656,77.37415313720703,24.85823631286621,37.258968353271484,100.1745376586914,81.68049621582031,64.9390869140625,41.60847854614258,29.520572662353516,124.63583374023438,99.78974914550781
2021-11-17,40.74267578125,77.07748413085938,24.477575302124023,36.83167266845703,99.57603454589844,81.433837890625,64.79623413085938,41.88494873046875,29.54693031311035,124.81317901611328,100.4266128540039
2021-11-18,40.56842041015625,76.52240753173828,24.332157135009766,36.6458854675293,99.37029266357422,82.24630737304688,64.56409454345703,41.87630844116211,29.393199920654297,124.85984802246094,101.56525421142578
2021-11-19,40.49504852294922,76.26403045654297,23.382652282714844,36.24644470214844,98.8746566772461,82.84597778320312,64.3319320678711,41.651668548583984,29.56010627746582,124.10383605957031,102.00430297851562
2021-11-22,40.55924606323242,75.33573913574219,23.797521591186523,36.75735855102539,99.14585876464844,81.92230987548828,64.84088134765625,41.44432067871094,29.740188598632812,123.54386138916016,101.74858856201172
2021-11-23,40.600521087646484,75.13477325439453,24.528900146484375,37.33328628540039,99.31417846679688,81.73368835449219,65.26945495605469,41.88494873046875,29.770933151245117,123.67451477050781,101.01040649414062
2021-11-24,40.31163024902344,75.24003601074219,24.768417358398438,37.24967956542969,99.20198059082031,82.32852172851562,65.07302856445312,42.44651794433594,29.788509368896484,123.62788391113281,101.21786499023438
2021-11-26,39.61921691894531,73.86193084716797,23.771862030029297,36.014217376708984,96.5180435180664,80.27320861816406,64.2515869140625,41.297447204589844,29.322921752929688,123.17053985595703,98.45811462402344
2021-11-29,39.802635192871094,74.49356079101562,23.90873146057129,36.12569046020508,96.68639373779297,82.28013610839844,64.41230010986328,41.81583023071289,29.75775909423828,123.50650787353516,99.98756408691406
2021-11-30,38.81673812866211,72.12973022460938,23.348438262939453,35.26179504394531,94.23625946044922,81.59344482421875,62.760475158691406,40.9432258605957,28.888086318969727,121.07987213134766,98.63664245605469
2021-12-01,38.42238235473633,70.46455383300781,23.100366592407227,34.87165451049805,92.92703247070312,80.47631072998047,62.4568977355957,40.40756607055664,28.940793991088867,120.86520385742188,96.85630798339844
2021-12-02,39.20650863647461,71.65123748779297,23.771862030029297,35.912044525146484,95.68577575683594,81.21622467041016,63.11763000488281,41.51343536376953,29.309743881225586,121.45321655273438,98.23619842529297
2021-12-03,39.119384765625,71.48857116699219,23.583675384521484,35.32680892944336,95.57356262207031,79.85730743408203,63.90336227416992,41.30609130859375,29.60402488708496,121.67720031738281,96.32559204101562
2021-12-06,39.69257354736328,72.66567993164062,23.934391021728516,35.8655891418457,97.19137573242188,80.6165771484375,65.02838897705078,41.9022216796875,30.056427001953125,122.36787414550781,97.42562103271484
2021-12-07,40.297874450683594,73.41215515136719,24.49468421936035,36.50654983520508,98.1826400756836,83.4311294555664,65.17123413085938,42.64523696899414,30.280439376831055,123.9451904296875,99.69808197021484
2021-12-08,40.46754455566406,73.94805145263672,24.490407943725586,36.31147384643555,98.42578887939453,83.81317138671875,64.96588897705078,42.82666015625,30.249696731567383,124.87850952148438,99.948974609375
2021-12-09,40.24285125732422,73.36429595947266,24.302213668823242,36.237159729003906,98.11717987060547,82.9088363647461,65.14447021484375,42.28236389160156,30.210163116455078,125.16781616210938,98.21690368652344
2021-12-10,40.49047088623047,73.40257263183594,24.481855392456055,36.274322509765625,98.51930236816406,84.57243347167969,66.24270629882812,42.498355865478516,30.372678756713867,125.60648345947266,98.90200805664062
2021-12-13,40.24742889404297,73.01976776123047,23.80180549621582,35.88418197631836,97.49996948242188,83.3150634765625,67.10881042480469,43.068580627441406,30.746023178100586,126.79182434082031,96.35454559326172
2021-12-14,40.20616149902344,72.82835388183594,23.703432083129883,36.09782791137695,96.57415771484375,81.94647216796875,67.1534423828125,42.59339141845703,30.56155014038086,126.27852630615234,95.79489135742188
2021-12-15,40.29328155517578,73.59397888183594,23.587949752807617,36.200008392333984,97.41581726074219,84.11787414550781,67.83202362060547,43.22408676147461,31.0622615814209,128.8638153076172,97.01072692871094
2021-12-16,40.70598602294922,73.48870849609375,23.737648010253906,36.655181884765625,97.46258544921875,81.73368835449219,68.31419372558594,43.38824462890625,31.220386505126953,129.62911987304688,94.86852264404297
2021-12-17,40.19699478149414,73.19203186035156,23.25433921813965,35.847015380859375,95.79800415039062,81.18721771240234,67.14451599121094,43.24136734008789,30.75042152404785,128.72378540039062,94.22201538085938
2021-12-20,39.478946685791016,72.680908203125,22.96623420715332,35.15071487426758,94.26322937011719,80.22158813476562,67.16427612304688,42.95817565917969,30.779638290405273,127.94429016113281,92.700927734375
2021-12-21,39.976680755615234,74.06182861328125,23.62042999267578,35.87874984741211,96.1406021118164,82.25170135498047,67.07439422607422,43.2021598815918,30.735368728637695,128.47836303710938,95.1023941040039
2021-12-22,40.29469680786133,74.24402618408203,23.772066116333008,36.04676055908203,96.41283416748047,83.32733917236328,67.4969253540039,43.629119873046875,30.868173599243164,129.97738647460938,96.83706665039062
2021-12-23,40.70026397705078,74.90572357177734,23.785062789916992,36.233428955078125,97.54865264892578,83.79246520996094,67.64974975585938,43.498416900634766,30.863746643066406,130.51144409179688,98.18034362792969
2021-12-27,41.31324768066406,75.63455200195312,24.30495834350586,36.606773376464844,98.5811996459961,85.59003448486328,68.36896514892578,44.38720703125,31.014259338378906,131.88868713378906,99.1370620727539
2021-12-28,41.55290222167969,75.59617614746094,24.287626266479492,36.62545394897461,99.07869720458984,85.14427185058594,68.75552368164062,44.57890319824219,31.29314613342285,131.54200744628906,99.18057250976562
2021-12-29,41.72342300415039,75.22217559814453,24.131654739379883,36.57877731323242,99.25704956054688,85.21694946289062,69.0701904296875,44.849037170410156,31.461366653442383,132.29151916503906,99.37867736816406
2021-12-30,41.57594299316406,75.53865051269531,23.984352111816406,36.51343536376953,98.90035247802734,84.6549072265625,68.85441589355469,45.049442291259766,31.576461791992188,132.563232421875,99.02111053466797
2021-12-31,41.76029968261719,74.49335479736328,24.04500961303711,36.4481086730957,99.3227767944336,84.2430648803711,69.3218765258789,45.14529800415039,31.6871280670166,132.00108337402344,98.78434753417969
2022-01-03,41.216453552246094,75.01121520996094,24.790185928344727,36.89613342285156,98.506103515625,85.04254913330078,69.31290435791016,44.72704315185547,31.37282943725586,130.642578125,101.62068176269531
2022-01-04,41.72342300415039,74.84819030761719,25.648012161254883,37.866825103759766,100.48677062988281,84.14132690429688,69.78038024902344,44.552764892578125,31.275440216064453,128.91867065429688,101.00221252441406
2022-01-05,41.71881103515625,72.96857452392578,25.643678665161133,37.42814636230469,99.5292739868164,81.55401611328125,69.71745300292969,43.10630798339844,31.257728576660156,128.00050354003906,98.2769775390625
2022-01-06,41.19340515136719,73.29464721679688,26.215559005737305,37.97883224487305,99.98922729492188,81.14217376708984,69.5286636352539,43.15858459472656,30.934568405151367,126.5201644897461,98.02088928222656
2022-01-07,41.15654373168945,73.30425262451172,26.575151443481445,38.42685317993164,99.9610595703125,80.39600372314453,69.60057830810547,42.932037353515625,31.1691951751709,125.87372589111328,96.38770294189453
2022-01-10,40.73713684082031,72.84391021728516,26.492835998535156,38.296173095703125,98.83464813232422,80.41053009033203,69.05220031738281,42.67934036254883,30.965557098388672,127.16667175292969,95.7981948852539
2022-01-11,41.1841926574707,73.75494384765625,27.393985748291016,38.6321907043457,99.426025390625,81.37471771240234,68.97127532958984,42.60962677001953,30.686662673950195,128.1785125732422,96.72110748291016
2022-01-12,41.59899139404297,73.85086059570312,27.445968627929688,38.660194396972656,99.74516296386719,81.75750732421875,68.99825286865234,42.722900390625,30.7840576171875,127.81311798095703,97.35892486572266
2022-01-13,41.27637481689453,73.08365631103516,27.30733299255371,38.51084518432617,99.9610595703125,79.64015197753906,69.12410736083984,42.57477951049805,30.934568405151367,125.82686614990234,95.40198516845703
2022-01-14,40.92610549926758,73.4193115234375,27.948532104492188,38.1095085144043,99.36031341552734,80.31362915039062,69.24996185302734,42.07810592651367,30.72208023071289,125.61139678955078,94.95745086669922
2022-01-18,40.38686752319336,72.52745819091797,28.061174392700195,37.26013946533203,98.21510314941406,78.38525390625,68.2520523071289,41.790550231933594,30.35465431213379,123.84999084472656,93.15998077392578
2022-01-19,40.28548049926758,72.40279388427734,27.85755157470703,36.63478469848633,97.1168441772461,77.29022979736328,68.68359375,41.25030517578125,30.491893768310547,123.34405517578125,91.47842407226562
2022-01-20,39.700157165527344,71.68354797363281,27.601938247680664,36.40143585205078,95.87777709960938,76.29214477539062,68.23410034179688,40.88433837890625,30.5317325592041,122.53832244873047,89.8114242553711
2022-01-21,38.7323112487793,69.2573471069336,27.05605125427246,35.654747009277344,94.99539947509766,74.77559661865234,68.28804016113281,40.858192443847656,30.474184036254883,121.30159759521484,87.1780014038086
2022-01-24,38.75534439086914,69.7656021118164,27.238012313842773,35.757408142089844,95.53984069824219,75.16322326660156,68.06330108642578,40.9453239440918,30.1820125579834,120.89872741699219,88.22652435302734
2022-01-25,38.40509033203125,68.33673095703125,28.295129776000977,35.9067497253418,94.60115814208984,73.42378234863281,67.30813598632812,40.83205795288086,29.708341598510742,120.12110137939453,86.73345947265625
2022-01-26,38.004127502441406,67.33939361572266,28.247465133666992,36.00008773803711,93.77510833740234,73.8550033569336,66.79570007324219,40.15238571166992,29.46487045288086,119.49336242675781,86.31309509277344
2022-01-27,38.133174896240234,67.41610717773438,28.555072784423828,35.673404693603516,92.93968200683594,73.34627532958984,67.24520874023438,39.429161071777344,29.72605323791504,119.80253601074219,84.22085571289062
2022-01-28,38.354400634765625,69.3436508178711,28.433765411376953,36.140098571777344,93.58737182617188,76.55377960205078,68.03632354736328,40.79719543457031,30.08462142944336,122.24787902832031,86.05699920654297
2022-01-31,38.9212760925293,70.9163818359375,28.559404373168945,36.45744705200195,94.56358337402344,78.4773178100586,68.29703521728516,41.25030517578125,30.655685424804688,122.95053100585938,89.36688232421875
2022-02-01,39.520423889160156,71.53011322021484,29.577529907226562,36.96146011352539,95.86837768554688,78.68080139160156,68.23410034179688,40.971473693847656,30.2484130859375,123.27849578857422,89.9080810546875
2022-02-02,39.64485549926758,72.95899200439453,29.672842025756836,37.213470458984375,96.53485870361328,79.32037353515625,69.05220031738281,41.67727279663086,30.695526123046875,124.93680572509766,89.37173461914062
2022-02-03,38.95353317260742,68.07780456542969,29.391233444213867,36.80278396606445,94.99539947509766,77.01892852783203,69.0701904296875,41.25030517578125,30.558292388916016,124.40277099609375,86.6368179321289
2022-02-04,38.30830764770508,68.25041198730469,29.850467681884766,37.42814636230469,93.97222137451172,77.3290023803711,68.22511291503906,40.68391418457031,30.3148193359375,123.95305633544922,89.10111999511719
2022-02-07,38.11934280395508,67.06128692626953,30.231718063354492,37.54015350341797,94.04732513427734,76.8154067993164,68.35096740722656,40.692626953125,30.270549774169922,123.73755645751953,88.91751098632812
2022-02-08,38.70927047729492,67.03252410888672,29.581863403320312,38.06283187866211,94.98602294921875,77.76506805419922,68.61167907714844,40.326656341552734,30.29267692565918,124.7494125366211,90.16898345947266
2022-02-09,39.55268096923828,68.92169189453125,29.82880973815918,38.305511474609375,96.29081726074219,79.4899673461914,68.62965393066406,41.30258560180664,30.42548942565918,125.71441650390625,91.36247253417969
2022-02-10,39.32223892211914,67.9339599609375,29.64250946044922,37.96950149536133,94.71379852294922,77.41136932373047,67.89247131347656,40.126243591308594,29.65522003173828,123.74694061279297,89.78726196289062
2022-02-11,38.7138786315918,66.46670532226562,30.504667282104492,37.43747329711914,93.2682113647461,75.04691314697266,67.64974975585938,39.5772819519043,29.672931671142578,122.03239440917969,87.20700073242188
2022-02-14,38.395870208740234,66.47631072998047,29.785486221313477,37.0174674987793,92.92089080810547,75.02269744873047,67.4609603881836,39.15032958984375,29.42060089111328,120.78629302978516,87.70469665527344
2022-02-15,39.101016998291016,67.40653228759766,29.473546981811523,37.521484375,94.31954193115234,76.99469757080078,67.57782745361328,39.34202194213867,29.283367156982422,122.1447982788086,89.66646575927734
2022-02-16,39.386756896972656,66.93663787841797,29.711837768554688,37.54948425292969,94.81706237792969,76.91715240478516,67.70368957519531,39.44658279418945,29.349769592285156,122.33219909667969,89.92255401611328
2022-02-17,38.7138786315918,65.15292358398438,29.664175033569336,36.61611557006836,93.08049011230469,74.61570739746094,68.22511291503906,39.106746673583984,29.367477416992188,120.36469268798828,87.51624298095703
2022-02-18,38.64936065673828,64.6446762084961,29.482215881347656,36.606773376464844,92.31072998046875,73.85986328125,68.35096740722656,38.93247985839844,29.314361572265625,119.46527099609375,86.97505950927734
2022-02-22,38.100914001464844,63.98297882080078,29.005647659301758,36.42010498046875,91.41900634765625,73.17669677734375,67.82056427001953,38.827919006347656,29.283367156982422,119.16545867919922,84.43827819824219
2022-02-23,37.61238098144531,62.908905029296875,29.304580688476562,35.78541564941406,89.73873138427734,71.34520721435547,67.27217864990234,38.322532653808594,28.787565231323242,118.56582641601562,81.61641693115234
2022-02-24,37.501766204833984,64.67342376708984,29.074966430664062,35.35606384277344,90.8839340209961,73.78234100341797,66.11247253417969,38.984764099121094,29.017765045166016,119.04364776611328,83.4815673828125
2022-02-25,38.870574951171875,65.71871185302734,29.8418025970459,36.494773864746094,93.05232238769531,74.78528594970703,68.24311065673828,39.96068572998047,29.916404724121094,122.68821716308594,85.13409423828125
2022-02-28,38.428131103515625,65.64200592041016,30.57832145690918,35.95342254638672,93.76571655273438,74.64962005615234,67.33509063720703,39.272315979003906,30.07134437561035,121.76068878173828,85.7332534790039
2022-03-01,37.54325485229492,64.81727600097656,30.885929107666016,34.628028869628906,92.36708068847656,73.15730285644531,66.93954467773438,39.19388961791992,29.81015396118164,121.08612060546875,84.4334716796875
2022-03-02,38.36821365356445,65.37349700927734,31.592105865478516,35.52406692504883,94.33831024169922,74.74169921875,67.64974975585938,39.89097595214844,30.173160552978516,122.91307830810547,86.20677947998047
2022-03-03,38.414310455322266,64.69261932373047,31.67875862121582,35.41205978393555,94.44156646728516,73.85016632080078,68.19812774658203,40.326656341552734,30.70437240600586,123.54080200195312,84.25468444824219
2022-03-04,38.2806510925293,63.76240539550781,32.59290313720703,34.74937057495117,94.23506927490234,72.55651092529297,68.20713806152344,40.66648483276367,31.381685256958008,124.15918731689453,82.91622924804688
2022-03-07,36.95331954956055,61.6430549621582,33.07381057739258,33.47998809814453,91.7099838256836,69.90135955810547,66.96651458740234,39.92582702636719,31.788938522338867,121.99494934082031,78.85256958007812
2022-03-08,36.76435852050781,61.4896354675293,33.593692779541016,33.28397750854492,91.1467514038086,69.56219482421875,65.1595230102539,39.56857681274414,31.297563552856445,119.50273895263672,79.01683807373047
2022-03-09,37.902732849121094,63.33085632324219,32.56691360473633,34.50669860839844,92.79887390136719,72.31425476074219,65.60004425048828,40.230804443359375,31.07622718811035,121.76068878173828,81.5584487915039
2022-03-10,38.004127502441406,62.86096954345703,33.56336975097656,34.217350006103516,92.67684173583984,71.04966735839844,64.97972869873047,40.37022399902344,31.284286499023438,121.71383666992188,82.13829803466797
2022-03-11,37.722991943359375,61.7293815612793,33.29475784301758,33.97467041015625,91.9352798461914,69.79959869384766,64.22457122802734,39.96940231323242,31.17804718017578,120.8050308227539,80.5582275390625
2022-03-14,37.667686462402344,61.01013946533203,32.29830551147461,34.40403366088867,92.24505615234375,68.50594329833984,64.5661849975586,39.72541809082031,31.14263153076172,121.65763854980469,79.2149429321289
2022-03-15,38.100914001464844,62.18008041381836,31.115543365478516,34.889381408691406,93.70940399169922,70.80738830566406,66.01358032226562,40.03911590576172,31.54104995727539,124.084228515625,81.86769104003906
2022-03-16,38.70005798339844,63.896671295166016,30.972572326660156,35.86941146850586,94.94849395751953,73.10885620117188,66.08549499511719,40.48350524902344,31.483495712280273,125.57390594482422,84.66056823730469
2022-03-17,39.442073822021484,64.58712005615234,32.03834915161133,36.31743240356445,96.16877746582031,73.6272964477539,66.54396057128906,41.0586051940918,31.616296768188477,127.5601577758789,86.07148742675781
2022-03-18,39.681724548339844,65.43103790283203,32.008026123046875,36.40143585205078,96.53485870361328,75.13414001464844,66.69680786132812,41.15445327758789,31.34626579284668,128.34715270996094,87.88346862792969
2022-03-21,40.011566162109375,64.818603515625,33.298316955566406,36.36583709716797,96.7524185180664,74.99141693115234,66.78260803222656,40.94324493408203,31.555715560913086,128.24942016601562,87.14741516113281
2022-03-22,40.22899627685547,66.02998352050781,33.05337905883789,36.95615768432617,97.27983856201172,76.06905364990234,67.27928924560547,40.96953582763672,31.600271224975586,128.2776336669922,89.31061553955078
2022-03-23,40.04395294189453,65.12625885009766,33.621986389160156,36.27212142944336,96.34742736816406,74.8991928100586,66.73745727539062,40.50507354736328,31.644840240478516,125.97500610351562,88.20238494873047
2022-03-24,40.84891128540039,66.19342041015625,33.70508575439453,36.56260299682617,97.08203887939453,76.84571075439453,67.2070541381836,40.820560455322266,31.97016143798828,127.47875213623047,88.88956451416016
2022-03-25,41.30689239501953,66.51069641113281,34.444271087646484,37.0311164855957,97.68479919433594,76.80201721191406,67.76696014404297,41.30255889892578,32.433624267578125,128.0708465576172,88.73471069335938
2022-03-28,41.12185287475586,66.72220611572266,33.591373443603516,36.92803955078125,97.71306610107422,77.71459197998047,68.04690551757812,41.828372955322266,32.6430778503418,129.00128173828125,91.1011734008789
2022-03-29,41.468814849853516,67.8855209350586,33.50388717651367,37.01237869262695,98.61719512939453,79.36500549316406,68.65198516845703,43.05526351928711,32.94611358642578,129.76255798339844,92.68848419189453
2022-03-30,41.330020904541016,67.4048080444336,33.89316177368164,36.750003814697266,98.50419616699219,78.30681610107422,68.69712829589844,42.81865310668945,33.21794891357422,130.0162811279297,91.28022766113281
2022-03-31,40.779518127441406,66.12613677978516,33.43391036987305,35.90668869018555,96.98786926269531,77.14666748046875,68.5345687866211,42.34541702270508,33.18229675292969,128.74752807617188,89.52837371826172
2022-04-01,41.20974349975586,66.6164321899414,33.70508575439453,35.81298065185547,96.23440551757812,76.91852569580078,69.22091674804688,43.18672180175781,33.6457633972168,129.76255798339844,89.63967895507812
2022-04-04,41.21900177001953,68.45275115966797,33.74882888793945,35.65369415283203,96.11196899414062,78.3796157836914,69.0041732788086,43.05526351928711,33.387298583984375,128.68174743652344,91.65284729003906
2022-04-05,40.890541076660156,67.57786560058594,33.219581604003906,35.428810119628906,94.74634552001953,76.7292251586914,69.06739044189453,43.09031295776367,33.59674072265625,128.95433044433594,89.5041732788086
2022-04-06,40.41867446899414,66.31842041015625,33.41641616821289,35.1851806640625,94.01173400878906,74.91375732421875,69.94337463378906,43.73005676269531,34.26519775390625,130.9185333251953,87.22000122070312
2022-04-07,40.6823616027832,65.74156951904297,33.853797912597656,35.14769744873047,94.33195495605469,75.03025817871094,70.7922592163086,43.37074661254883,34.18053436279297,133.437255859375,87.66521453857422
2022-04-08,40.93217849731445,65.45314025878906,34.785438537597656,35.50376510620117,93.80452728271484,73.98176574707031,71.09029388427734,43.52848815917969,34.29639434814453,134.2361297607422,86.85704040527344
2022-04-11,40.728614807128906,64.60708618164062,33.74007797241211,35.34447479248047,93.5031509399414,72.11779022216797,70.80130004882812,42.932579040527344,33.82847595214844,131.56703186035156,85.2455062866211
2022-04-12,40.73787307739258,64.07830810546875,34.299930572509766,34.960304260253906,93.35246276855469,71.79742431640625,70.81935119628906,42.801124572753906,33.957706451416016,130.28887939453125,85.43424987792969
2022-04-13,41.33927917480469,65.02049255371094,34.81167984008789,34.960304260253906,94.22835540771484,72.95269012451172,71.21671295166016,42.97639846801758,33.890872955322266,130.9279327392578,87.55873107910156
2022-04-14,41.20049285888672,63.91487503051758,34.92540740966797,34.566749572753906,94.12476348876953,71.18094635009766,71.19866180419922,42.73101043701172,33.90869140625,130.29823303222656,86.33439636230469
2022-04-18,41.23750305175781,63.703365325927734,35.4371452331543,34.772891998291016,93.79510498046875,71.4139404296875,70.61165618896484,42.625858306884766,33.725975036621094,128.86033630371094,86.5957260131836
2022-04-19,41.626094818115234,64.9724349975586,35.14847183227539,35.250770568847656,95.49979400634766,72.75366973876953,71.68630981445312,43.51972961425781,33.94434356689453,130.09149169921875,89.10735321044922
2022-04-20,41.88978958129883,62.15548324584961,35.2840576171875,35.49440002441406,96.0177993774414,72.68572998046875,72.76095581054688,44.343502044677734,34.22063446044922,131.83956909179688,87.96041870117188
2022-04-21,41.20510482788086,60.38648223876953,34.164344787597656,34.932186126708984,95.03831481933594,71.4527587890625,72.69776153564453,44.05430603027344,33.65467071533203,130.38282775878906,87.10868835449219
2022-04-22,39.664608001708984,58.95397186279297,33.32892608642578,33.89208984375,92.7026138305664,69.45286560058594,71.55989074707031,43.265586853027344,33.088706970214844,125.62728118896484,85.08584594726562
2022-04-25,39.5535888671875,59.76155471801758,32.22671890258789,33.94831466674805,92.7026138305664,70.49651336669922,71.87596893310547,43.064029693603516,32.861427307128906,126.47313690185547,85.70043182373047
2022-04-26,38.94293212890625,57.800270080566406,32.27046203613281,33.09562683105469,90.67770385742188,67.87042999267578,70.76517486572266,42.38923645019531,32.53166961669922,124.24573516845703,81.3643569946289
2022-04-27,39.516578674316406,56.51197052001953,32.74284362792969,33.0675163269043,91.01676177978516,68.87521362304688,71.02706909179688,42.135093688964844,32.375694274902344,123.97319793701172,81.37401580810547
2022-04-28,40.14109802246094,58.77130126953125,33.73570251464844,33.489173889160156,92.04335021972656,71.63236999511719,72.07463836669922,42.906288146972656,32.736656188964844,125.68364715576172,83.04362487792969
2022-04-29,39.336151123046875,56.78117752075195,32.86967849731445,32.33662414550781,89.60406494140625,68.64708709716797,70.1149673461914,40.83808135986328,31.756250381469727,122.45065307617188,78.82367706298828
2022-05-02,39.21586990356445,58.34827423095703,33.39455032348633,32.34600830078125,89.79242706298828,69.69073486328125,69.19381713867188,39.77770233154297,31.430931091308594,121.68939208984375,79.97545623779297
2022-05-03,39.655357360839844,58.502105712890625,34.33055114746094,32.76766586303711,90.38575744628906,69.81207275390625,68.99514770507812,40.25969696044922,31.551258087158203,122.07469940185547,79.77703857421875
2022-05-04,40.941429138183594,60.51145935058594,35.756439208984375,33.770286560058594,93.00399780273438,72.26341247558594,70.54844665527344,40.7329216003418,32.255367279052734,124.78145599365234,82.1192855834961
2022-05-05,39.673866271972656,58.28097915649414,35.21844482421875,32.786415100097656,90.57412719726562,68.787841796875,69.21190643310547,39.6900749206543,31.925596237182617,122.35668182373047,77.51704406738281
2022-05-06,39.10484313964844,57.0792121887207,36.2681770324707,32.552146911621094,89.96194458007812,68.23448181152344,69.28413391113281,39.28694534301758,32.17961120605469,121.97132873535156,76.53465270996094
2022-05-09,37.86966323852539,55.5986328125,33.26769256591797,31.7744197845459,87.7863540649414,65.59383392333984,69.25704193115234,37.45537567138672,31.938968658447266,118.8134765625,73.27293395996094
2022-05-10,37.63372802734375,55.84860610961914,33.56949996948242,31.49331283569336,87.21184539794922,66.59378814697266,68.77839660644531,36.622825622558594,31.551258087158203,119.2364273071289,73.05516815185547
2022-05-11,37.65224075317383,54.839115142822266,34.02001190185547,31.202838897705078,86.42072296142578,64.4919662475586,68.48040771484375,36.57024383544922,31.778541564941406,118.44696044921875,70.43705749511719
2022-05-12,37.58284378051758,55.43518829345703,34.164344787597656,30.968584060668945,86.58081817626953,63.826942443847656,68.46232604980469,36.8419189453125,31.45767593383789,119.59357452392578,70.9209976196289
2022-05-13,38.16111755371094,56.733097076416016,35.33217239379883,31.418352127075195,87.6827392578125,65.94818115234375,69.49183654785156,37.76209259033203,31.832008361816406,120.86233520507812,73.71331787109375
2022-05-16,38.091712951660156,56.367767333984375,36.26380920410156,31.15599250793457,87.5603256225586,65.36567687988281,69.80791473388672,37.45537567138672,31.930051803588867,121.75519561767578,72.12114715576172
2022-05-17,39.169612884521484,57.5983772277832,36.68370056152344,31.989944458007812,89.54753875732422,67.25879669189453,69.32927703857422,37.858489990234375,32.259822845458984,123.42806243896484,73.94075775146484
2022-05-18,37.952938079833984,55.71400451660156,35.74331283569336,31.1091365814209,86.21353149414062,64.18128204345703,64.86808776855469,36.7542839050293,31.9478816986084,120.2420425415039,69.10623168945312
2022-05-19,38.221256256103516,55.637088775634766,35.612091064453125,30.902992248535156,85.44123840332031,63.477447509765625,63.71213912963867,36.68416976928711,31.881031036376953,120.50519561767578,69.15461730957031
2022-05-20,38.12873077392578,55.78130340576172,35.76518249511719,30.84676170349121,84.51825714111328,63.61819839477539,63.84758758544922,37.11358642578125,31.97016143798828,121.97132873535156,67.94960021972656
2022-05-23,38.82727813720703,56.61772918701172,36.70994567871094,31.84938621520996,85.9027328491211,65.07931518554688,65.16610717773438,37.5955810546875,32.3534049987793,123.04275512695312,68.45775604248047
2022-05-24,38.605224609375,54.608375549316406,36.849910736083984,31.783790588378906,85.85565185546875,64.11332702636719,66.23171997070312,38.03376007080078,32.99958801269531,123.40928649902344,66.69622039794922
2022-05-25,38.776390075683594,55.33905029296875,37.61095428466797,32.03678512573242,86.35480499267578,64.8608627319336,66.24979400634766,38.24407958984375,32.977298736572266,123.37169647216797,68.57872772216797
2022-05-26,39.48881149291992,56.685035705566406,38.0264778137207,32.777042388916016,88.10658264160156,66.41903686523438,66.95417785644531,38.20025634765625,33.07088851928711,123.89797973632812,71.94209289550781
2022-05-27,40.414039611816406,57.896419525146484,38.721923828125,33.32987976074219,89.91486358642578,68.66649627685547,67.7308349609375,39.278175354003906,33.587833404541016,125.95622253417969,74.41017150878906
2022-05-31,39.798763275146484,57.85795593261719,38.140193939208984,33.236183166503906,89.18962860107422,68.17623138427734,67.25222778320312,38.75237274169922,33.12437057495117,124.27391815185547,74.78765106201172
2022-06-01,39.40092468261719,57.19458770751953,38.76129150390625,32.70207595825195,88.6434097290039,67.97236633300781,66.37620544433594,38.33171844482422,33.07088851928711,122.48824310302734,74.00851440429688
2022-06-02,40.488067626953125,58.5886344909668,38.638824462890625,33.1518440246582,90.33866882324219,69.61790466308594,67.34251403808594,38.91011047363281,33.293704986572266,123.45626831054688,76.2733383178711
2022-06-03,40.0948371887207,57.31956481933594,39.15056228637695,32.6739616394043,89.99020385742188,67.95294952392578,66.66520690917969,38.41935729980469,33.13327407836914,122.0089340209961,74.04237365722656
2022-06-06,40.474178314208984,57.60799026489258,39.10682678222656,32.76766586303711,90.36692810058594,67.95777893066406,66.69229888916016,38.305416107177734,33.280338287353516,122.02770233154297,74.78280639648438
2022-06-07,40.7656364440918,58.021392822265625,40.274658203125,33.02066421508789,91.58186340332031,68.7684326171875,67.04449462890625,38.75237274169922,33.480873107910156,123.61605072021484,74.59890747070312
2022-06-08,39.91905212402344,57.86757278442383,40.36212158203125,32.439697265625,89.92427062988281,67.99179077148438,66.22270202636719,37.82344055175781,32.82579040527344,122.63863372802734,74.15851593017578
2022-06-09,38.975318908691406,56.088958740234375,39.46985626220703,31.624502182006836,88.1536636352539,66.17633056640625,65.22930908203125,36.955841064453125,32.03700256347656,119.86611938476562,72.81802368164062
2022-06-10,37.781768798828125,54.5218505859375,38.80064392089844,30.48133087158203,85.55425262451172,63.63276672363281,64.94935607910156,36.0794792175293,31.791900634765625,117.93946838378906,69.91441345214844
2022-06-13,36.306026458740234,51.945255279541016,36.77555465698242,29.57241439819336,82.98311614990234,60.812522888183594,63.549583435058594,34.344303131103516,30.330202102661133,114.36808776855469,66.68655395507812
2022-06-14,36.02845764160156,51.80104446411133,36.845523834228516,29.319425582885742,82.77589416503906,61.19599914550781,62.80003356933594,34.09893035888672,29.563703536987305,113.27789306640625,66.63330078125
2022-06-15,36.01920700073242,52.96435546875,36.0319938659668,29.647384643554688,83.57646942138672,62.48719787597656,62.86324691772461,34.878875732421875,29.755329132080078,114.42449188232422,68.50614166259766
2022-06-16,34.71925735473633,51.031917572021484,34.00251388549805,28.897764205932617,80.7886962890625,59.94363784790039,62.384613037109375,34.04633712768555,29.180458068847656,112.7421875,65.15245819091797
2022-06-17,34.65911102294922,51.762577056884766,32.14360427856445,28.982093811035156,80.58148956298828,60.49215316772461,62.158836364746094,34.24790954589844,28.90861701965332,112.6763916015625,65.86384582519531
2022-06-21,35.183162689208984,52.128814697265625,33.80884552001953,29.56049156188965,82.0514907836914,62.0315055847168,63.8175163269043,34.8857307434082,29.45889663696289,115.70977020263672,67.74781036376953
2022-06-22,34.73131561279297,52.21554183959961,32.45542907714844,29.49455451965332,81.59744262695312,61.76870346069336,63.77202606201172,35.451107025146484,29.768848419189453,117.31423950195312,67.61682891845703
2022-06-23,34.25619125366211,52.86124801635742,31.252399444580078,29.381507873535156,81.18122100830078,62.69338607788086,65.00942993164062,36.14899444580078,30.46961212158203,119.94743347167969,68.6791000366211
2022-06-24,35.61636734008789,54.87546920776367,31.663726806640625,30.464834213256836,84.0190658569336,64.94668579101562,66.28323364257812,36.93523406982422,30.999671936035156,121.93885040283203,71.29842376708984
2022-06-27,35.322898864746094,54.35505676269531,32.59253692626953,30.361209869384766,83.82040405273438,64.5086669921875,66.10126495361328,36.80271530151367,31.251218795776367,122.39185333251953,70.55142211914062
2022-06-28,34.94559097290039,52.77450942993164,33.47269821166992,30.05976104736328,82.84608459472656,62.57658386230469,65.21869659423828,36.299171447753906,31.134429931640625,120.25888061523438,67.73326110839844
2022-06-29,34.694053649902344,52.938350677490234,32.309471130371094,29.89020347595215,82.3636703491211,62.70310974121094,65.62812805175781,36.069496154785156,31.156892776489258,121.3064956665039,67.67988586425781
2022-06-30,34.28413009643555,52.302284240722656,31.628345489501953,29.62643814086914,82.61904907226562,61.86603927612305,65.67362976074219,36.09599304199219,31.502777099609375,121.03280639648438,66.68553161621094
2022-07-01,34.5263671875,52.832340240478516,32.10158920288086,30.03150177001953,83.33798217773438,62.00717544555664,66.61988830566406,36.74087905883789,32.27540588378906,122.39185333251953,67.91271209716797
2022-07-05,33.8322868347168,54.05629348754883,30.82779312133789,29.927879333496094,82.08932495117188,62.78584671020508,66.1922607421875,36.5906982421875,31.17485809326172,121.68402099609375,69.43095397949219
2022-07-06,34.046573638916016,54.06592559814453,30.301467895507812,29.852521896362305,82.56230163574219,63.3260498046875,66.3833236694336,36.56420135498047,31.49828338623047,122.505126953125,69.20296478271484
2022-07-07,34.34934997558594,54.91402816772461,31.39392852783203,30.285850524902344,83.53662109375,64.63518524169922,66.44701385498047,36.5906982421875,31.466846466064453,123.02423095703125,70.98799133300781
2022-07-08,34.01395797729492,54.653812408447266,31.380651473999023,30.21990966796875,83.15825653076172,64.6644058227539,66.32872009277344,36.422855377197266,31.363525390625,123.39229583740234,70.99768829345703
2022-07-11,33.92079544067383,52.99618911743164,31.079898834228516,29.974985122680664,82.60014343261719,63.773799896240234,66.23774719238281,36.422855377197266,31.561172485351562,123.08084869384766,69.05259704589844
2022-07-12,33.85558319091797,52.96726608276367,30.473962783813477,29.786579132080078,82.34473419189453,62.902652740478516,66.04666137695312,36.193172454833984,31.4084415435791,121.5141372680664,68.63545989990234
2022-07-13,33.659934997558594,52.7263298034668,30.42530632019043,29.522811889648438,81.34203338623047,62.737178802490234,66.0921859741211,35.99882125854492,31.278175354003906,120.33438110351562,69.19813537597656
2022-07-14,33.0403938293457,52.06134796142578,29.85032844543457,28.95760726928711,80.8785171508789,63.31145095825195,66.14674377441406,35.64545440673828,31.278175354003906,119.98516845703125,69.1399154663086
2022-07-15,33.557464599609375,53.400943756103516,30.336849212646484,29.93730354309082,82.14607238769531,64.42594909667969,66.3651351928711,36.219669342041016,31.336580276489258,122.88264465332031,70.25553894042969
2022-07-18,33.63664627075195,53.131099700927734,31.03125,29.82425880432129,81.65420532226562,63.803001403808594,65.71913146972656,35.86630630493164,30.90084457397461,120.2872085571289,70.45926666259766
2022-07-19,34.66144943237305,55.02003479003906,31.986595153808594,30.719173431396484,84.5677261352539,65.74967956542969,66.41061401367188,36.85572814941406,31.098493576049805,122.33523559570312,72.6177749633789
2022-07-20,34.722007751464844,55.92594909667969,32.29620361328125,30.83221435546875,85.22041320800781,66.77658081054688,65.96479034423828,36.67021179199219,30.685224533081055,121.1271743774414,73.81100463867188
2022-07-21,35.21577072143555,55.897037506103516,31.730072021484375,31.030040740966797,85.83528137207031,67.71585845947266,66.16495513916016,37.05008316040039,30.766082763671875,123.0430908203125,75.4990005493164
2022-07-22,34.96421813964844,53.95991897583008,31.469120025634766,30.851058959960938,85.56094360351562,66.78145599365234,66.60169219970703,37.332767486572266,31.188339233398438,122.533447265625,75.06246185302734
2022-07-25,35.1086311340332,53.77681350708008,32.623497009277344,31.048879623413086,85.96771240234375,66.35802459716797,66.92923736572266,37.35926818847656,31.57914161682129,123.17521667480469,74.4173355102539
2022-07-26,34.871070861816406,52.69742202758789,32.32716369628906,30.615556716918945,85.50419616699219,65.28247833251953,66.7745590209961,37.42993927001953,31.76781463623047,123.80757904052734,72.02114868164062
2022-07-27,35.29030227661133,54.92366027832031,33.056941986083984,31.086559295654297,86.82853698730469,68.0905990600586,67.22948455810547,37.633121490478516,31.794761657714844,124.58148193359375,74.7471694946289
2022-07-28,35.91449737548828,54.29722595214844,33.24271011352539,31.312644958496094,88.64473724365234,69.12720489501953,68.3031234741211,39.02007293701172,32.93574523925781,125.37425231933594,76.03256225585938
2022-07-29,36.394283294677734,54.326133728027344,34.68458557128906,31.755393981933594,90.47042846679688,70.18815612792969,67.775390625,39.17025375366211,33.21874237060547,124.95899200439453,78.98170471191406
2022-08-01,36.10082244873047,54.24904251098633,33.96807098388672,31.49163246154785,90.56502532958984,70.03730010986328,68.62156677246094,38.8168830871582,33.25467300415039,124.03407287597656,79.37459564208984
2022-08-02,35.73283004760742,54.16230010986328,33.88846206665039,31.143089294433594,89.609619140625,69.54087829589844,68.07564544677734,38.304508209228516,33.18729782104492,123.59048461914062,78.83134460449219
2022-08-03,35.770084381103516,55.463356018066406,32.915409088134766,31.614097595214844,90.45150756835938,71.39025115966797,68.521484375,38.463531494140625,33.3939323425293,124.7230453491211,80.75215148925781
2022-08-04,35.79338455200195,55.70429992675781,31.694686889648438,31.51047134399414,90.78258514404297,71.7163314819336,68.06655883789062,38.49886703491211,33.46580505371094,124.10958099365234,81.08200073242188
2022-08-05,35.919151306152344,55.02003479003906,32.32274627685547,31.73655128479004,90.92449951171875,71.55084991455078,67.91188049316406,38.622535705566406,33.34452438354492,124.06238555908203,79.6995849609375
2022-08-08,36.11945343017578,55.33807373046875,32.49081802368164,31.717714309692383,90.89611053466797,70.94251251220703,67.87549591064453,38.90523147583008,33.3939323425293,124.35498046875,80.05853271484375
2022-08-09,35.94244384765625,54.798377990722656,33.06137466430664,31.877859115600586,90.56502532958984,70.23197174072266,67.775390625,39.21441650390625,33.76676940917969,123.97745513916016,78.7828369140625
2022-08-10,36.962581634521484,56.340354919433594,33.300209045410156,32.593788146972656,92.551513671875,72.14946746826172,68.27582550048828,39.74446487426758,33.91500473022461,125.32707214355469,81.00438690185547
2022-08-11,37.08835220336914,56.398189544677734,34.44573974609375,32.980018615722656,93.04339599609375,71.8671875,68.11204528808594,39.55894088745117,33.9105224609375,124.51542663574219,80.59210968017578
2022-08-12,37.78708267211914,57.40047836303711,34.70669174194336,33.49813461303711,94.44340515136719,73.29801940917969,68.70346069335938,40.2303352355957,34.463043212890625,126.11042785644531,82.41590118408203
2022-08-15,37.76377868652344,57.602867126464844,34.029991149902344,33.48870849609375,94.6704330444336,73.76036834716797,69.38584899902344,40.407012939453125,34.75053787231445,126.7427978515625,82.98340606689453
2022-08-16,37.97340774536133,57.718509674072266,33.95037841796875,33.73362731933594,95.09611511230469,73.56080627441406,70.16834259033203,40.24799728393555,34.84935760498047,126.40299987792969,83.90019989013672
2022-08-17,37.451690673828125,56.60057830810547,34.23344802856445,33.56407165527344,94.33935546875,73.03520965576172,69.96817016601562,40.13316345214844,34.79096221923828,125.66683197021484,82.99797821044922
2022-08-18,37.56814956665039,56.51383972167969,35.153411865234375,33.60174560546875,94.71772003173828,73.4148178100586,70.2047348022461,39.859310150146484,34.92123794555664,125.11000061035156,82.97372436523438
2022-08-19,36.87873458862305,55.59828186035156,35.144569396972656,32.93290710449219,93.49745178222656,72.08131408691406,69.9772720336914,39.470611572265625,34.90327072143555,125.44976043701172,81.26146697998047
2022-08-22,36.29180908203125,54.00811004638672,35.07822036743164,32.20756912231445,91.71907043457031,70.07137298583984,69.26757049560547,38.6490364074707,34.42710494995117,123.80757904052734,79.00597381591797
2022-08-23,36.650482177734375,53.54550552368164,36.34318542480469,32.07568359375,91.88933563232422,69.88642883300781,68.96733093261719,38.066001892089844,34.2204704284668,122.08042907714844,79.22908782958984
2022-08-24,36.72967529296875,53.86354446411133,36.78990173339844,32.245243072509766,92.19203186035156,69.93022918701172,69.14019012451172,38.3663444519043,34.32828903198242,122.23140716552734,79.5686264038086
2022-08-25,37.56348419189453,54.91402816772461,37.072967529296875,32.744510650634766,93.60150909423828,71.11284637451172,69.4586410522461,38.95823287963867,34.53940200805664,123.58104705810547,80.51933288574219
2022-08-26,36.41291427612305,53.16001510620117,36.63951110839844,31.76481819152832,90.3569107055664,68.07600402832031,67.73900604248047,37.96881103515625,34.009342193603516,120.13619995117188,77.45377349853516
2022-08-29,36.15672302246094,52.745609283447266,37.19237518310547,31.538728713989258,89.95014190673828,67.1756591796875,67.62982940673828,37.6419563293457,34.112667083740234,119.29621887207031,77.04148864746094
2022-08-30,35.56512451171875,52.28300857543945,35.93185043334961,31.369173049926758,88.65421295166016,66.47481536865234,66.92923736572266,37.103084564208984,33.61404800415039,118.50341796875,76.18292236328125
2022-08-31,35.127262115478516,52.40829086303711,35.604549407958984,31.1336612701416,87.90690612792969,65.82756042480469,66.5197982788086,36.97056579589844,33.3939323425293,117.7483901977539,75.43109130859375
2022-09-01,34.666099548339844,52.89016342163086,34.72881317138672,31.227867126464844,88.0298843383789,65.50635528564453,66.89283752441406,37.103084564208984,33.87459182739258,119.68315887451172,76.11986541748047
2022-09-02,34.63349151611328,51.88787078857422,35.36570739746094,30.982940673828125,87.17854309082031,64.6546859741211,66.0193862915039,36.46702575683594,33.5107307434082,117.96544647216797,75.42140197753906
2022-09-06,34.5263671875,51.24216842651367,35.038414001464844,30.907581329345703,87.32041931152344,64.22640228271484,65.64634704589844,36.846893310546875,33.5960807800293,118.0787124633789,75.26618957519531
2022-09-07,35.481285095214844,52.273372650146484,34.63151168823242,31.5198917388916,88.72041320800781,65.25328826904297,66.82915496826172,37.553619384765625,34.647212982177734,120.0040512084961,77.57503509521484
2022-09-08,35.825992584228516,52.14807891845703,34.78187942504883,32.07568359375,88.98528289794922,65.47713470458984,66.65628051757812,37.65962600708008,34.62026596069336,122.08987426757812,78.29779052734375
2022-09-09,36.366336822509766,53.60333251953125,35.648780822753906,32.36771011352539,90.13933563232422,66.77171325683594,67.3113784790039,38.02181625366211,34.759517669677734,123.16577911376953,79.78204345703125
2022-09-12,36.706390380859375,53.8828239440918,36.30337142944336,32.631473541259766,90.67853546142578,67.84239196777344,67.57522583007812,38.3398551940918,35.0919303894043,123.98690032958984,80.81035614013672
2022-09-13,35.397438049316406,50.924129486083984,35.38783264160156,31.41627311706543,87.26366424560547,64.24100494384766,65.31879425048828,36.882232666015625,34.1575813293457,119.89079284667969,76.64373779296875
2022-09-14,34.96421813964844,51.01087188720703,36.387413024902344,31.32206916809082,87.09339141845703,64.47459411621094,65.29148864746094,36.43169021606445,34.436092376708984,119.95687103271484,77.6283950805664
2022-09-15,34.503074645996094,50.789215087890625,35.44974899291992,31.425687789916992,86.18528747558594,62.9902458190918,64.7455825805664,35.63662338256836,33.57810592651367,120.626953125,77.23066711425781
2022-09-16,33.95806121826172,50.24951171875,34.69343566894531,31.143089294433594,84.38797760009766,62.639854431152344,64.90025329589844,35.64545440673828,33.45233154296875,120.2872085571289,76.60979461669922
2022-09-19,34.52020263671875,50.539241790771484,34.7140007019043,31.496301651000977,85.53329467773438,63.1506462097168,65.33158111572266,35.57771301269531,33.900516510009766,119.63908386230469,77.69371795654297
2022-09-20,33.864376068115234,49.756961822509766,34.472557067871094,31.03228759765625,84.46876525878906,62.77986145019531,64.97441864013672,34.64168167114258,33.40755844116211,118.23666381835938,76.37648010253906
2022-09-21,33.12422180175781,48.540077209472656,33.967323303222656,30.388347625732422,83.34721374511719,61.79923629760742,64.7271728515625,34.133567810058594,32.95078659057617,116.27522277832031,74.56827545166016
2022-09-22,32.72603225708008,48.36624526977539,33.84659194946289,29.876983642578125,82.09257507324219,61.16987609863281,64.6355972290039,33.81264114379883,32.83320236206055,116.8911361694336,72.84758758544922
2022-09-23,32.05615234375,47.42943572998047,31.512651443481445,29.40349578857422,80.55280303955078,60.369754791259766,63.536651611328125,33.393653869628906,32.45331954956055,116.294189453125,71.17064666748047
2022-09-26,31.536165237426758,46.656822204589844,30.73914909362793,28.939476013183594,79.70689392089844,59.95018005371094,63.58243942260742,32.4932975769043,31.670923233032227,115.1855239868164,71.0102310180664
2022-09-27,31.606430053710938,46.405704498291016,31.083417892456055,28.816373825073242,79.44074249267578,60.02824783325195,62.4835205078125,32.06540298461914,31.137264251708984,114.83493041992188,71.23383331298828
2022-09-28,32.421539306640625,47.98958206176758,32.46054458618164,29.384553909301758,81.18962860107422,60.66248321533203,63.234458923339844,32.67158889770508,31.471933364868164,117.34596252441406,73.1586685180664
2022-09-29,31.9437198638916,46.82099533081055,32.46054458618164,29.01523780822754,79.7829360961914,59.081764221191406,62.190467834472656,31.762310028076172,30.21017074584961,116.36051177978516,70.63109588623047
2022-09-30,31.859399795532227,46.251182556152344,32.20120620727539,28.750085830688477,78.73741149902344,57.949893951416016,61.10985565185547,32.10105514526367,29.62677001953125,114.7591323852539,69.24093627929688
2022-10-03,32.894676208496094,47.54533004760742,34.020973205566406,29.526601791381836,81.11359405517578,59.74528121948242,62.162986755371094,32.698326110839844,30.495080947875977,117.11854553222656,69.3089828491211
2022-10-04,34.1032829284668,49.003658294677734,35.483036041259766,30.62508773803711,83.93651580810547,61.75044631958008,63.106239318847656,33.21536636352539,31.141796112060547,119.83805847167969,71.72960662841797
2022-10-05,33.71915054321289,48.62700271606445,36.21630096435547,30.388347625732422,83.48028564453125,61.95534896850586,62.73994445800781,32.60027313232422,30.449853897094727,120.23603057861328,71.30674743652344
2022-10-06,33.363128662109375,48.36624526977539,36.860145568847656,29.962209701538086,82.5202865600586,61.447967529296875,61.82416534423828,31.530529022216797,29.44586753845215,118.70097351074219,70.80120849609375
2022-10-07,32.53865432739258,47.06243133544922,36.573997497558594,29.251981735229492,80.94251251220703,58.9207649230957,60.89920425415039,30.781709671020508,28.835329055786133,116.18994903564453,68.36599731445312
2022-10-10,32.60892105102539,46.93688201904297,35.822837829589844,29.119403839111328,81.22765350341797,57.93037796020508,61.11899185180664,30.43404769897461,28.88507652282715,115.4603271484375,67.94312286376953
2022-10-11,32.355960845947266,46.05802917480469,35.53668975830078,28.750085830688477,81.20864868164062,57.04245376586914,61.622684478759766,30.71931266784668,28.781063079833984,116.07624816894531,67.38899230957031
2022-10-12,32.11236572265625,46.000083923339844,35.822837829589844,28.683795928955078,80.57181549072266,56.86680603027344,61.95236587524414,30.309246063232422,27.822298049926758,115.5077133178711,67.5639877319336
2022-10-13,33.0539436340332,47.1107292175293,37.28490447998047,29.86751365661621,82.34921264648438,58.6329231262207,62.978031158447266,30.879776000976562,28.518756866455078,118.19876861572266,68.30281066894531
2022-10-14,31.939035415649414,46.33810043334961,35.89438247680664,29.365615844726562,80.5433120727539,56.983909606933594,61.84247970581055,30.104215621948242,28.10721206665039,117.4028091430664,65.7509536743164
2022-10-17,32.73540496826172,47.612937927246094,36.341495513916016,30.10425567626953,82.30167388916016,58.72074508666992,62.5109977722168,31.22743797302246,28.69513702392578,119.2884750366211,68.41947174072266
2022-10-18,33.37718200683594,47.97027587890625,36.6589469909668,30.58721351623535,84.28819274902344,59.21836853027344,63.326026916503906,31.637510299682617,29.219743728637695,119.95176696777344,69.36244201660156
2022-10-19,32.98368835449219,48.0088996887207,37.74095916748047,30.085317611694336,83.68939208984375,59.047611236572266,63.03298568725586,30.844112396240234,28.839853286743164,118.27458190917969,68.58473205566406
2022-10-20,32.744773864746094,48.12479782104492,37.776729583740234,29.602357864379883,82.04505920410156,59.081764221191406,62.153839111328125,30.69257354736328,28.111730575561523,117.2701644897461,67.25775909423828
2022-10-21,33.87842559814453,48.4338493347168,38.86769485473633,30.48304557800293,84.29769134521484,60.66248321533203,63.106239318847656,30.90652084350586,28.631820678710938,119.90438079833984,69.21661376953125
2022-10-24,33.681678771972656,48.77186965942383,39.05100631713867,30.890243530273438,85.41925811767578,61.50163269042969,64.24180603027344,30.888689041137695,28.871509552001953,122.2164306640625,69.50341033935547
2022-10-25,34.5155143737793,50.066017150878906,39.09125518798828,31.259559631347656,86.56932830810547,62.67741394042969,65.0843276977539,32.10997009277344,29.450387954711914,123.14505767822266,71.24354553222656
2022-10-26,34.75910568237305,48.482139587402344,39.62331771850586,31.335325241088867,86.87347412109375,61.282081604003906,65.51473236083984,32.04756546020508,29.43682098388672,124.509521484375,70.66998291015625
2022-10-27,34.670108795166016,46.183570861816406,39.76639938354492,31.59100914001465,87.89049530029297,60.58442306518555,65.5696792602539,32.06540298461914,29.671985626220703,123.85572814941406,70.39778137207031
2022-10-28,35.016761779785156,47.3521728515625,39.90500259399414,32.37698745727539,89.93400573730469,63.21895980834961,67.00745391845703,32.8231315612793,30.48603630065918,125.89297485351562,70.46096801757812
2022-10-31,34.702903747558594,46.56023025512695,40.24034118652344,32.17812728881836,89.6773681640625,62.38469314575195,66.61365509033203,32.74290084838867,30.20111846923828,125.78874969482422,70.0089340209961
2022-11-01,34.791900634765625,46.26084518432617,40.62932205200195,32.26334762573242,89.59182739257812,61.8626594543457,66.40304565429688,32.68940734863281,30.318706512451172,125.86456298828125,69.29927062988281
2022-11-02,33.887794494628906,44.95703887939453,39.650150299072266,31.856157302856445,88.01405334472656,59.72575759887695,65.24915313720703,31.8336181640625,30.024742126464844,123.7230453491211,66.67932891845703
2022-11-03,34.14544677734375,43.856056213378906,40.3834228515625,31.534183502197266,88.9360122680664,57.96940994262695,65.02938842773438,31.815792083740234,30.155895233154297,123.201904296875,66.28076171875
2022-11-04,35.33061981201172,44.15544891357422,40.875240325927734,32.11183547973633,90.36170959472656,59.02810287475586,65.79862213134766,32.26151657104492,30.341306686401367,123.95045471191406,66.8348617553711
2022-11-07,35.60700988769531,44.947383880615234,41.57720184326172,32.433807373046875,91.33120727539062,60.013607025146484,66.38471221923828,32.25260925292969,29.762441635131836,125.27706146240234,66.3682632446289
2022-11-08,36.220680236816406,44.99567794799805,41.617454528808594,32.62320327758789,92.12960052490234,60.58930587768555,66.5770263671875,32.44871520996094,29.970474243164062,125.9024658203125,66.20297241210938
2022-11-09,35.635128021240234,44.38722610473633,39.58308029174805,32.073951721191406,90.8464584350586,59.013465881347656,65.85357666015625,32.0921516418457,29.735301971435547,124.54743194580078,64.18091583251953
2022-11-10,37.607295989990234,47.07209777832031,40.463897705078125,33.69328689575195,94.6578598022461,63.86295700073242,67.4012451171875,34.55253982543945,31.137264251708984,127.71229553222656,68.87152099609375
2022-11-11,38.061702728271484,48.30830001831055,41.63981246948242,33.9678955078125,94.60084533691406,64.95579528808594,67.32796478271484,34.53471755981445,30.789039611816406,126.14883422851562,70.5241470336914
2022-11-14,38.01017379760742,48.115142822265625,41.62638854980469,33.484947204589844,94.02106475830078,64.39962005615234,66.79682922363281,33.616519927978516,30.422719955444336,126.26252746582031,69.40619659423828
2022-11-15,37.95395278930664,48.8298225402832,42.064571380615234,33.56071090698242,94.66737365722656,65.18022155761719,67.3554458618164,34.035499572753906,30.757381439208984,126.10143280029297,70.35404205322266
2022-11-16,37.58388137817383,48.3469352722168,41.206119537353516,33.399723052978516,93.98302459716797,64.28741455078125,67.68512725830078,33.794803619384766,31.033254623413086,126.0445785522461,69.27982330322266
2022-11-17,37.22317123413086,47.97993087768555,41.2955207824707,33.219791412353516,93.82144927978516,64.3703384399414,67.66680908203125,33.49171447753906,30.490554809570312,125.98772430419922,68.43892669677734
2022-11-18,37.47145080566406,47.835060119628906,40.96913146972656,33.49441146850586,94.5152816772461,64.44352722167969,68.39028930664062,33.91961669921875,31.137264251708984,127.51331329345703,68.5312728881836
2022-11-21,37.59793472290039,47.4390869140625,40.414710998535156,33.59858703613281,94.8194580078125,63.75075149536133,69.04048156738281,34.16030502319336,31.277475357055664,127.57015991210938,67.53968048095703
2022-11-22,38.45051193237305,48.14411544799805,41.68004608154297,33.93949890136719,95.55130004882812,64.98506164550781,69.5441665649414,34.329673767089844,31.54429054260254,128.67880249023438,68.30281066894531
2022-11-23,38.60041809082031,48.7525520324707,41.22846221923828,34.081539154052734,95.91250610351562,65.56076049804688,69.78225708007812,34.3831672668457,31.897050857543945,129.1904754638672,69.28954315185547
2022-11-25,38.58636474609375,48.482139587402344,41.07644271850586,34.19517517089844,96.28321075439453,65.18022155761719,69.82804870605469,34.58820343017578,32.08246994018555,129.95802307128906,69.32843017578125
2022-11-28,37.72440719604492,47.70951461791992,39.949710845947266,33.60805130004883,94.53430938720703,63.78489685058594,69.56246948242188,33.616519927978516,31.752328872680664,128.9820098876953,68.90068817138672
2022-11-29,37.85090255737305,47.728824615478516,40.55331802368164,33.806915283203125,95.11409759521484,63.16040802001953,69.2968978881836,34.178131103515625,31.51716423034668,128.65985107421875,68.68194580078125
2022-11-30,38.76437759399414,49.74730682373047,40.754520416259766,34.384578704833984,96.6823959350586,66.33160400390625,70.68887329101562,34.980438232421875,32.304073333740234,131.7299041748047,71.04911804199219
2022-12-01,38.811222076416016,50.03704833984375,40.62038040161133,34.18571090698242,96.71089935302734,66.4242935180664,70.36835479736328,34.90911865234375,32.27694320678711,132.10897827148438,71.03939819335938
2022-12-02,39.237518310546875,50.16259765625,40.378936767578125,34.024723052978516,97.2621841430664,66.03887939453125,70.68887329101562,34.739742279052734,32.123172760009766,132.45010375976562,70.9470443725586
2022-12-05,38.45988082885742,49.37065124511719,39.18067169189453,33.181915283203125,95.63687133789062,64.94115447998047,69.80056762695312,34.151390075683594,31.94227409362793,131.18038940429688,68.90068817138672
2022-12-06,38.117916107177734,47.95096206665039,38.14783477783203,32.888343811035156,94.50578308105469,63.55071258544922,69.37014770507812,33.89287567138672,32.14126205444336,130.18545532226562,67.82646179199219
2022-12-07,38.03359603881836,47.70951461791992,38.05841827392578,32.75578308105469,94.38224029541016,63.22872543334961,69.6632080078125,33.96418380737305,31.992015838623047,131.25616455078125,67.41815948486328
2022-12-08,38.314659118652344,47.612937927246094,37.888511657714844,32.7841911315918,94.9430160522461,64.26301574707031,70.0386734008789,34.21379470825195,32.20005416870117,132.4406280517578,68.06951141357422
2022-12-09,37.935218811035156,47.74814224243164,36.96745681762695,32.6989631652832,94.16363525390625,63.867835998535156,69.49836730957031,34.14247131347656,32.0327262878418,130.74447631835938,67.77301025390625
2022-12-12,38.263126373291016,48.12479782104492,37.93769836425781,33.13457489013672,95.7794189453125,65.2631607055664,70.23101043701172,34.427734375,32.76536178588867,132.1374053955078,67.94312286376953
2022-12-13,38.792476654052734,48.93605041503906,38.65755081176758,33.219791412353516,96.14061737060547,66.03400421142578,70.1302490234375,35.18546676635742,32.86486053466797,132.5448455810547,67.94312286376953
2022-12-14,38.37556076049805,48.29863357543945,38.42057800292969,32.80312728881836,95.96003723144531,65.47782135009766,70.08446502685547,34.84672164916992,32.824161529541016,132.75331115722656,67.43761444091797
2022-12-15,37.20443344116211,46.41535949707031,38.18808364868164,32.159183502197266,93.64086151123047,63.0286865234375,68.89395904541016,34.44556427001953,32.426177978515625,130.31805419921875,66.3293685913086
2022-12-16,37.04515075683594,46.405704498291016,37.71860885620117,31.91297149658203,93.24166870117188,62.19441223144531,68.55512237548828,33.4293212890625,31.874446868896484,128.4229736328125,65.08987426757812
2022-12-19,36.56377029418945,45.319435119628906,37.71409606933594,31.827213287353516,92.75077819824219,61.365089416503906,68.51176452636719,33.03352355957031,31.747684478759766,127.94342803955078,64.04487609863281
2022-12-20,36.80423355102539,45.62924575805664,38.28326416015625,31.960622787475586,92.86539459228516,61.458045959472656,68.45642852783203,32.96140670776367,31.756799697875977,127.91487884521484,63.299156188964844
2022-12-21,37.12483596801758,46.22950744628906,39.01052474975586,32.45613098144531,94.61307525634766,62.475746154785156,69.13896179199219,33.294979095458984,32.199073791503906,129.59896850585938,64.3080825805664
2022-12-22,36.76650619506836,45.832557678222656,38.111602783203125,32.170257568359375,93.40975189208984,60.90027618408203,68.98217010498047,33.13269805908203,32.00301742553711,129.41818237304688,62.65578842163086
2022-12-23,37.02111053466797,46.27791213989258,39.32672882080078,32.35131072998047,93.96365356445312,60.96388244628906,69.34188079833984,33.43022537231445,32.33129119873047,129.4943084716797,63.084686279296875
2022-12-27,37.054115295410156,45.86159896850586,39.746826171875,32.34178161621094,94.25016021728516,60.38653564453125,69.6739273071289,33.40317153930664,32.531917572021484,129.16128540039062,62.06114959716797
2022-12-28,36.48833465576172,45.19356918334961,38.85694885253906,32.22742462158203,93.0181884765625,59.412872314453125,68.8069076538086,32.87124252319336,32.221858978271484,128.32400512695312,61.539634704589844
2022-12-29,36.88438034057617,46.44249725341797,39.26348876953125,32.675296783447266,94.16419982910156,60.96878433227539,69.10205841064453,33.60151290893555,32.454402923583984,129.72264099121094,63.12368392944336
2022-12-30,36.62507247924805,46.46186447143555,39.511940002441406,32.58953857421875,93.79174041748047,60.88559341430664,68.76080322265625,33.294979095458984,32.14435577392578,129.25643920898438,62.953102111816406
2023-01-03,36.58734130859375,47.0621223449707,38.125160217285156,32.70388412475586,93.99229431152344,60.308258056640625,68.5025405883789,33.421207427978516,32.14435577392578,128.8853759765625,62.57778549194336
2023-01-04,37.22385025024414,47.943145751953125,38.120643615722656,33.22798538208008,94.82315826416016,60.46482467651367,68.77002716064453,34.18753433227539,32.43616485595703,129.22792053222656,63.48436737060547
2023-01-05,36.63449478149414,48.01091766357422,38.81629180908203,32.98023223876953,93.8012924194336,59.29055404663086,68.07826232910156,33.186798095703125,31.7340030670166,127.90536499023438,62.89460754394531
2023-01-06,37.89336013793945,48.79512023925781,39.552589416503906,33.7139778137207,96.37029266357422,61.027488708496094,69.89527130126953,34.15147399902344,32.3723258972168,129.085205078125,64.37144470214844
2023-01-09,38.13382339477539,48.8725700378418,39.41255569458008,33.59009552001953,95.94053649902344,61.7369499206543,69.21275329589844,34.133445739746094,32.5911865234375,126.92535400390625,64.7613525390625
2023-01-10,38.515724182128906,49.60837173461914,39.692626953125,33.780670166015625,96.46577453613281,62.11857223510742,69.12052154541016,34.23261642456055,32.600303649902344,127.99098205566406,65.57533264160156
2023-01-11,39.119224548339844,49.966590881347656,39.81459045410156,34.09513854980469,97.39213562011719,63.19498062133789,69.15741729736328,35.476783752441406,32.86475372314453,128.71412658691406,67.34461212158203
2023-01-12,39.265384674072266,50.5184440612793,40.57347869873047,34.161842346191406,97.96514892578125,63.664676666259766,68.61322021484375,35.873477935791016,32.64134216308594,128.3049774169922,67.45671081542969
2023-01-13,39.5058479309082,50.68302536010742,40.6322021484375,34.41912841796875,97.85055541992188,63.84572219848633,68.9360580444336,35.66611862182617,32.522796630859375,128.87583923339844,68.09033966064453
2023-01-17,39.109798431396484,50.20862579345703,40.71803283691406,34.190425872802734,97.01969909667969,64.13440704345703,68.98217010498047,35.67512893676758,32.47720718383789,128.2764434814453,68.13908386230469
2023-01-18,38.55815887451172,49.59869384765625,39.972694396972656,33.55198287963867,95.19562530517578,63.307518005371094,67.10057067871094,35.12517166137695,31.69753074645996,126.46862030029297,67.25199890136719
2023-01-19,38.26112747192383,49.85041427612305,40.469581604003906,33.161285400390625,93.23783874511719,62.56871032714844,66.46416473388672,34.95387649536133,31.378368377685547,126.77310180664062,66.1358413696289
2023-01-20,39.02964401245117,51.40914535522461,40.871612548828125,33.68537902832031,94.53665161132812,64.26160430908203,66.98067474365234,35.359580993652344,31.5653018951416,127.41060638427734,67.7394027709961
2023-01-23,39.156951904296875,52.309532165527344,40.92582321166992,34.076080322265625,95.56806182861328,65.72454833984375,67.19281005859375,35.45874786376953,31.57441520690918,127.84827423095703,68.79705810546875
2023-01-24,39.18052291870117,52.16431427001953,40.76771545410156,34.09513854980469,96.19837951660156,65.69517517089844,67.46952819824219,35.61201095581055,31.7340030670166,127.00145721435547,68.7190933227539
2023-01-25,39.26066970825195,52.3482551574707,40.772239685058594,34.36195755004883,95.66358184814453,65.55818939208984,67.63554382324219,35.648075103759766,31.305416107177734,127.03954315185547,69.07002258300781
2023-01-26,39.44926834106445,53.161521911621094,42.059635162353516,34.542999267578125,96.18883514404297,66.60523986816406,67.39573669433594,36.05378723144531,31.410282135009766,127.27739715576172,70.4834976196289
2023-01-27,39.32196807861328,53.529415130615234,41.21039962768555,34.542999267578125,96.58992767333984,66.8841323852539,67.20204162597656,36.378353118896484,31.410282135009766,126.41156005859375,72.08216094970703
2023-01-30,39.05321502685547,52.68711471557617,40.26631164550781,34.37147521972656,95.64448547363281,65.60712432861328,67.2850570678711,35.93657684326172,31.26893424987793,125.269775390625,70.85391998291016
2023-01-31,39.91132354736328,53.32611083984375,40.6231689453125,34.83840560913086,97.26798248291016,66.5220718383789,68.0136947631836,36.594730377197266,31.5014705657959,126.88729095458984,72.47696685791016
2023-02-01,40.175350189208984,53.95539855957031,39.8236198425293,34.83840560913086,97.97469329833984,68.0877456665039,68.55787658691406,36.865196228027344,31.556190490722656,127.4867172241211,73.85144805908203
2023-02-02,40.048057556152344,57.49885559082031,38.91566848754883,34.93369674682617,98.73870849609375,69.94701385498047,67.96758270263672,37.712677001953125,31.624576568603516,126.62088012695312,76.11300659179688
2023-02-03,39.32668685913086,56.346744537353516,38.8298454284668,34.86699676513672,98.22301483154297,69.3647689819336,67.70011138916016,36.92831039428711,30.96344757080078,126.24981689453125,73.76859283447266
2023-02-06,38.892921447753906,55.669044494628906,38.65366744995117,34.85747146606445,97.98424530029297,68.518310546875,67.78312683105469,36.693904876708984,31.227901458740234,125.54573059082031,73.66136932373047
2023-02-07,39.416259765625,56.7049674987793,39.90945053100586,35.257686614990234,98.28984832763672,70.23078155517578,67.49720001220703,36.549644470214844,31.21422004699707,126.35447692871094,73.83194732666016
2023-02-08,39.100364685058594,54.923553466796875,39.552589416503906,35.04804992675781,97.7359390258789,69.38432312011719,66.98067474365234,36.45048141479492,30.689882278442383,125.98341369628906,73.20321655273438
2023-02-09,38.534584045410156,53.72304153442383,39.213802337646484,34.6573486328125,96.85733032226562,69.00269317626953,66.68551635742188,36.0988655090332,30.27041244506836,124.87970733642578,73.06672668457031
2023-02-10,38.676029205322266,53.20991897583008,40.74964904785156,34.771705627441406,97.5449447631836,68.6846694946289,67.30349731445312,36.170989990234375,30.872264862060547,126.05951690673828,72.20890808105469
2023-02-13,38.87876892089844,53.96508026123047,40.645751953125,35.17192459106445,98.43310546875,69.87361145019531,68.06904602050781,36.50456237792969,31.059200286865234,127.10610961914062,73.26657104492188
2023-02-14,38.96835708618164,53.98444366455078,40.65930938720703,34.981346130371094,98.16571807861328,70.17208099365234,67.4510726928711,36.125911712646484,30.926973342895508,126.35447692871094,74.14389038085938
2023-02-15,39.13809585571289,54.478206634521484,39.96818161010742,35.01946258544922,98.77692413330078,70.49987030029297,67.58019256591797,36.2250862121582,31.127592086791992,125.72652435302734,75.01146697998047
2023-02-16,38.694889068603516,53.64558410644531,39.57518005371094,34.6668815612793,97.75506591796875,69.27667999267578,67.09134674072266,35.891502380371094,30.890501022338867,124.4705810546875,73.37379455566406
2023-02-17,38.33184814453125,53.58749771118164,38.165809631347656,34.676414489746094,98.3949203491211,68.4106674194336,67.95836639404297,35.7111930847168,31.22334098815918,125.58377838134766,73.38842010498047
2023-02-21,37.7000617980957,52.406349182128906,37.9760856628418,33.96173095703125,96.14108276367188,66.78628540039062,67.70011138916016,35.007972717285156,30.639726638793945,123.95677185058594,70.93675994873047
2023-02-22,37.98295211791992,52.512847900390625,37.7231330871582,33.923614501953125,95.9023208618164,66.68841552734375,67.59864807128906,34.69241714477539,30.52118492126465,123.53812408447266,71.29744720458984
2023-02-23,38.025386810302734,52.270809173583984,38.292293548583984,33.95219802856445,96.3511962890625,67.79417419433594,67.51564025878906,35.0260009765625,30.361595153808594,123.87117767333984,71.23896789550781
2023-02-24,38.27998352050781,51.54469299316406,38.24261474609375,33.98078918457031,95.79727172851562,66.58567810058594,67.06368255615234,34.376869201660156,30.370723724365234,122.272705078125,70.1179428100586
2023-02-27,38.40727996826172,51.70927429199219,38.35553741455078,33.97126007080078,96.6472396850586,66.94284057617188,66.98988342285156,34.43096160888672,30.165546417236328,121.901611328125,70.98552703857422
2023-02-28,38.58173370361328,51.79640197753906,37.80443572998047,34.0379638671875,96.42759704589844,66.79606628417969,66.43649291992188,34.44899368286133,29.636640548706055,120.99771881103516,70.93675994873047
2023-03-01,38.88348388671875,51.39946746826172,38.54977035522461,33.923614501953125,96.8095932006836,66.30679321289062,65.9476547241211,33.91706085205078,29.14877700805664,120.79792785644531,70.0448226928711
2023-03-02,39.32668685913086,51.883541107177734,38.88856506347656,33.76161575317383,97.94606018066406,67.12387084960938,66.8515625,34.35884094238281,29.700475692749023,121.54006958007812,69.81088256835938
2023-03-03,39.88774871826172,53.01627731323242,39.417076110839844,34.29524612426758,99.00611114501953,68.5672378540039,66.90689086914062,34.93583297729492,30.20657730102539,122.90067291259766,71.31208038330078
2023-03-06,39.24181365966797,53.01627731323242,39.43514633178711,34.32383346557617,98.82466888427734,68.89505004882812,67.08213806152344,34.800594329833984,30.352479934692383,122.84356689453125,70.79055786132812
2023-03-07,38.46857452392578,52.474117279052734,38.748531341552734,33.4376335144043,97.55451202392578,68.03881072998047,66.41804504394531,33.926082611083984,29.855499267578125,120.86453247070312,69.82550048828125
2023-03-08,38.65716552734375,52.50315856933594,38.35101318359375,33.313743591308594,97.78369903564453,68.60149383544922,66.52872467041016,34.4039192199707,30.08346939086914,120.21753692626953,69.69876861572266
2023-03-09,37.66232681274414,51.32201385498047,37.80894470214844,31.960622787475586,96.34162139892578,67.61804962158203,65.9107666015625,33.61955261230469,29.841815948486328,118.9996566772461,68.0367202758789
2023-03-10,36.860801696777344,50.59589385986328,37.32561111450195,31.37933921813965,94.54621124267578,66.42910766601562,65.58793640136719,32.54667663574219,29.3721923828125,118.12429809570312,67.3592300415039
2023-03-13,36.483612060546875,50.59589385986328,36.56672286987305,30.14055824279785,94.01140594482422,66.79115295410156,65.91997528076172,33.06958770751953,29.823585510253906,119.2280044555664,67.50057220458984
2023-03-14,36.95039367675781,52.02876663208008,36.9281005859375,30.75042152404785,95.00462341308594,68.3323974609375,66.5195083618164,33.41218185424805,30.2156982421875,120.29364776611328,68.6459732055664
2023-03-15,35.75281524658203,52.59029769897461,34.94505310058594,29.93091583251953,92.66484069824219,68.37152862548828,66.95301055908203,33.43022537231445,30.62605094909668,120.18899536132812,68.54362487792969
2023-03-16,36.16300964355469,53.77145004272461,35.32449722290039,30.502662658691406,93.85861206054688,70.28950500488281,66.99913024902344,33.43022537231445,30.83123207092285,121.31169891357422,69.7816390991211
2023-03-17,35.6019401550293,53.25831985473633,34.768882751464844,29.521167755126953,92.321044921875,70.19164276123047,66.51029205322266,32.663883209228516,30.534862518310547,119.75132751464844,68.88967895507812
2023-03-20,36.33450698852539,53.65636444091797,35.464942932128906,29.849637985229492,93.54367065429688,70.38092041015625,67.43242645263672,33.01436233520508,30.773698806762695,121.26908111572266,69.18790435791016
2023-03-21,36.7748908996582,54.80191421508789,36.69274139404297,30.606170654296875,94.62726593017578,70.94973754882812,67.3768081665039,32.82368850708008,30.15363311767578,122.00458526611328,71.09945678710938
2023-03-22,36.12140655517578,53.8408088684082,35.91224670410156,29.897518157958984,92.81488800048828,70.24362182617188,66.75586700439453,31.625146865844727,29.561126708984375,120.16108703613281,69.51545715332031
2023-03-23,36.078792572021484,54.71453857421875,35.414730072021484,29.696413040161133,92.54637145996094,71.38616180419922,66.49637603759766,31.43446922302246,29.25798225402832,119.93182373046875,69.44212341308594
2023-03-24,36.372379302978516,54.996070861816406,35.551666259765625,29.677263259887695,92.92996215820312,71.57247161865234,67.62704467773438,32.24257278442383,30.17200469970703,121.59385681152344,69.21723175048828
2023-03-27,36.64229202270508,54.6854133605957,36.30934143066406,30.089048385620117,93.70668029785156,71.01838684082031,67.98848724365234,32.13361740112305,30.20874786376953,122.09053802490234,69.35901641845703
2023-03-28,36.8175048828125,54.23883056640625,36.87076187133789,30.0794734954834,94.18614959716797,70.68492889404297,68.10897064208984,32.02466583251953,30.291423797607422,121.35507202148438,69.2759017944336
2023-03-29,37.32892990112305,54.95724105834961,37.38196563720703,30.519983291625977,95.55741119384766,72.16581726074219,68.48895263671875,32.78736877441406,30.732364654541016,121.68936920166016,70.59101104736328
2023-03-30,37.58464050292969,55.2193603515625,37.54628372192383,30.45294952392578,95.75879669189453,73.00433349609375,68.6835708618164,33.2141227722168,30.865562438964844,122.34842681884766,71.20702362060547
2023-03-31,38.19550704956055,56.277530670166016,37.806453704833984,30.78812599182129,97.02458953857422,74.04878997802734,69.2396240234375,33.94050979614258,31.090621948242188,123.65703582763672,73.10881805419922
2023-04-03,38.437007904052734,56.51052474975586,39.51807403564453,30.8455810546875,97.19718933105469,73.93111419677734,69.60108947753906,33.622711181640625,30.879337310791016,125.04203796386719,72.43901062011719
2023-04-04,37.882965087890625,56.685264587402344,38.801475524902344,30.558292388916016,95.02043151855469,73.52410888671875,69.46206665039062,33.63179016113281,31.03550910949707,125.06111907958984,72.32170104980469
2023-04-05,37.7977294921875,56.50081253051758,39.385711669921875,30.519983291625977,93.78340911865234,72.68558502197266,69.78643035888672,33.45927810668945,31.839298248291016,127.21983337402344,70.84034729003906
2023-04-06,37.70775604248047,57.209503173828125,38.78779602050781,30.63490104675293,93.7546157836914,73.09750366210938,69.84205627441406,33.686275482177734,32.064361572265625,127.5350341796875,70.85501861572266
2023-04-10,37.887699127197266,57.08329772949219,39.0981559753418,30.70193862915039,94.60807037353516,73.05827331542969,69.84205627441406,33.85879135131836,32.00006103515625,127.4490737915039,71.16791534423828
2023-04-11,38.18129348754883,56.93767547607422,39.467872619628906,30.970073699951172,95.17384338378906,72.37176513671875,70.04594421386719,34.0222282409668,32.027618408203125,127.87891387939453,71.28036499023438
2023-04-12,38.20970916748047,56.34548568725586,39.49525833129883,30.90304183959961,95.49029541015625,71.95986938476562,69.73082733154297,33.92234802246094,31.995464324951172,127.91709899902344,70.17546081542969
2023-04-13,38.60274887084961,57.5201530456543,39.74172592163086,31.18075942993164,95.8450927734375,73.29854583740234,70.12008666992188,33.813392639160156,32.00006103515625,129.5791473388672,71.7252426147461
2023-04-14,38.3233528137207,57.5007438659668,39.814762115478516,31.48720359802246,95.73003387451172,72.89154052734375,69.67523956298828,33.232276916503906,31.64179229736328,128.53799438476562,71.8181381225586
2023-04-17,38.545921325683594,57.17066955566406,39.344627380371094,31.851102828979492,96.48758697509766,73.15634155273438,70.12008666992188,33.98591232299805,31.816326141357422,128.43292236328125,72.32659149169922
2023-04-18,38.7069206237793,56.87942886352539,39.49981689453125,31.946870803833008,96.94786834716797,73.38189697265625,70.3332290649414,33.93143081665039,31.650985717773438,127.55413818359375,72.44392395019531
2023-04-19,38.5980110168457,56.452274322509766,39.36288833618164,32.02348327636719,96.87114715576172,73.17103576660156,70.28689575195312,34.13119125366211,31.8944149017334,127.94576263427734,72.37545776367188
2023-04-20,38.55538558959961,55.869789123535156,39.01599884033203,31.92772102355957,96.69854736328125,72.69049835205078,70.45372009277344,33.722591400146484,31.885225296020508,127.42039489746094,71.26080322265625
2023-04-21,38.214447021484375,56.00570297241211,38.78779602050781,31.812803268432617,96.4780044555664,72.45511627197266,70.96344757080078,33.7589111328125,31.977096557617188,128.28005981445312,72.04791259765625
2023-04-24,38.474891662597656,55.947452545166016,39.38115310668945,31.736183166503906,96.7081298828125,72.13639068603516,71.2507553100586,33.66812515258789,32.13785171508789,128.99644470214844,72.03814697265625
2023-04-25,37.64146041870117,55.07373046875,38.64173126220703,31.19033432006836,94.92452239990234,70.59667205810547,71.15807342529297,33.359405517578125,32.10569763183594,127.62100219726562,70.6105728149414
2023-04-26,37.19633865356445,54.491249084472656,38.125953674316406,30.893463134765625,93.1313247680664,71.64603424072266,70.60202026367188,33.08700180053711,31.35242462158203,125.80618286132812,70.2488021850586
2023-04-27,37.70302200317383,57.656070709228516,38.26288604736328,31.391435623168945,94.97247314453125,73.16614532470703,71.38978576660156,33.88603591918945,31.72906494140625,126.46521759033203,72.1016845703125
2023-04-28,38.14341735839844,58.151180267333984,38.85624694824219,31.764915466308594,95.89305114746094,73.96052551269531,71.76974487304688,34.27647018432617,31.683134078979492,127.54456329345703,72.28746795654297
2023-05-01,38.124473571777344,58.1414680480957,38.41807174682617,31.678730010986328,96.4108657836914,74.004638671875,71.82534790039062,33.958675384521484,31.738245010375977,128.2036590576172,71.57369232177734
2023-05-02,37.75511932373047,57.063880920410156,36.74752426147461,30.960500717163086,95.40397644042969,73.313232421875,71.6307373046875,33.3775634765625,31.35242462158203,127.64965057373047,71.64704132080078
2023-05-03,37.33839416503906,56.840599060058594,36.053741455078125,30.606170654296875,95.03960418701172,72.6954116821289,71.04688262939453,33.168724060058594,31.265165328979492,127.47774505615234,71.07989501953125
2023-05-04,37.096893310546875,55.92803955078125,35.65207290649414,30.21354103088379,94.00395202636719,72.34725952148438,70.87076568603516,33.477439880371094,31.504003524780273,126.46521759033203,70.53234100341797
2023-05-05,37.72196960449219,56.62702178955078,36.619720458984375,30.960500717163086,95.42316436767578,74.16156005859375,71.5287857055664,33.99498748779297,31.706092834472656,127.60188293457031,71.95989990234375
2023-05-08,37.598846435546875,57.19978332519531,36.619720458984375,31.00838279724121,95.07796478271484,74.1223373413086,71.31562042236328,33.7589111328125,31.609649658203125,127.32490539550781,72.2043685913086
2023-05-09,37.257896423339844,56.840599060058594,36.633419036865234,30.893463134765625,95.28892517089844,73.55352783203125,71.09320831298828,33.64995574951172,31.568307876586914,126.47481536865234,72.18478393554688
2023-05-10,37.28157424926758,57.345420837402344,36.21805953979492,30.72109031677246,94.9437026977539,74.45087432861328,70.98196411132812,33.967750549316406,31.8576717376709,126.8282241821289,72.55146026611328
2023-05-11,36.91694641113281,57.91818618774414,35.784446716308594,30.673202514648438,94.36833953857422,74.11743927001953,71.19514465332031,33.61362838745117,31.53156280517578,126.43659210205078,72.88880920410156
2023-05-12,36.983245849609375,57.96672821044922,35.839210510253906,30.54871368408203,94.43547821044922,74.01936340332031,71.47318267822266,33.67719650268555,31.706092834472656,126.26466369628906,72.27279663085938
2023-05-15,37.29578399658203,58.238555908203125,36.021785736083984,30.797698974609375,94.895751953125,74.63230895996094,71.29708862304688,33.61362838745117,31.306499481201172,126.04497528076172,72.3656997680664
2023-05-16,36.680179595947266,58.17059326171875,35.136314392089844,30.51041030883789,93.61079406738281,74.71076965332031,70.69468688964844,32.7147331237793,30.612947463989258,124.99427795410156,72.0723648071289
2023-05-17,36.92169189453125,58.8792839050293,35.811832427978516,31.12329864501953,95.22180938720703,75.7061996459961,70.6575927734375,33.141483306884766,30.502710342407227,125.1470947265625,73.57325744628906
2023-05-18,37.1395149230957,59.93746566772461,36.071998596191406,31.35313606262207,95.91223907470703,77.25572204589844,70.31470489501953,32.93265151977539,30.410846710205078,124.8414306640625,74.71727752685547
2023-05-19,37.23421859741211,59.617095947265625,36.35042953491211,31.21906280517578,95.68209075927734,77.2214126586914,70.36103820800781,32.87816619873047,30.36491584777832,125.42410278320312,74.09147644042969
2023-05-22,37.04007339477539,60.160743713378906,36.199798583984375,31.27651596069336,95.66291046142578,77.3685073852539,69.29524230957031,33.09608840942383,30.37409782409668,125.54827117919922,73.86170196533203
2023-05-23,36.46709442138672,59.4132194519043,36.5877685546875,30.912614822387695,94.51217651367188,76.2259750366211,68.7855224609375,32.68749237060547,30.26845932006836,124.1728286743164,73.18702697753906
2023-05-24,36.050376892089844,59.141395568847656,36.74752426147461,30.51041030883789,93.29434967041016,75.66695404052734,68.34066772460938,31.97018051147461,30.070960998535156,123.32271575927734,72.91816711425781
2023-05-25,35.92251968383789,59.141395568847656,36.094818115234375,30.50083351135254,93.60120391845703,78.56987762451172,67.8216781616211,32.04282760620117,29.666763305664062,122.06188201904297,72.59058380126953
2023-05-26,36.10247039794922,60.34519958496094,35.95332336425781,30.749818801879883,94.30121612548828,80.8010025024414,68.0533676147461,32.41508865356445,29.666763305664062,121.81353759765625,74.29681396484375
2023-05-30,35.90831756591797,60.44227600097656,35.583614349365234,30.7402400970459,94.15737915039062,81.23251342773438,67.27488708496094,32.514976501464844,29.551939010620117,121.05895233154297,74.79547882080078
2023-05-31,35.524749755859375,60.42286682128906,34.95829772949219,30.414642333984375,92.8724136352539,80.55583190917969,67.34900665283203,32.72380447387695,29.822933197021484,122.10008239746094,74.12081909179688
2023-06-01,35.998294830322266,61.23834228515625,35.39191818237305,30.7402400970459,94.06148529052734,81.37471008300781,67.29341125488281,32.732887268066406,29.60246467590332,122.90243530273438,74.99592590332031
2023-06-02,37.205810546875,61.316009521484375,36.46910095214844,31.410593032836914,96.79444885253906,81.84056091308594,68.22019958496094,33.42296600341797,29.910200119018555,124.47848510742188,76.75593566894531
2023-06-05,37.17739486694336,61.47134017944336,36.2271842956543,31.247793197631836,96.1231918334961,81.36981201171875,67.96996307373047,33.26860427856445,30.05259132385254,124.92739868164062,76.98571014404297
2023-06-06,37.41416931152344,61.72373962402344,36.51930618286133,31.640424728393555,96.7273178100586,81.35018157958984,67.62704467773438,33.46835708618164,30.029621124267578,123.88626098632812,77.78750610351562
2023-06-07,37.859283447265625,61.03446578979492,37.4869384765625,31.764915466308594,98.28077697753906,80.13410949707031,67.40461730957031,34.08578109741211,30.539451599121094,123.39912414550781,77.25949096679688
2023-06-08,37.72196960449219,61.345130920410156,37.32719039916992,31.736183166503906,98.45338439941406,81.0020523071289,67.8680191040039,33.87694549560547,30.672649383544922,124.19192504882812,78.40350341796875
2023-06-09,37.40943145751953,61.36453628540039,37.121795654296875,31.745763778686523,98.19448852539062,81.40414428710938,67.75679779052734,33.70443344116211,30.493518829345703,124.57398986816406,78.80927276611328
2023-06-12,37.57990646362305,62.0926399230957,36.76578140258789,31.736183166503906,98.8945083618164,83.17432403564453,67.73825073242188,33.686275482177734,30.438404083251953,125.02294921875,80.16351318359375
2023-06-13,38.45121383666992,62.29651641845703,36.93922424316406,31.92772102355957,100.04520416259766,83.67938995361328,68.01630401611328,33.93143081665039,30.433815002441406,125.65335845947266,80.99462890625
2023-06-14,38.29021072387695,62.403297424316406,36.56037902832031,31.803224563598633,99.77671813964844,84.54241180419922,68.433349609375,34.11302947998047,30.41543960571289,124.36384582519531,80.93595886230469
2023-06-15,38.61695861816406,63.393524169921875,36.96204376220703,32.224586486816406,101.2822494506836,85.63101196289062,69.11917877197266,34.258304595947266,30.746145248413086,126.29328918457031,81.4639663696289
2023-06-16,38.7116584777832,62.869293212890625,36.90727615356445,32.157554626464844,101.11920928955078,84.9249038696289,69.20257568359375,34.221981048583984,30.911495208740234,126.28377532958984,81.34174346923828
2023-06-20,38.18773651123047,62.56298828125,36.08121871948242,31.917062759399414,100.36824798583984,84.35096740722656,68.67616271972656,33.8543815612793,30.548961639404297,126.14181518554688,81.9511489868164
2023-06-21,38.311458587646484,61.94066619873047,36.36669921875,31.87858009338379,100.9266586303711,83.10285949707031,68.91883087158203,33.70771408081055,30.794357299804688,126.16097259521484,80.96649169921875
2023-06-22,38.221038818359375,62.42685317993164,35.87861633300781,31.62848472595215,100.19497680664062,83.78096008300781,69.3201675415039,33.23101043701172,30.55821990966797,127.0241928100586,82.00012969970703
2023-06-23,37.9117317199707,62.29071807861328,35.62076187133789,31.493818283081055,99.43438720703125,82.87190246582031,68.86283111572266,32.87349319458008,30.109111785888672,126.60218811035156,81.04976654052734
2023-06-26,38.30670166015625,61.668399810791016,36.26079177856445,31.42647933959961,100.26235961914062,82.2773208618164,68.95616149902344,33.60686492919922,30.405431747436523,125.88284301757812,80.0112533569336
2023-06-27,38.84918212890625,62.70884704589844,36.34367752075195,31.676576614379883,101.4658203125,83.89888763427734,69.16150665283203,33.97356033325195,30.414691925048828,125.5951156616211,81.73069763183594
2023-06-28,38.582698822021484,62.990840911865234,36.71204376220703,31.59962272644043,101.4658203125,83.9480209350586,68.69481658935547,34.065223693847656,29.965578079223633,125.19229125976562,82.05402374267578
2023-06-29,39.068077087402344,62.6505012512207,37.135658264160156,32.14792251586914,102.44783020019531,84.09545135498047,68.62948608398438,34.37691116333008,29.965578079223633,126.00753784179688,82.14219665527344
2023-06-30,39.43449020385742,63.282554626464844,37.375099182128906,32.42689895629883,103.32393646240234,85.43201446533203,69.22682189941406,34.55108642578125,30.29894256591797,127.30233001708984,83.18561553955078
2023-07-03,39.58200454711914,63.49647903442383,37.46258544921875,32.60966873168945,103.34320831298828,85.25020599365234,69.76817321777344,34.826107025146484,30.52581214904785,126.25688934326172,84.18986511230469
2023-07-05,38.60648727416992,63.982669830322266,37.25537872314453,32.542320251464844,102.78479766845703,84.72441101074219,69.64683532714844,35.00027847290039,30.873065948486328,126.18977355957031,84.22415924072266
2023-07-06,38.32573699951172,63.477027893066406,36.4173469543457,32.26335906982422,102.01457977294922,84.4983901977539,69.46951293945312,34.80777359008789,30.49803352355957,125.18270874023438,82.86719512939453
2023-07-07,38.658836364746094,63.25338363647461,37.20011901855469,32.31146240234375,102.24565124511719,84.12985229492188,68.56416320800781,34.64276123046875,30.275789260864258,123.72486114501953,82.9700698852539
2023-07-10,38.64931869506836,63.08807373046875,37.49021530151367,32.455753326416016,103.69943237304688,84.35096740722656,68.54550170898438,34.761932373046875,30.146148681640625,124.70317077636719,83.22481536865234
2023-07-11,39.029998779296875,64.18685913085938,38.31442642211914,32.84052276611328,104.92213439941406,84.53277587890625,68.64815521240234,35.15612030029297,30.521183013916016,124.73192596435547,83.92044830322266
2023-07-12,39.5439338684082,64.96476745605469,38.66897201538086,33.052146911621094,104.73921203613281,85.49097442626953,68.80683135986328,35.32113265991211,30.965662002563477,124.39623260498047,84.67484283447266
2023-07-13,39.85324478149414,65.91770935058594,38.521636962890625,33.16758728027344,104.87399291992188,86.60640716552734,69.0961685180664,35.559478759765625,31.072162628173828,124.4441909790039,85.46844482421875
2023-07-14,39.62007522583008,65.29537963867188,37.50402069091797,32.94633483886719,104.56592559814453,86.4786605834961,69.32950592041016,35.559478759765625,30.951780319213867,126.31446838378906,85.68888092041016
2023-07-17,39.65814208984375,65.06200408935547,37.43034744262695,33.26377487182617,104.96065521240234,87.58426666259766,69.1241683959961,35.2569580078125,30.59526252746582,125.73899841308594,86.03670501708984
2023-07-18,39.967445373535156,65.5093002319336,37.807926177978516,33.63893127441406,105.54793548583984,88.57686614990234,69.04951477050781,34.9636116027832,30.359130859375,126.6693344116211,86.389404296875
2023-07-19,39.7533073425293,65.69403839111328,38.0289306640625,33.78322219848633,105.49979400634766,88.35574340820312,69.74951171875,35.348628997802734,30.66934585571289,127.25434112548828,86.69312286376953
2023-07-20,39.848487854003906,64.39107513427734,38.475582122802734,34.0333251953125,105.9715576171875,86.5916748046875,70.34687042236328,35.229454040527344,31.229576110839844,129.3644256591797,83.73916625976562
2023-07-21,39.85324478149414,63.74928283691406,38.81631851196289,33.91789245605469,105.47091674804688,86.54744720458984,70.58953857421875,35.38530349731445,31.69721221923828,130.66880798339844,83.75878143310547
2023-07-24,39.976966857910156,63.865989685058594,39.44253921508789,34.24494552612305,105.71159362792969,86.69979095458984,70.86019897460938,35.724483489990234,31.613868713378906,130.38107299804688,84.30744171142578
2023-07-25,40.69551467895508,64.07017517089844,39.649742126464844,34.02370834350586,105.57682800292969,87.6923828125,70.84154510498047,35.45863723754883,31.66943359375,130.32351684570312,84.11149597167969
2023-07-26,40.55751419067383,65.07173156738281,39.66355514526367,34.2257194519043,106.31814575195312,86.5130615234375,70.925537109375,35.58697509765625,31.66943359375,130.2371826171875,84.09188842773438
2023-07-27,40.29579544067383,65.61627960205078,39.41030502319336,33.7928466796875,105.40352630615234,86.26243591308594,70.30018615722656,34.835269927978516,31.109193801879883,129.27810668945312,83.21990203857422
2023-07-28,40.57655334472656,66.9095230102539,39.53002166748047,33.86017608642578,106.05819702148438,87.43685150146484,71.0282211303711,34.73442840576172,31.03974723815918,129.6617431640625,84.63075256347656
2023-07-31,40.79069137573242,66.89009094238281,40.28056335449219,33.9852294921875,106.30851745605469,87.63833618164062,70.7015380859375,35.00944519042969,31.05364418029785,128.6642608642578,85.11085510253906
2023-08-01,40.60985565185547,66.80256652832031,40.091773986816406,33.9852294921875,106.62623596191406,87.78572845458984,70.31885528564453,34.945274353027344,30.673974990844727,127.99288177490234,84.1457748413086
2023-08-02,40.10544967651367,65.54821014404297,39.56686019897461,33.69664764404297,105.50940704345703,85.61382293701172,70.57086944580078,34.79860305786133,30.673974990844727,128.07920837402344,82.636962890625
2023-08-03,39.85800552368164,65.38289642333984,39.96745681762695,33.715885162353516,104.8451156616211,85.26494598388672,70.37486267089844,34.321903228759766,29.97484016418457,127.43659210205078,82.83291625976562
2023-08-04,39.76758575439453,65.23703002929688,40.022708892822266,33.581214904785156,104.2096939086914,84.10527038574219,69.67485046386719,33.98271942138672,29.627586364746094,126.98582458496094,84.03800964355469
2023-08-07,40.02931594848633,66.24832153320312,40.068763732910156,34.05257034301758,105.49015808105469,84.34114837646484,70.24420928955078,34.41358184814453,29.622955322265625,128.45326232910156,84.90019226074219
2023-08-08,39.60580062866211,66.06356048583984,40.26675033569336,33.744747161865234,105.0087890625,83.69251251220703,69.74018859863281,34.239402770996094,29.761857986450195,129.44114685058594,84.22415924072266
2023-08-09,39.44400405883789,65.35371398925781,40.773258209228516,33.4946403503418,104.9510269165039,82.61146545410156,69.84284973144531,34.321903228759766,29.826675415039062,129.4027862548828,83.22481536865234
2023-08-10,39.472564697265625,65.5773696899414,40.76865005493164,33.52350616455078,104.66219329833984,82.62129211425781,69.70285034179688,34.21190643310547,29.734079360961914,129.31643676757812,83.4256591796875
2023-08-11,39.36311340332031,65.26622009277344,41.39487075805664,33.59082794189453,104.83548736572266,82.0119857788086,69.81485748291016,34.27607345581055,29.89612579345703,130.12210083007812,83.14154815673828
2023-08-14,39.448768615722656,65.74266815185547,41.21988296508789,33.52350616455078,104.87399291992188,83.3190689086914,69.46951293945312,34.09272384643555,29.65999412536621,130.51536560058594,83.39627075195312
2023-08-15,38.80635452270508,65.15925598144531,40.36344528198242,32.90785598754883,103.5357666015625,82.49844360351562,68.72283172607422,33.74437713623047,29.178476333618164,130.03578186035156,82.25975799560547
2023-08-16,38.54463195800781,64.38133239746094,40.01349639892578,32.859764099121094,102.95809936523438,81.71224212646484,68.56416320800781,33.33185958862305,29.30811309814453,129.0479278564453,81.24082946777344
2023-08-17,38.4684944152832,63.6423225402832,40.49237823486328,32.69623565673828,102.09160614013672,80.93585205078125,67.9014663696289,33.0843391418457,29.24329376220703,128.0216522216797,79.86427307128906
2023-08-18,38.4637336730957,63.26309585571289,40.89297103881836,32.68661117553711,102.28414916992188,81.0586929321289,68.15348052978516,33.1760139465332,29.396081924438477,128.06961059570312,79.68303680419922
2023-08-21,38.4684944152832,63.720123291015625,40.63511276245117,32.648136138916016,102.15899658203125,82.60655975341797,67.69612884521484,32.89182662963867,29.21088409423828,128.2039031982422,80.59909057617188
2023-08-22,38.435176849365234,63.720123291015625,40.32200622558594,32.3403205871582,101.91830444335938,82.51318359375,67.31346893310547,32.99266815185547,29.29422378540039,127.75312042236328,80.71666717529297
2023-08-23,38.49704360961914,64.75083923339844,40.220699310302734,32.65776062011719,102.96772766113281,84.00208282470703,67.761474609375,33.4785270690918,29.40997886657715,128.13674926757812,81.36329650878906
2023-08-24,38.33525085449219,63.506187438964844,39.94442367553711,32.542320251464844,101.71612548828125,82.06602478027344,67.22013092041016,33.32268142700195,29.238662719726562,127.0241928100586,79.77120208740234
2023-08-25,38.449462890625,63.57426071166992,40.331207275390625,32.69623565673828,102.57298278808594,82.90139770507812,67.59346008300781,33.41435241699219,29.460908889770508,127.95453643798828,80.66277313232422
2023-08-28,38.730224609375,64.3521728515625,40.602882385253906,32.87900161743164,103.41059875488281,83.5794906616211,67.9014663696289,33.68021011352539,29.456275939941406,128.25184631347656,80.98609924316406
2023-08-29,39.37263107299805,65.78156280517578,40.71338653564453,33.177207946777344,104.2000732421875,85.255126953125,68.14415740966797,34.065223693847656,29.567394256591797,129.4027862548828,83.00927734375
2023-08-30,39.463043212890625,65.79130554199219,40.91598129272461,33.196441650390625,104.67181396484375,85.8988265991211,68.25614929199219,34.18440246582031,29.43312644958496,129.30686950683594,83.36687469482422
2023-08-31,39.44400405883789,65.859375,40.94361877441406,33.07139205932617,104.2000732421875,86.3165054321289,67.91082000732422,33.9368896484375,29.150691986083984,127.76272583007812,83.62651062011719
2023-09-01,39.88655471801758,65.24675750732422,41.781646728515625,33.369590759277344,104.74884033203125,86.58185577392578,67.3321304321289,33.91855239868164,29.002532958984375,128.10800170898438,83.1170425415039
2023-09-05,39.14896774291992,65.23703002929688,42.002662658691406,33.03290939331055,102.98698425292969,86.89143371582031,66.75345611572266,33.579368591308594,28.55805206298828,126.784423828125,83.17583465576172
2023-09-06,39.063316345214844,65.03284454345703,42.021080017089844,33.013668060302734,102.54412078857422,85.9725341796875,66.67878723144531,33.51519775390625,28.622867584228516,126.09385681152344,82.43611907958984
2023-09-07,38.88724899291992,64.91615295410156,41.97964096069336,32.927101135253906,102.20714569091797,84.72933959960938,66.83744049072266,33.79021072387695,28.997901916503906,126.65972137451172,82.66637420654297
2023-09-08,38.92531967163086,65.11062622070312,42.38484573364258,32.99443435668945,101.69686126708984,84.90623474121094,66.92144775390625,33.5702018737793,29.252552032470703,126.65972137451172,82.66637420654297
2023-09-11,39.09186935424805,66.09273529052734,41.82769012451172,33.148345947265625,101.72576141357422,85.34848022460938,67.50013732910156,33.588531494140625,29.372936248779297,127.53252410888672,84.89037322998047
2023-09-12,39.00145721435547,65.40234375,42.81306457519531,33.369590759277344,101.35989379882812,83.80061340332031,66.92144775390625,33.588531494140625,29.40997886657715,127.3694839477539,84.12127685546875
2023-09-13,38.773048400878906,65.61627960205078,42.49073791503906,33.369590759277344,100.68597412109375,84.01190948486328,67.12677764892578,33.249351501464844,29.761857986450195,127.388671875,84.78751373291016
2023-09-14,39.32027816772461,66.53031921386719,42.98804473876953,33.67740249633789,101.67761993408203,84.62123107910156,67.80815124511719,33.8543815612793,30.19708251953125,127.79147338867188,85.62030029296875
2023-09-15,38.88249206542969,65.64543151855469,42.366416931152344,33.5042610168457,101.09033203125,82.99474334716797,67.24813079833984,33.726043701171875,30.067441940307617,126.784423828125,84.15557861328125
2023-09-18,38.72087860107422,65.69223022460938,42.72544479370117,33.59605026245117,101.20246887207031,83.39362335205078,67.22463989257812,33.431278228759766,30.04503631591797,126.591796875,83.24034118652344
2023-09-19,38.68740463256836,65.74098205566406,42.326534271240234,33.557403564453125,100.77711486816406,83.34929656982422,67.06488800048828,33.255714416503906,29.881669998168945,126.6977310180664,82.82320404052734
2023-09-20,38.280975341796875,64.84414672851562,41.93225860595703,33.32551574707031,100.38078308105469,82.03942108154297,67.13067626953125,33.32038879394531,29.909677505493164,126.7073745727539,81.9987564086914
2023-09-21,37.51115036010742,64.04479217529297,41.35708236694336,32.77475357055664,98.73741149902344,80.78864288330078,66.26615142822266,32.16535949707031,29.596948623657227,125.59986877441406,79.76095581054688
2023-09-22,37.472900390625,63.966819763183594,41.426658630371094,32.52353286743164,98.3990707397461,80.96100616455078,65.90908813476562,31.94359588623047,29.540939331054688,125.33983612060547,78.97573852539062
2023-09-25,37.769351959228516,64.12279510498047,41.94617462158203,32.600833892822266,98.89207458496094,81.22198486328125,65.6741714477539,31.888151168823242,29.498929977416992,126.02360534667969,79.46159362792969
2023-09-26,37.224246978759766,63.41118240356445,41.70497512817383,32.16602325439453,97.38406372070312,79.75946044921875,65.18553924560547,31.324495315551758,28.616762161254883,124.95462799072266,78.01390075683594
2023-09-27,37.21946716308594,63.576900482177734,42.74399948120117,32.117713928222656,98.10905456542969,79.88257598876953,64.6499252319336,31.04728889465332,28.065994262695312,124.32868194580078,77.71453857421875
2023-09-28,37.621124267578125,64.27875518798828,42.79037857055664,32.349613189697266,98.5247573852539,80.44886779785156,64.84725189208984,31.37070083618164,27.45920753479004,124.92573547363281,78.58316802978516
2023-09-29,37.55896759033203,63.91807174682617,41.9276123046875,32.05007553100586,98.00273895263672,80.72463989257812,64.6593017578125,31.481578826904297,27.505884170532227,123.98196411132812,79.00028991699219
2023-10-02,37.06168746948242,64.39573669433594,41.092681884765625,31.77952766418457,97.04572296142578,81.59131622314453,64.21766662597656,30.908689498901367,26.22697639465332,123.80859375,79.0640869140625
2023-10-03,36.961273193359375,63.52814865112305,41.06485366821289,31.277084350585938,96.36904907226562,80.20758819580078,63.75722122192383,30.345029830932617,26.530366897583008,122.71073913574219,77.14036560058594
2023-10-04,37.396385192871094,64.13253784179688,39.77534484863281,31.50898551940918,96.67837524414062,81.20721435546875,64.26464080810547,30.668437957763672,26.502361297607422,123.23078155517578,78.66167449951172
2023-10-05,36.942142486572266,64.04479217529297,39.52949905395508,31.65391731262207,96.10801696777344,81.31555938720703,62.9960823059082,30.890201568603516,26.34833335876465,123.90492248535156,78.26908111572266
2023-10-06,37.291194915771484,65.22431182861328,39.76605987548828,31.92447280883789,97.42272186279297,82.8371810913086,62.648399353027344,31.010334014892578,26.72174072265625,125.20502471923828,78.81871032714844
2023-10-09,37.33900833129883,65.92617797851562,41.092681884765625,31.943790435791016,98.9500961303711,83.26557922363281,62.70478439331055,31.416902542114258,26.98778533935547,125.6384048461914,78.90213775634766
2023-10-10,37.735877990722656,66.30634307861328,41.14371109008789,32.17568588256836,99.54944610595703,83.39362335205078,63.3437614440918,31.52778434753418,27.356523513793945,126.23546600341797,79.76585388183594
2023-10-11,37.82672882080078,66.9107437133789,40.61491012573242,32.2239990234375,100.14878845214844,84.16675567626953,62.91150665283203,32.16535949707031,27.79994010925293,125.67691802978516,80.05049133300781
2023-10-12,37.26250457763672,66.12113952636719,40.66130065917969,32.02108383178711,99.24010467529297,84.24553680419922,62.22555160522461,31.740306854248047,27.370525360107422,124.59832000732422,79.17695617675781
2023-10-13,37.123836517333984,65.38029479980469,41.55653381347656,32.08872604370117,98.36042022705078,83.0390625,62.770565032958984,31.731067657470703,27.678585052490234,125.37837982177734,78.01390075683594
2023-10-16,37.487239837646484,66.4330825805664,41.8348503112793,32.42691421508789,99.4044418334961,83.8368148803711,63.4189338684082,32.05447769165039,27.963308334350586,126.32215881347656,79.27510833740234
2023-10-17,37.85541534423828,66.66703796386719,42.27086639404297,32.581504821777344,99.71377563476562,83.44779205322266,63.69145202636719,31.888151168823242,27.88862419128418,126.14881134033203,79.46159362792969
2023-10-18,36.87520980834961,65.51675415039062,42.65586471557617,32.02108383178711,97.30672454833984,82.59095001220703,63.92637252807617,31.185890197753906,27.64591407775879,125.05094146728516,77.59675598144531
2023-10-19,36.444862365722656,65.44853210449219,42.58164978027344,31.595947265625,96.40771484375,82.11820983886719,63.45652770996094,30.41895294189453,27.370525360107422,123.81824493408203,75.61415100097656
2023-10-20,36.00495910644531,64.84414672851562,41.86731719970703,31.11282730102539,95.41201782226562,80.72955322265625,63.21220779418945,30.261865615844727,27.085805892944336,123.32710266113281,74.4412612915039
2023-10-23,35.60331344604492,65.18533325195312,41.190093994140625,30.919578552246094,94.96734619140625,80.8231201171875,63.09005355834961,30.00313949584961,26.857097625732422,122.5566635131836,74.52958679199219
2023-10-24,36.02408981323242,65.95543670654297,40.61028289794922,31.13215446472168,95.68268585205078,81.37956237792969,63.62565231323242,30.381988525390625,27.547895431518555,122.9322509765625,75.3246078491211
2023-10-25,35.60331344604492,63.09923553466797,40.53605651855469,31.016197204589844,94.45498657226562,80.4193115234375,63.841793060302734,29.744409561157227,27.70192527770996,121.83435821533203,73.80329132080078
2023-10-26,35.851951599121094,61.724769592285156,40.22063446044922,30.948564529418945,94.05866241455078,78.88294219970703,63.4283332824707,30.372751235961914,27.939973831176758,120.63056945800781,72.65003967285156
2023-10-27,35.83760452270508,61.50056076049805,39.25582504272461,30.388151168823242,93.22730255126953,79.34088897705078,62.56383514404297,29.892255783081055,27.412532806396484,118.58892059326172,73.41069793701172
2023-10-30,36.205780029296875,62.76780319213867,39.385711669921875,30.92923927307129,94.38733673095703,80.19280242919922,63.54110336303711,29.98465919494629,27.622575759887695,119.25342559814453,74.08302307128906
2023-10-31,36.36835861206055,63.08949279785156,39.51559066772461,31.267425537109375,95.08334350585938,80.76403045654297,63.766605377197266,30.58527374267578,27.860618591308594,119.93719482421875,74.6424789428711
2023-11-01,36.387481689453125,64.01555633544922,39.422813415527344,31.470333099365234,95.39268493652344,82.32504272460938,63.70083999633789,30.742361068725586,28.17801284790039,120.18758392333984,75.56507110595703
2023-11-02,37.090370178222656,64.8636474609375,40.61491012573242,32.21433639526367,97.35506439208984,83.71862030029297,64.52775573730469,31.694110870361328,28.7054500579834,122.09441375732422,77.53787231445312
2023-11-03,37.67372131347656,65.8579330444336,40.206729888916016,32.63948059082031,98.21540832519531,84.58038330078125,64.60293579101562,32.44257354736328,28.873477935791016,122.70112609863281,78.6273193359375
2023-11-06,37.487239837646484,65.6824722290039,39.75214767456055,32.54285430908203,97.95441436767578,85.13683319091797,64.706298828125,31.99903678894043,28.798799514770508,123.51969909667969,78.72547912597656
2023-11-07,36.760440826416016,66.03341674804688,38.87083053588867,32.49454116821289,97.71273040771484,86.06753540039062,64.86603546142578,31.731067657470703,28.588760375976562,123.60637664794922,79.60391998291016
2023-11-08,36.87520980834961,65.72147369384766,38.383785247802734,32.5331916809082,97.93506622314453,86.5550537109375,64.61233520507812,31.91587257385254,28.37871742248535,123.43302917480469,79.39289093017578
2023-11-09,36.55961990356445,65.70197296142578,38.267822265625,32.397911071777344,97.72240447998047,86.1512451171875,64.34922790527344,31.426136016845703,28.005313873291016,120.8809585571289,77.91082000732422
2023-11-10,36.98996353149414,66.74502563476562,38.6899299621582,32.76509094238281,99.1337661743164,88.40166473388672,64.80024719238281,31.777273178100586,28.154672622680664,121.60325622558594,79.20640563964844
2023-11-13,36.9373664855957,66.59879302978516,38.96824264526367,32.7167854309082,99.22075653076172,87.88461303710938,65.00699615478516,31.50930404663086,27.81861114501953,122.3062744140625,79.5450210571289
2023-11-14,38.02755355834961,67.68082427978516,39.31613540649414,33.33517074584961,101.2121353149414,89.6426010131836,65.6741714477539,33.209510803222656,28.929489135742188,123.13449096679688,82.22449493408203
2023-11-15,38.194908142089844,68.01226806640625,39.24190902709961,33.51874923706055,101.42481231689453,89.75586700439453,66.20037841796875,33.2834358215332,28.840808868408203,123.23078155517578,82.32264709472656
2023-11-16,38.30966567993164,68.314453125,38.47655487060547,33.65402603149414,101.44414520263672,90.2039794921875,65.38288116455078,33.274192810058594,28.99483299255371,123.76045989990234,81.47856140136719
2023-11-17,38.381385803222656,68.3047103881836,39.28365707397461,33.827945709228516,102.09182739257812,90.01683807373047,65.29828643798828,33.23722839355469,29.074186325073242,123.51007080078125,82.02328491210938
2023-11-20,38.44832992553711,69.0748062133789,39.339324951171875,33.96322250366211,102.40116119384766,91.3218002319336,65.2513198852539,33.4959602355957,28.985498428344727,124.26124572753906,82.44532012939453
2023-11-21,38.596553802490234,68.84085845947266,39.251190185546875,33.94390106201172,102.3238296508789,90.58313751220703,65.44863891601562,33.32963943481445,29.046178817749023,125.0124282836914,82.23431396484375
2023-11-22,38.620460510253906,69.40623474121094,39.232635498046875,34.07917022705078,102.54615783691406,90.98694610595703,65.9184799194336,33.431278228759766,29.18620491027832,125.60948181152344,82.4845962524414
2023-11-24,38.787818908691406,69.17229461669922,39.394981384277344,34.18545913696289,102.79749298095703,90.80968475341797,66.16280364990234,33.560638427734375,29.26088523864746,126.28364562988281,82.56311798095703
2023-11-27,38.739994049072266,68.74336242675781,39.25582504272461,34.06950378417969,102.21748352050781,90.80474853515625,65.974853515625,33.68076705932617,29.30756378173828,125.49392700195312,82.69560241699219
2023-11-28,38.816505432128906,68.90909576416016,39.26511001586914,34.059852600097656,101.97581481933594,90.97709655761719,66.27556610107422,33.86557388305664,29.400911331176758,124.84870147705078,83.171630859375
2023-11-29,39.017330169677734,68.41194152832031,38.97288131713867,34.3014030456543,102.36249542236328,91.0460433959961,65.73994445800781,34.124298095703125,29.167537689208984,124.88720703125,82.94589233398438
2023-11-30,39.404640197753906,68.01226806640625,39.232635498046875,34.68790817260742,103.48385620117188,91.17899322509766,66.3977279663086,34.40150451660156,29.29355812072754,126.45695495605469,82.8281021118164
2023-12-01,39.85409927368164,68.14875030517578,39.43673324584961,34.94878387451172,105.11754608154297,91.38581085205078,66.67022705078125,35.12224197387695,29.6529598236084,126.95774841308594,83.96173095703125
2023-12-04,39.39029312133789,67.46638488769531,39.25582504272461,34.91013717651367,105.29154968261719,90.2729263305664,66.75479125976562,35.31629180908203,29.536270141601562,127.19852447509766,83.64276123046875
2023-12-05,38.849971771240234,67.15443420410156,38.56932830810547,34.7362060546875,104.44087219238281,90.8145980834961,66.22858428955078,35.16844940185547,29.326234817504883,127.0348129272461,83.78997039794922
2023-12-06,38.7686882019043,66.97896575927734,37.9941520690918,34.562294006347656,104.90487670898438,90.04639434814453,66.0594482421875,35.0483283996582,29.718307495117188,127.131103515625,83.91267395019531
2023-12-07,39.031673431396484,68.3826904296875,37.73439407348633,34.72654724121094,105.00157165527344,91.13959503173828,66.34133911132812,35.09452819824219,29.6529598236084,126.97703552246094,84.60459899902344
2023-12-08,39.17512130737305,68.70439910888672,38.14258575439453,34.91013717651367,105.33021545410156,91.91764831542969,65.88090515136719,35.02060317993164,29.596948623657227,127.18889617919922,84.9923095703125
2023-12-11,39.452457427978516,68.17798614501953,38.188968658447266,35.122711181640625,106.33556365966797,92.72030639648438,66.5104751586914,35.140724182128906,29.78832244873047,128.0267333984375,85.21803283691406
2023-12-12,39.68196487426758,68.46067810058594,37.664817810058594,35.37393569946289,106.81891632080078,93.33586120605469,66.72660827636719,35.13148498535156,29.666961669921875,128.57568359375,85.4830322265625
2023-12-13,40.16489791870117,69.10405731201172,38.188968658447266,35.94401550292969,108.00794982910156,94.15821838378906,67.93879699707031,36.40664291381836,30.787174224853516,130.9447479248047,86.6019515991211
2023-12-14,40.829532623291016,69.40623474121094,39.31148910522461,36.301517486572266,109.39998626708984,93.9267807006836,66.9427261352539,37.4138298034668,30.385761260986328,130.3091278076172,87.7650146484375
2023-12-15,40.72433853149414,69.23078155517578,39.10275650024414,36.08893966674805,109.25497436523438,94.3995132446289,66.9427261352539,36.9610595703125,29.858333587646484,129.20164489746094,87.94659423828125
2023-12-18,40.787418365478516,70.08484649658203,39.422142028808594,36.209354400634766,109.25010681152344,94.68180084228516,67.63957977294922,36.8592643737793,29.790956497192383,129.4125213623047,88.4922866821289
2023-12-19,41.16297912597656,70.79820251464844,39.89513397216797,36.48123550415039,110.09571838378906,95.04208374023438,67.77212524414062,37.11141586303711,29.960569381713867,130.2831268310547,89.18548583984375
2023-12-20,40.5322151184082,70.25096893310547,39.52517318725586,35.830657958984375,108.31700134277344,93.60592651367188,66.45606994628906,36.64447784423828,29.352785110473633,128.3968048095703,87.55821228027344
2023-12-21,40.960750579833984,70.94478607177734,39.679710388183594,36.18022155761719,109.43478393554688,94.65713500976562,66.9200210571289,36.95265579223633,29.40461540222168,129.9639434814453,88.89051818847656
2023-12-22,41.21595001220703,70.95455169677734,39.79678726196289,36.257904052734375,109.95965576171875,94.78050994873047,67.43128967285156,37.10206985473633,29.50355339050293,130.61207580566406,88.23664855957031
2023-12-26,41.40854263305664,71.2281723022461,40.13864517211914,36.403560638427734,110.73723602294922,95.17532348632812,67.71532440185547,37.37288284301758,29.682594299316406,130.9022674560547,88.61028289794922
2023-12-27,41.5096549987793,71.23795318603516,39.960697174072266,36.52008056640625,110.9024658203125,95.17039489746094,68.02776336669922,37.587677001953125,29.663745880126953,131.45362854003906,88.91509246826172
2023-12-28,41.35076141357422,71.43338775634766,39.35189437866211,36.62689208984375,110.93163299560547,95.28389739990234,68.0561752319336,37.82114028930664,29.875764846801758,131.79222106933594,88.45296478271484
2023-12-29,41.18705368041992,71.00342559814453,39.26291275024414,36.510372161865234,110.7955551147461,94.99272155761719,68.19818878173828,37.41025161743164,29.83807373046875,131.92764282226562,87.90725708007812
2024-01-02,41.11482620239258,70.60276794433594,39.68439483642578,36.665733337402344,109.67778015136719,92.5053939819336,68.96509552001953,37.75576400756836,30.271533966064453,134.24928283691406,87.09115600585938
2024-01-03,40.67185592651367,70.33892822265625,40.330665588378906,36.355003356933594,108.04486083984375,91.56275939941406,68.4254150390625,36.8592643737793,30.384605407714844,134.02679443359375,85.33116912841797
2024-01-04,40.54185104370117,70.10438537597656,39.623512268066406,36.50065994262695,108.18093872070312,90.8915786743164,68.33074951171875,36.76588439941406,30.290380477905273,134.69427490234375,84.73137664794922
2024-01-05,40.6092529296875,70.3975601196289,39.65629577636719,36.65602493286133,108.30729675292969,90.86689758300781,68.17926025390625,36.6911735534668,30.403453826904297,134.5782012939453,84.86412048339844
2024-01-08,40.78260040283203,71.49201965332031,39.19735336303711,36.88906478881836,109.016845703125,93.14696502685547,68.68106079101562,37.195457458496094,30.624897003173828,135.76805114746094,86.30947875976562
2024-01-09,40.315547943115234,71.34544372558594,38.569820404052734,36.65602493286133,108.6766357421875,93.29501342773438,68.8609619140625,36.93397521972656,30.37518310546875,135.74868774414062,85.98993682861328
2024-01-10,40.26258850097656,72.00993347167969,38.190494537353516,36.71428298950195,109.23067474365234,94.0895767211914,68.71893310546875,36.99000549316406,30.37047576904297,136.36778259277344,86.6781997680664
2024-01-11,40.1422119140625,71.77539825439453,38.288841247558594,36.578338623046875,108.97795867919922,94.56829833984375,68.70945739746094,36.64447784423828,29.663745880126953,136.27105712890625,86.56513977050781
2024-01-12,40.180728912353516,72.12718200683594,38.71967697143555,36.510372161865234,108.9682388305664,94.87428283691406,68.92723083496094,36.92463684082031,29.83336067199707,135.93247985839844,85.52289581298828
2024-01-16,39.718502044677734,71.71676635742188,37.79711151123047,36.257904052734375,107.86991119384766,95.11116790771484,68.54850769042969,36.70051574707031,29.50826644897461,135.1199188232422,85.424560546875
2024-01-17,39.42959976196289,71.27703857421875,37.48334884643555,36.1899299621582,107.14092254638672,94.64232635498047,68.50116729736328,36.028141021728516,29.079519271850586,134.8490447998047,84.67729187011719
2024-01-18,39.55478286743164,72.14673614501953,37.42246627807617,36.24819564819336,108.58916473388672,96.56212615966797,68.41595458984375,35.794673919677734,28.768556594848633,134.8297119140625,85.15908813476562
2024-01-19,39.59330749511719,73.12393951416016,37.54422378540039,36.830806732177734,109.2987060546875,98.78789520263672,68.21713256835938,36.14019775390625,28.73086166381836,134.90708923339844,85.9801025390625
2024-01-22,39.708866119384766,73.2705307006836,37.684722900390625,37.00558853149414,110.14432525634766,99.22218322753906,67.88573455810547,36.30829620361328,28.584808349609375,135.49716186523438,85.60155487060547
2024-01-23,39.838871002197266,73.99364471435547,37.76433181762695,37.0638427734375,110.05684661865234,99.6219482421875,68.62425231933594,36.112186431884766,28.636634826660156,135.4004669189453,85.39506530761719
2024-01-24,39.29960250854492,74.45292663574219,38.30289077758789,37.209503173828125,109.37646484375,100.30793762207031,67.7815933227539,35.617244720458984,28.24557876586914,134.16221618652344,85.07059478759766
2024-01-25,39.71368408203125,75.66466522216797,39.164573669433594,37.39400100708008,110.42619323730469,100.72743225097656,68.43487548828125,36.10284423828125,28.754423141479492,133.95909118652344,84.01851654052734
2024-01-26,39.72813415527344,75.9089584350586,39.45492172241211,37.52994918823242,110.25125122070312,99.56766510009766,68.76626586914062,35.944091796875,28.8392276763916,134.7232666015625,84.40198516845703
2024-01-29,39.925537109375,76.54414367675781,39.39872360229492,37.627037048339844,110.97052001953125,100.48067474365234,69.16393280029297,36.20556640625,29.022979736328125,135.6713104248047,85.6359634399414
2024-01-30,40.1085090637207,76.02622985839844,39.806148529052734,38.10284423828125,111.00939178466797,99.65155029296875,69.5521240234375,35.86937713623047,29.013559341430664,135.98085021972656,85.58679962158203
2024-01-31,39.583675384521484,74.1500015258789,39.06154251098633,37.636749267578125,109.72637939453125,97.55902099609375,69.04084777832031,35.6078987121582,28.952306747436523,135.7970428466797,84.0283432006836
2024-02-01,40.24332809448242,74.91222381591797,39.056861877441406,37.695011138916016,111.59256744384766,98.78789520263672,70.45158386230469,36.23358154296875,29.50355339050293,137.55763244628906,85.64579010009766
2024-02-02,40.007389068603516,77.92198944091797,39.11305618286133,37.850372314453125,112.34098815917969,99.80948638916016,70.22435760498047,35.776004791259766,28.97115135192871,137.35450744628906,87.17474365234375
2024-02-05,38.9914436340332,76.82754516601562,39.014713287353516,37.627037048339844,111.7286605834961,100.03649139404297,69.78881072998047,35.06625747680664,28.36807632446289,137.78012084960938,85.94569396972656
2024-02-06,39.67997741699219,76.5929946899414,39.14115524291992,37.70472717285156,112.72979736328125,99.57752990722656,69.94978332519531,35.59856033325195,28.471731185913086,139.27952575683594,86.46681213378906
2024-02-07,39.997764587402344,76.98388671875,39.22077178955078,37.9863166809082,113.47821807861328,100.89522552490234,69.88350677490234,35.57988357543945,28.49057960510254,139.6567840576172,87.43531036376953
2024-02-08,39.944801330566406,77.27704620361328,39.623512268066406,37.84066390991211,113.49765014648438,101.21106719970703,69.86456298828125,35.776004791259766,28.287979125976562,139.4149627685547,87.81877899169922
2024-02-09,40.03146743774414,77.36499786376953,39.014713287353516,37.94748306274414,113.67259216308594,102.57319641113281,69.22074127197266,35.86937713623047,28.396345138549805,139.3085479736328,88.44313049316406
2024-02-12,40.3492546081543,77.60929870605469,39.445556640625,38.12226104736328,113.83783721923828,101.79341888427734,69.71306610107422,35.75731658935547,28.72615623474121,139.4923553466797,88.369384765625
2024-02-13,39.781089782714844,76.51483154296875,39.04749298095703,37.60762405395508,112.67146301269531,100.06610107421875,68.96509552001953,35.10361862182617,28.25029182434082,138.19610595703125,86.609375
2024-02-14,40.036285400390625,77.736328125,39.01002502441406,37.96689987182617,114.55709075927734,101.11238098144531,68.8325424194336,35.33708572387695,28.405771255493164,139.39561462402344,87.52379608154297
2024-02-15,40.79222869873047,78.37150573730469,40.09650802612305,38.61748123168945,115.41243743896484,100.90016174316406,69.27754974365234,36.18689727783203,28.88163185119629,140.4113311767578,88.53654479980469
2024-02-16,41.0088996887207,77.1500015258789,40.07309341430664,38.481544494628906,114.72233581542969,99.97233581542969,69.3816909790039,35.81334686279297,28.84865379333496,140.86598205566406,88.0105209350586
2024-02-20,40.9222297668457,77.03274536132812,39.70780944824219,38.374732971191406,114.36270904541016,98.9556884765625,70.1107406616211,35.75731658935547,28.829805374145508,140.3920135498047,87.17965698242188
2024-02-21,41.14853286743164,76.94479370117188,40.45241928100586,38.49124526977539,114.81952667236328,98.33384704589844,70.36637115478516,36.018798828125,29.211441040039062,140.70152282714844,87.82367706298828
2024-02-22,41.5626220703125,78.09789276123047,40.52265930175781,38.93791961669922,116.2386245727539,101.55160522460938,70.5841293334961,36.112186431884766,28.985288619995117,142.355712890625,89.52961730957031
2024-02-23,41.80818176269531,77.90245819091797,40.255733489990234,39.13212585449219,116.85096740722656,101.31471252441406,70.80189514160156,36.15888214111328,29.19259262084961,143.03285217285156,89.1264877319336
2024-02-26,41.557804107666016,76.7688980102539,40.39622116088867,38.93791961669922,116.6760025024414,101.41341400146484,70.51785278320312,35.747982025146484,28.61779022216797,142.2976837158203,89.40180969238281
2024-02-27,41.711883544921875,77.39430236816406,40.22294998168945,39.04472732543945,116.85096740722656,101.50225067138672,70.52732849121094,35.776004791259766,29.15961456298828,141.9494171142578,89.69676208496094
2024-02-28,41.841888427734375,76.86661529541016,40.14333724975586,39.19038391113281,117.24947357177734,101.02352905273438,70.60306549072266,36.23358154296875,29.24913215637207,141.24327087402344,90.05075073242188
2024-02-29,42.159671783447266,77.55066680908203,40.340023040771484,39.17095947265625,117.60911560058594,102.14875793457031,70.48945617675781,36.52307891845703,29.25855255126953,140.09210205078125,90.66036224365234
2024-03-01,42.352272033691406,78.19561004638672,40.80833435058594,39.122413635253906,118.11453247070312,104.0142593383789,70.49893188476562,36.92463684082031,29.079519271850586,141.56246948242188,90.96024322509766
2024-03-04,42.660430908203125,77.1695556640625,40.37281036376953,39.219520568847656,118.54219818115234,104.0142593383789,70.55573272705078,37.34487533569336,29.569515228271484,141.34967041015625,89.73118591308594
2024-03-05,42.434120178222656,76.54414367675781,40.672523498535156,39.22923278808594,117.57022857666016,101.45783996582031,70.72614288330078,36.86860656738281,29.48470687866211,140.29522705078125,88.61520385742188
2024-03-06,42.74709701538086,76.6516342163086,40.79896545410156,39.43313980102539,118.18256378173828,102.26227569580078,71.32264709472656,37.07405471801758,29.767398834228516,141.25296020507812,88.3005599975586
2024-03-07,43.27193069458008,77.89268493652344,41.14551544189453,39.374881744384766,119.13509368896484,103.8760757446289,71.72977447509766,37.07405471801758,29.960569381713867,141.91075134277344,88.97408294677734
2024-03-08,43.021549224853516,77.77542114257812,41.29069137573242,39.44285202026367,118.87267303466797,102.33135223388672,71.16169738769531,37.512962341308594,30.03595733642578,141.64956665039062,88.64469146728516
2024-03-11,43.50786209106445,77.62884521484375,41.71685028076172,39.510826110839844,118.26033020019531,102.050048828125,71.54986572265625,37.32619857788086,30.186725616455078,141.57215881347656,88.40380096435547
2024-03-12,43.50304412841797,78.3128890991211,41.65128707885742,39.67589569091797,118.78519439697266,104.14258575439453,71.91912841796875,37.232810974121094,29.89461326599121,142.22994995117188,89.16581726074219
2024-03-13,43.93156814575195,78.4496841430664,42.3162841796875,39.967201232910156,119.10594940185547,103.0173568725586,72.0990219116211,36.99934768676758,30.097206115722656,141.6785888671875,88.97901153564453
2024-03-14,43.70045852661133,78.2640151977539,42.75181198120117,39.646766662597656,118.60053253173828,103.03709411621094,71.54039764404297,36.47637939453125,29.856918334960938,141.17552185058594,88.41363525390625
2024-03-15,43.719722747802734,77.48225402832031,42.87824630737305,39.60792541503906,118.61996459960938,101.48250579833984,71.51200103759766,36.45771408081055,29.899322509765625,140.614501953125,87.53363800048828
2024-03-18,43.79944610595703,79.07352447509766,43.0264892578125,39.83502197265625,118.83055114746094,101.9813003540039,71.97172546386719,36.452064514160156,30.037086486816406,140.5979766845703,88.20222473144531
2024-03-19,43.80427932739258,79.04412078857422,43.51746368408203,40.029964447021484,119.85428619384766,102.5102310180664,72.23878479003906,36.452064514160156,30.303110122680664,141.5299835205078,88.96590423583984
2024-03-20,44.244014739990234,79.97499084472656,43.456092834472656,40.50755310058594,121.29725646972656,103.6570816040039,72.45813751220703,36.60250473022461,30.34111213684082,141.20960998535156,90.29124450683594
2024-03-21,44.42763900756836,80.00439453125,43.71574401855469,40.83893966674805,122.49647521972656,103.73124694824219,72.49629974365234,36.74353790283203,30.293609619140625,141.39405822753906,90.81843566894531
2024-03-22,44.15220260620117,80.17095184326172,43.62132263183594,40.37109375,122.07723999023438,103.7658462524414,72.14340209960938,36.311031341552734,30.33636474609375,141.19992065429688,90.02519989013672
2024-03-25,44.16670227050781,79.89659118652344,44.02732467651367,40.21514892578125,121.28751373291016,103.07872772216797,71.9430923461914,36.170005798339844,30.478878021240234,141.0057373046875,89.72956848144531
2024-03-26,44.13287353515625,79.73002624511719,43.68741989135742,40.351600646972656,120.84876251220703,102.65359497070312,71.98126220703125,36.019569396972656,30.13209342956543,141.52027893066406,89.8428955078125
2024-03-27,44.765899658203125,80.14156341552734,44.09341812133789,40.82918930053711,122.78898620605469,103.17759704589844,72.7347412109375,36.931575775146484,30.97292137145996,143.40370178222656,90.88247680664062
2024-03-28,44.88670349121094,80.01417541503906,44.570228576660156,41.05337142944336,122.8084716796875,102.95513916015625,72.83011627197266,37.166622161865234,31.18669319152832,143.42312622070312,90.60164642333984
2024-04-01,44.780391693115234,80.63147735595703,44.90069580078125,40.82918930053711,121.86273956298828,103.24185943603516,72.2483139038086,36.51788330078125,30.996675491333008,142.19989013671875,89.92664337158203
2024-04-02,44.6161003112793,80.50410461425781,45.52857971191406,40.61476516723633,121.29725646972656,102.24822998046875,71.8763427734375,36.11359405517578,31.048931121826172,139.98635864257812,88.6012954711914
2024-04-03,44.88187026977539,81.14099884033203,45.84016418457031,40.595272064208984,121.92124938964844,102.52012634277344,71.08470916748047,36.13239288330078,30.925416946411133,139.83099365234375,88.66534423828125
2024-04-04,44.42763900756836,80.0435791015625,45.81183624267578,40.137176513671875,120.84876251220703,100.8987045288086,70.77950286865234,35.8503303527832,30.863662719726562,137.81166076660156,87.62576293945312
2024-04-05,44.828712463378906,80.85684204101562,46.30280685424805,40.517295837402344,122.52571868896484,102.05545806884766,70.89395904541016,36.085384368896484,30.95392417907715,139.04461669921875,88.11353302001953
2024-04-08,44.86253356933594,80.86664581298828,46.010108947753906,40.69274139404297,122.31122589111328,101.93680572509766,70.78903198242188,36.39565658569336,31.158191680908203,138.5980224609375,88.95111083984375
2024-04-09,44.96885681152344,80.954833984375,46.02427673339844,40.45881271362305,122.02849578857422,102.45092010498047,71.13240051269531,36.856361389160156,31.329204559326172,139.0931854248047,89.36990356445312
2024-04-10,44.26818084716797,80.31792449951172,46.1659049987793,39.854515075683594,120.98526000976562,101.1953125,70.87488555908203,35.342620849609375,30.792409896850586,137.46214294433594,87.99036407470703
2024-04-11,44.23434829711914,81.0234146118164,46.13285827636719,39.57185745239258,121.12176513671875,103.2171401977539,70.70320129394531,35.380226135253906,30.730649948120117,136.89907836914062,88.69983673095703
2024-04-12,43.45153045654297,79.69083404541016,45.38222885131836,39.0455436706543,119.82504272460938,101.54627990722656,69.98787689208984,35.013545989990234,30.49787712097168,134.8602752685547,87.26116943359375
2024-04-15,43.24374008178711,78.68158721923828,44.95734405517578,38.85060501098633,118.96705627441406,99.61837768554688,69.70175170898438,34.402400970458984,30.217601776123047,134.5884552001953,85.80772399902344
2024-04-16,42.910316467285156,78.41703033447266,44.56550979614258,38.58743667602539,118.69405364990234,99.73703002929688,69.73036193847656,33.87588119506836,29.818561553955078,134.63694763183594,85.31995391845703
2024-04-17,43.00696563720703,78.34843444824219,44.43804168701172,38.68490219116211,118.07982635498047,98.29850006103516,69.98787689208984,33.59381866455078,30.440874099731445,134.40399169921875,84.90609741210938
2024-04-18,43.021461486816406,78.73058319091797,44.3011360168457,38.82136154174805,117.67033386230469,97.1763687133789,70.3121566772461,33.60321807861328,30.61189079284668,134.39427185058594,84.37890625
2024-04-19,42.98762893676758,77.86832427978516,44.83460998535156,39.3574333190918,117.45584106445312,95.17431640625,70.99886322021484,33.7348518371582,31.08218765258789,134.89910888671875,83.63985443115234
2024-04-22,43.0311279296875,77.97611236572266,45.12730026245117,39.83502197265625,118.34305572509766,96.02456665039062,71.6760482788086,34.00751495361328,31.36720848083496,135.4136199951172,84.00936889648438
2024-04-23,42.659034729003906,79.16171264648438,45.37751388549805,40.08843994140625,119.99079132080078,97.4482421875,71.8763427734375,34.31778335571289,31.514474868774414,137.1805877685547,85.00955963134766
2024-04-24,42.68803024291992,79.21070098876953,45.41055679321289,40.07868957519531,119.0353012084961,97.89315032958984,72.41999053955078,34.44941711425781,31.704490661621094,136.75341796875,85.82250213623047
2024-04-25,42.992462158203125,76.38875579833984,45.61827087402344,39.84476852416992,119.39604949951172,97.68058776855469,72.2483139038086,34.2519645690918,31.78999900817871,135.84080505371094,85.89640045166016
2024-04-26,43.258235931396484,78.49541473388672,45.198116302490234,39.78628921508789,119.59104919433594,98.78295135498047,72.09571075439453,34.28017044067383,31.443222045898438,135.87966918945312,86.66993713378906
2024-04-29,43.62065505981445,77.58416748046875,45.50497817993164,39.727806091308594,120.3905258178711,99.20807647705078,72.32462310791016,34.66566467285156,31.870758056640625,136.33595275878906,88.68504333496094
2024-04-30,42.828163146972656,76.29076385498047,44.15006637573242,39.33794021606445,118.47956848144531,97.02310943603516,72.0098648071289,34.02631759643555,31.704490661621094,136.23887634277344,86.52706146240234
2024-05-01,43.050453186035156,76.99625396728516,43.44664764404297,39.33794021606445,118.18707275390625,96.02951049804688,71.55205535888672,34.04512405395508,32.07027816772461,136.4816131591797,85.9850845336914
2024-05-02,42.828163146972656,77.77033233642578,43.69686508178711,39.43540954589844,118.86955261230469,97.41364288330078,72.15294647216797,34.53403091430664,32.241294860839844,136.38450622558594,87.06901550292969
2024-05-03,43.2630729675293,78.5934066772461,43.70158767700195,39.523128509521484,119.69828796386719,100.1275405883789,72.37230682373047,34.806697845458984,32.49782180786133,136.72430419921875,87.65534210205078
2024-05-06,43.524009704589844,79.66143798828125,44.046207427978516,40.029964447021484,120.90726470947266,101.3040542602539,72.41046142578125,34.81609344482422,32.66408157348633,137.27767944335938,88.59144592285156
2024-05-07,44.04105758666992,79.74961853027344,44.003719329833984,40.166412353515625,121.23875427246094,100.97283935546875,73.20209503173828,35.182777404785156,33.03461837768555,138.41357421875,87.95587921142578
2024-05-08,43.83810806274414,79.62224578857422,43.951786041259766,40.31261444091797,121.23875427246094,101.25955963134766,72.98271179199219,34.853702545166016,33.38140106201172,137.93785095214844,87.62576293945312
2024-05-09,44.32616424560547,80.02397155761719,44.54190444946289,40.61476516723633,122.44772338867188,101.22990417480469,73.61221313476562,35.68109130859375,33.88969802856445,139.12229919433594,88.22191619873047
2024-05-10,44.37931442260742,80.14156341552734,44.29642105102539,40.77071762084961,122.53548431396484,101.60559844970703,74.03187561035156,35.549461364746094,33.8564453125,139.40382385253906,87.74893951416016
2024-05-13,44.35032272338867,79.99458312988281,44.17839050292969,40.60501480102539,122.01874542236328,102.0851058959961,73.8220443725586,35.64348602294922,33.8564453125,139.26791381835938,87.63561248779297
2024-05-14,44.39381790161133,80.35712432861328,44.235042572021484,40.809696197509766,121.98950958251953,102.98973083496094,73.67896270751953,35.8973388671875,33.94670486450195,139.86013793945312,88.0346908569336
2024-05-15,44.47113037109375,80.86664581298828,44.33418655395508,41.11185073852539,122.78898620605469,105.30817413330078,73.72666931152344,36.50848388671875,34.45500183105469,141.93772888183594,88.16773223876953
2024-05-16,44.15220260620117,80.807861328125,44.21144104003906,41.11185073852539,122.05774688720703,104.94235229492188,74.77581024169922,36.442665100097656,34.33624267578125,141.77272033691406,87.59619140625
2024-05-17,44.529117584228516,80.9450454711914,44.82987976074219,41.413997650146484,122.19425201416016,104.71003723144531,74.59459686279297,36.442665100097656,34.364742279052734,142.04454040527344,88.0445556640625
2024-05-20,44.59193420410156,81.18019104003906,44.53718566894531,40.848690032958984,122.42823791503906,105.94091796875,74.07955169677734,36.21701431274414,34.307735443115234,141.7435760498047,87.38926696777344
2024-05-21,44.59193420410156,81.0724105834961,44.32002258300781,41.11185073852539,122.02849578857422,106.11394500732422,74.5182876586914,36.18880844116211,34.61651611328125,141.9862823486328,87.95093536376953
2024-05-22,44.15703582763672,81.17039489746094,43.47025680541992,40.8779296875,122.17472839355469,106.3512191772461,74.22261810302734,35.878536224365234,34.20798110961914,142.2386932373047,87.03453063964844
2024-05-23,43.765625,80.24933624267578,43.073699951171875,40.31261444091797,120.73177337646484,105.48613739013672,73.34515380859375,35.11697006225586,33.628421783447266,140.6853485107422,85.62541961669922
2024-05-24,44.147369384765625,81.27818298339844,43.13507080078125,40.55628204345703,121.34600830078125,106.37593078613281,73.5359115600586,35.11697006225586,33.96570587158203,140.20962524414062,86.48764038085938
2024-05-28,43.97824478149414,81.41535949707031,43.578834533691406,40.10793685913086,119.8640365600586,106.8257827758789,72.9636459350586,34.910118103027344,33.93245315551758,138.51065063476562,86.27577209472656
2024-05-29,43.35005187988281,80.98422241210938,42.809326171875,39.78628921508789,118.16755676269531,106.1485366821289,72.43907165527344,34.5810432434082,33.49541091918945,137.43299865722656,85.70919036865234
2024-05-30,43.70280075073242,80.71965789794922,42.93206787109375,40.0007209777832,118.976806640625,103.72630310058594,72.62982177734375,35.0793571472168,33.94670486450195,137.5009765625,86.21665954589844
2024-05-31,44.22951889038086,81.5819320678711,43.999000549316406,40.58552551269531,120.41979217529297,103.8894271850586,73.76481628417969,35.77511215209961,34.545257568359375,139.51060485839844,86.69950866699219
2024-06-03,43.96857452392578,81.9052734375,42.84709167480469,40.33210754394531,118.94755554199219,104.15142822265625,73.73619842529297,35.63408279418945,34.15097427368164,140.49119567871094,86.66007995605469
2024-06-04,43.480525970458984,82.21882629394531,42.43637466430664,40.146915435791016,118.6550521850586,104.36894989013672,74.3752212524414,35.97256088256836,34.136722564697266,140.89895629882812,86.748779296875
2024-06-05,43.780120849609375,83.21827697753906,42.4316520690918,40.263885498046875,119.85428619384766,106.68737030029297,74.21308135986328,35.92554473876953,33.94195556640625,141.53970336914062,87.2562484741211
2024-06-06,43.82844543457031,83.26726531982422,42.65353775024414,40.244388580322266,119.14254760742188,106.33145141601562,74.4419937133789,35.98196029663086,33.59041976928711,142.00572204589844,87.8918228149414
2024-06-07,43.388710021972656,82.69895935058594,42.48358154296875,40.42957305908203,119.2693099975586,106.57861328125,74.07003021240234,35.69990158081055,33.224639892578125,142.16104125976562,87.53215026855469
2024-06-10,43.345218658447266,82.90473175048828,42.80460739135742,40.273624420166016,119.63978576660156,106.85049438476562,74.01280212402344,35.878536224365234,33.65217208862305,142.68528747558594,87.81298828125
2024-06-11,43.33072280883789,83.06149291992188,42.71963119506836,39.815528869628906,118.95730590820312,108.83772277832031,73.97463989257812,35.76571273803711,33.44791030883789,142.0930938720703,87.58141326904297
2024-06-12,43.412872314453125,82.88512420654297,42.26169967651367,39.77654266357422,120.0882797241211,111.24513244628906,73.16392517089844,36.019569396972656,33.22938537597656,141.79212951660156,88.49290466308594
2024-06-13,43.398372650146484,82.16983795166016,41.87458038330078,39.74729919433594,119.31804656982422,112.12505340576172,73.25930786132812,36.198211669921875,33.30539321899414,141.67559814453125,88.56188201904297
2024-06-14,42.99729919433594,82.43439483642578,41.56300735473633,39.6205940246582,118.11882781982422,112.54522705078125,73.39285278320312,36.226417541503906,33.224639892578125,141.62709045410156,87.86225128173828
2024-06-17,43.31622314453125,82.82633972167969,41.67158126831055,39.97147750854492,119.42528533935547,114.25068664550781,74.08909606933594,36.03837966918945,32.85885238647461,141.48143005371094,89.4043960571289
2024-06-18,43.267906188964844,82.3364028930664,41.846256256103516,40.224891662597656,120.06877899169922,114.39405059814453,74.1844711303711,36.17940139770508,32.87310028076172,141.6658935546875,89.10385131835938
2024-06-20,43.3113899230957,82.68915557861328,42.61577224731445,40.439327239990234,120.14676666259766,113.10877227783203,74.0223388671875,36.085384368896484,33.15813446044922,142.13189697265625,89.2171630859375
2024-06-21,43.31622314453125,83.22808074951172,42.37028121948242,40.28337478637695,119.89328002929688,112.91104888916016,74.07955169677734,36.17940139770508,32.96335983276367,142.5299530029297,89.97099304199219
2024-06-24,43.595401763916016,83.507080078125,43.438636779785156,40.69729232788086,120.40299987792969,110.14286041259766,74.86947631835938,36.423492431640625,33.39674377441406,143.36134338378906,89.58686065673828
2024-06-25,43.04190444946289,84.44039154052734,43.538570404052734,40.39394760131836,119.37574768066406,112.16328430175781,74.38899993896484,35.910621643066406,33.080692291259766,142.91299438476562,89.22640991210938
2024-06-26,43.01276779174805,84.45022583007812,43.11028289794922,40.139530181884766,119.05290222167969,112.0345458984375,74.23523712158203,35.86313247680664,32.94181823730469,142.40618896484375,90.5200424194336
2024-06-27,42.89138412475586,84.9316177368164,43.2102165222168,40.09060287475586,119.18008422851562,112.08900451660156,73.9181137084961,36.18605422973633,32.99928283691406,142.1722412109375,91.07305145263672
2024-06-28,42.876827239990234,84.15547943115234,43.376773834228516,40.227596282958984,119.22899627685547,112.02957916259766,73.59138488769531,36.4804801940918,32.63054275512695,142.0552978515625,90.06085205078125
2024-07-01,42.21651077270508,83.80181884765625,43.40056610107422,40.315670013427734,117.94737243652344,112.87638854980469,73.07246398925781,36.12907409667969,32.40547180175781,141.25608825683594,90.36698150634766
2024-07-02,42.294193267822266,84.54846954345703,43.36725616455078,40.785362243652344,118.59308624267578,113.44091033935547,73.58177185058594,36.28103256225586,32.57307815551758,140.73953247070312,92.12474822998047
2024-07-03,42.60978698730469,84.57792663574219,43.55760955810547,40.65814971923828,119.02355194091797,114.97107696533203,73.45684814453125,36.243038177490234,32.769412994384766,139.66741943359375,92.71231079101562
2024-07-05,42.67776107788086,86.21861267089844,42.87709426879883,40.648372650146484,118.59308624267578,115.32268524169922,74.36016845703125,36.376007080078125,32.826881408691406,140.749267578125,93.46776580810547
2024-07-08,42.80399703979492,85.44247436523438,42.61536407470703,40.54072570800781,118.73982238769531,116.11005401611328,74.2448501586914,36.461490631103516,32.86040496826172,140.59332275390625,93.51220703125
2024-07-09,42.367027282714844,85.7077407836914,42.239410400390625,40.85386276245117,118.2213134765625,116.0159683227539,74.05264282226562,36.470985412597656,32.9561767578125,141.2755889892578,93.8232650756836
2024-07-10,42.935081481933594,86.24807739257812,42.52494430541992,41.01042938232422,119.27791595458984,117.69965362548828,74.37938690185547,36.727420806884766,33.267452239990234,142.61085510253906,94.52934265136719
2024-07-11,43.5225715637207,85.06916046142578,42.9675178527832,41.333343505859375,120.7943344116211,114.75320434570312,74.10070037841797,37.70568084716797,33.87561798095703,143.61476135253906,93.32952880859375
2024-07-12,43.940128326416016,84.79407501220703,43.07696533203125,41.4703369140625,121.48893737792969,115.77825927734375,74.42743682861328,37.98111343383789,34.1246337890625,144.5114288330078,94.54908752441406
2024-07-15,43.82845687866211,85.0986328125,43.72892761230469,42.077030181884766,122.35965728759766,115.98625183105469,73.9949951171875,38.1425666809082,33.29618453979492,144.00462341308594,94.44046020507812
2024-07-16,44.67812728881836,85.3245849609375,43.92403793334961,42.556514739990234,125.41203308105469,115.59998321533203,74.70611572265625,38.50347900390625,33.554771423339844,146.0611114501953,96.134033203125
2024-07-17,44.585872650146484,84.03759765625,44.36185836791992,42.87942886352539,123.80757904052734,111.10355377197266,75.66709899902344,38.84539794921875,33.57392883300781,146.72386169433594,94.52934265136719
2024-07-18,44.14405059814453,83.98847961425781,44.44275665283203,42.360801696777344,122.83902740478516,111.11345672607422,75.29230499267578,38.52248001098633,33.54520034790039,143.3905792236328,93.56651306152344
2024-07-19,43.750770568847656,83.61515045166016,43.95735168457031,41.93024444580078,122.16399383544922,109.37529754638672,75.0424575805664,38.4749870300293,33.58350372314453,144.1215362548828,92.73207092285156
2024-07-22,43.89643096923828,83.96882629394531,43.68134307861328,42.165096282958984,123.40646362304688,111.96520233154297,75.09049987792969,38.85489273071289,33.86603927612305,144.95001220703125,93.75413513183594
2024-07-23,44.07121658325195,83.85093688964844,42.986549377441406,42.243377685546875,123.17166900634766,111.51952362060547,74.8214340209961,38.788414001464844,33.65533447265625,144.8623046875,93.33443450927734
2024-07-24,43.50800323486328,81.66009521484375,42.99130630493164,41.666046142578125,120.5203857421875,106.90423583984375,74.7541732788086,38.25653839111328,34.03364944458008,146.07086181640625,89.5177230834961
2024-07-25,43.629390716552734,80.71696472167969,43.73368453979492,41.82261276245117,121.48893737792969,105.76031494140625,74.66767120361328,38.0475959777832,33.75111389160156,145.33985900878906,89.16715240478516
2024-07-26,44.34311294555664,82.22991180419922,43.8716926574707,42.47822952270508,123.56300354003906,107.1023178100586,75.42684936523438,38.68393325805664,34.0815315246582,146.1586151123047,90.16454315185547
2024-07-29,44.42079544067383,82.95691680908203,43.49574661254883,42.419517517089844,123.34777069091797,106.6269302368164,75.45567321777344,38.93087387084961,34.23477554321289,146.2462921142578,91.67049407958984
2024-07-30,44.27513885498047,83.29094696044922,44.1714973449707,42.908782958984375,123.7097396850586,103.94788360595703,74.94636535644531,39.21580123901367,34.41196060180664,146.37298583984375,91.16193389892578
2024-07-31,44.73638916015625,84.28321075439453,44.357093811035156,42.80113983154297,125.08918762207031,108.35022735595703,74.81182098388672,39.120826721191406,34.85731506347656,145.8369598388672,92.5740737915039
2024-08-01,44.55674362182617,84.6270523071289,43.18165969848633,42.194454193115234,122.77056121826172,104.30937194824219,75.50372314453125,39.72867965698242,35.484642028808594,147.32815551757812,90.30280303955078
2024-08-02,43.7167854309082,83.25164794921875,42.06809616088867,41.157203674316406,120.07035827636719,101.37779235839844,76.16680145263672,39.75716781616211,35.54210662841797,147.03578186035156,86.97982025146484
2024-08-05,42.74087905883789,80.86432647705078,41.14011764526367,39.96339416503906,117.98651885986328,98.00050354003906,74.66767120361328,38.60795974731445,34.6035041809082,143.10794067382812,84.52092742919922
2024-08-06,42.9593620300293,81.8172836303711,41.39234161376953,40.60922622680664,119.40510559082031,99.33260345458984,75.18659973144531,39.462745666503906,34.89562225341797,143.7707061767578,85.4541244506836
2024-08-07,42.376731872558594,81.38501739501953,41.558902740478516,40.65814971923828,118.82788848876953,97.72319793701172,75.26348114013672,39.17781448364258,35.09196472167969,142.3087158203125,83.9629898071289
2024-08-08,43.03218460083008,83.00603485107422,42.45355987548828,41.31377410888672,121.56720733642578,101.37284088134766,75.9457778930664,39.51022720336914,35.13027572631836,145.4568328857422,85.79480743408203
2024-08-09,42.998207092285156,83.71339416503906,42.54874038696289,41.48991012573242,121.58677673339844,101.82841491699219,76.06108856201172,39.709686279296875,35.2499885559082,146.17808532714844,86.08119201660156
2024-08-12,42.8088493347168,83.1337661743164,42.75812530517578,41.27463150024414,120.97042083740234,102.66036224365234,75.67670440673828,39.47224044799805,35.31224060058594,145.62254333496094,85.74050903320312
2024-08-13,43.23611831665039,84.21443939208984,42.3441047668457,41.61711502075195,122.24224853515625,105.81478881835938,76.02264404296875,39.7476692199707,35.518157958984375,147.38665771484375,87.8883285522461
2024-08-14,43.23611831665039,83.7330551147461,42.59156036376953,42.12595748901367,122.74119567871094,106.39418029785156,76.36860656738281,39.89013671875,35.49422073364258,147.91294860839844,87.41926574707031
2024-08-15,43.92070770263672,84.4895248413086,43.10076141357422,42.51736831665039,124.39457702636719,109.45452880859375,77.1565933227539,39.77616500854492,35.48942565917969,148.83888244628906,90.20896911621094
2024-08-16,43.97411346435547,84.74495697021484,43.05317687988281,42.830501556396484,124.2184829711914,109.63774871826172,77.3680191040039,39.75716781616211,35.6474609375,148.99481201171875,90.42130279541016
2024-08-19,44.182891845703125,85.7077407836914,43.343467712402344,43.065345764160156,124.97178649902344,111.44525146484375,77.62747192382812,39.99461364746094,35.882102966308594,149.90126037597656,91.5322494506836
2024-08-20,44.02266311645508,85.64878845214844,42.20134353637695,42.92835998535156,124.6293716430664,111.05403137207031,78.01187133789062,40.0326042175293,35.80548095703125,150.5055389404297,91.44831085205078
2024-08-21,44.52761459350586,86.01229095458984,42.27272415161133,42.859859466552734,125.3826904296875,111.70770263671875,78.54039764404297,40.16556930541992,36.059288024902344,150.75894165039062,92.60369110107422
2024-08-22,44.43536376953125,85.3638916015625,42.382179260253906,43.104488372802734,125.22615814208984,109.13758850097656,78.42508697509766,40.412506103515625,36.01618957519531,150.85638427734375,91.0039291381836
2024-08-23,45.02285385131836,85.96317291259766,43.015106201171875,43.47633361816406,126.47840881347656,110.90547180175781,78.64611053466797,41.191314697265625,36.11675262451172,151.50941467285156,92.7616958618164
2024-08-26,45.22191619873047,86.15966796875,43.40056610107422,43.61333084106445,126.3414535522461,109.51395416259766,79.20347595214844,41.16282653808594,36.35140609741211,151.4314422607422,92.04081726074219
2024-08-27,45.22677230834961,85.96317291259766,42.99606704711914,43.83839416503906,126.41973114013672,110.17753601074219,79.39567565917969,41.267295837402344,36.06407928466797,151.6653594970703,91.79886627197266
2024-08-28,45.032562255859375,85.39334869384766,42.72005844116211,43.94602966308594,126.36101531982422,108.65725708007812,79.059326171875,41.12483215332031,36.06407928466797,151.84080505371094,90.91011810302734
2024-08-29,45.280181884765625,85.21652221679688,43.27683639526367,44.33745193481445,127.25129699707031,107.6767578125,78.66532135009766,40.96337127685547,36.26041793823242,152.1624298095703,91.01873779296875
2024-08-30,45.775413513183594,85.78633117675781,43.438636779785156,44.75822067260742,128.6111602783203,109.1078872680664,79.28996276855469,41.36227798461914,36.533382415771484,153.21507263183594,92.39137268066406
2024-09-03,44.73638916015625,84.21443939208984,42.3583869934082,44.42551803588867,125.76424407958984,104.09644317626953,79.84732055664062,41.457252502441406,36.48069381713867,152.92266845703125,91.1224365234375
2024-09-04,44.5518913269043,83.8116455078125,41.77304458618164,44.47444534301758,125.89141082763672,103.82903289794922,80.22212219238281,41.55223083496094,36.791969299316406,152.6595001220703,91.35942077636719
2024-09-05,44.202308654785156,84.0572509765625,41.44944763183594,43.98517608642578,124.4239273071289,103.67057037353516,79.91458892822266,41.43825912475586,36.70098114013672,150.5640106201172,92.39631652832031
2024-09-06,43.643951416015625,82.29869079589844,40.93073654174805,43.33934020996094,123.1618881225586,100.98162078857422,79.75122833251953,41.43825912475586,36.35140609741211,150.04745483398438,90.06085205078125
2024-09-09,44.066368103027344,82.65235900878906,41.22578048706055,43.98517608642578,125.050048828125,102.6355972290039,80.36624908447266,41.93213653564453,36.72013473510742,151.10006713867188,91.3742446899414
2024-09-10,44.085792541503906,82.6327133178711,40.516719818115234,43.53505325317383,125.2652816772461,104.17073059082031,80.34703826904297,42.67294692993164,36.89253616333008,151.7920684814453,92.4209976196289
2024-09-11,44.192604064941406,82.97657775878906,40.14076614379883,43.32955551147461,125.49031066894531,107.72628021240234,79.59748077392578,42.55897903442383,37.00746154785156,151.34371948242188,93.34432983398438
2024-09-12,44.600440979003906,84.52881622314453,40.50244140625,43.42741394042969,126.4588394165039,108.61764526367188,80.08757019042969,42.63495635986328,37.0888671875,151.8895263671875,94.3960189819336
2024-09-13,45.0034294128418,85.34424591064453,40.73086166381836,43.55461502075195,127.74046325683594,109.162353515625,80.654541015625,42.93888473510742,37.61084747314453,152.20143127441406,95.03789520263672
2024-09-16,45.42098617553711,86.2382583618164,41.197227478027344,44.122169494628906,128.3959503173828,108.74639892578125,80.97166442871094,43.08134841918945,37.89816665649414,153.25405883789062,94.87495422363281
2024-09-17,45.50838088989258,86.2382583618164,41.75401306152344,44.357025146484375,129.10035705566406,108.53345489501953,80.20288848876953,42.73942947387695,37.86943435668945,151.67510986328125,95.35884094238281
2024-09-18,45.31416320800781,86.16948699951172,41.83491134643555,44.22001647949219,128.9927215576172,107.54305267333984,79.89537811279297,42.615962982177734,37.58211135864258,151.42169189453125,95.17121124267578
2024-09-19,45.998756408691406,87.33857727050781,42.334590911865234,44.70928955078125,131.2135467529297,110.73711395263672,79.42449951171875,42.5114860534668,37.3618278503418,151.96749877929688,97.33879852294922
2024-09-20,45.67345428466797,87.33857727050781,42.239410400390625,44.679931640625,130.2938995361328,110.19732666015625,79.80889892578125,42.435508728027344,38.34831619262695,151.34371948242188,97.11660766601562
2024-09-23,46.0723876953125,87.53467559814453,42.7609748840332,44.62591552734375,131.16842651367188,110.17699432373047,80.27163696289062,42.90511703491211,38.72870635986328,151.04730224609375,98.29664611816406
2024-09-24,46.70151901245117,87.94855499267578,42.65541458129883,44.25272750854492,132.11068725585938,110.93106079101562,80.07842254638672,42.90511703491211,38.453895568847656,150.74403381347656,99.15754699707031
2024-09-25,46.38938903808594,87.67263793945312,41.82053756713867,43.98756408691406,131.49232482910156,111.24854278564453,79.87554931640625,42.723388671875,38.6563835144043,149.276611328125,98.80131530761719
2024-09-26,47.35014343261719,88.16535949707031,41.00005340576172,44.213443756103516,132.14993286132812,112.7219467163086,80.05909729003906,42.30256271362305,38.39122009277344,149.77554321289062,99.22187042236328
2024-09-27,47.26723861694336,88.6974868774414,41.83492660522461,44.34111404418945,132.33641052246094,111.67023468017578,80.20401000976562,42.35995101928711,38.772098541259766,149.69728088378906,99.37030792236328
2024-09-30,47.00387954711914,89.08179473876953,42.12761688232422,44.5080680847168,132.93515014648438,111.99765014648438,80.1846923828125,42.723388671875,38.945655822753906,150.67556762695312,99.13776397705078
2024-10-01,46.886837005615234,89.15077209472656,43.087242126464844,44.272369384765625,133.00384521484375,109.2691421508789,79.91419219970703,42.46516418457031,39.25904083251953,149.88314819335938,98.73699188232422
2024-10-02,46.70638656616211,88.87486267089844,43.5286750793457,44.32147216796875,132.7584686279297,110.07778930664062,79.23793029785156,42.312137603759766,39.278324127197266,149.57986450195312,97.90081024169922
2024-10-03,46.18943786621094,88.56936645507812,44.29637145996094,44.08576965332031,132.0812225341797,110.5341796875,78.44574737548828,41.90087127685547,39.26385498046875,148.2298583984375,96.7677993774414
2024-10-04,46.41377639770508,89.5547866821289,44.70901107788086,44.832157135009766,133.00384521484375,111.76448822021484,78.70658874511719,41.623512268066406,39.20118713378906,148.3472442626953,98.04926300048828
2024-10-07,46.277217864990234,88.35257720947266,44.86735534667969,44.282188415527344,132.67994689941406,110.99555969238281,77.92406463623047,41.31745147705078,38.29962158203125,147.69178771972656,96.52535247802734
2024-10-08,46.06263732910156,89.13105773925781,43.69660568237305,44.53752899169922,132.97439575195312,113.06920623779297,78.31050109863281,41.44179153442383,38.31890106201172,148.4939727783203,97.46542358398438
2024-10-09,46.35525131225586,89.16062927246094,43.960506439208984,44.95001220703125,134.16201782226562,114.33424377441406,78.78388214111328,41.460914611816406,37.99106216430664,150.01031494140625,98.16305541992188
2024-10-10,46.46254348754883,88.50039672851562,44.25798797607422,44.81251907348633,133.4749755859375,114.30448913574219,78.43609619140625,41.116607666015625,37.87535095214844,149.45269775390625,97.67818450927734
2024-10-11,46.76491165161133,89.1113510131836,44.53147888183594,45.67675018310547,135.8600311279297,114.5029067993164,78.87081909179688,41.53742980957031,38.208011627197266,150.5483856201172,97.2625732421875
2024-10-14,47.033145904541016,89.52523040771484,44.51228713989258,45.96155548095703,136.67465209960938,115.99615478515625,79.18962860107422,41.8243522644043,38.69013595581055,151.37994384765625,97.68807220458984
2024-10-15,46.984375,89.7223129272461,43.0776481628418,46.05976486206055,135.62445068359375,113.44624328613281,79.6919937133789,42.35038757324219,38.86370086669922,149.53097534179688,97.90081024169922
2024-10-16,47.35014343261719,89.6631851196289,43.283966064453125,46.629371643066406,136.67465209960938,113.79846954345703,79.63402557373047,42.771209716796875,39.63508987426758,149.95162963867188,98.41539764404297
2024-10-17,47.42329788208008,89.23945617675781,43.49028396606445,46.757041931152344,136.28207397460938,114.1457290649414,79.27657318115234,42.49385070800781,39.28314208984375,149.08096313476562,98.32632446289062
2024-10-18,47.61349868774414,89.89969635009766,43.34634017944336,46.76686096191406,136.69430541992188,114.55252838134766,79.45046997070312,42.790348052978516,39.50973892211914,149.8048858642578,98.7122573852539
2024-10-21,47.24773025512695,89.54493713378906,43.216793060302734,46.393672943115234,136.21336364746094,115.08831024169922,78.78388214111328,41.91043472290039,39.355464935302734,148.04397583007812,97.94535827636719
2024-10-22,46.813682556152344,89.67304229736328,43.31755447387695,46.30528259277344,134.56443786621094,114.96923828125,79.228271484375,41.97738265991211,39.21564483642578,147.82875061035156,97.5495376586914
2024-10-23,46.686885833740234,88.99310302734375,43.092037200927734,46.26600646972656,134.17184448242188,113.32221221923828,79.07369995117188,42.388641357421875,39.591705322265625,147.1341552734375,96.01573944091797
2024-10-24,46.11627960205078,89.29859161376953,43.087242126464844,46.30528259277344,133.2492218017578,113.65460205078125,78.9674301147461,42.48427963256836,39.33617401123047,146.16567993164062,99.04374694824219
2024-10-25,45.82366943359375,89.52523040771484,43.07284927368164,45.79460144042969,132.8958740234375,114.24495697021484,78.31050109863281,42.1495361328125,38.752811431884766,145.3634490966797,99.35546112060547
2024-10-28,46.204063415527344,90.09677124023438,42.799354553222656,46.36420822143555,133.28848266601562,114.21022033691406,78.45541381835938,42.28343963623047,39.05655288696289,145.57870483398438,99.58800506591797
2024-10-29,45.90657043457031,90.9442367553711,42.14680862426758,46.07940673828125,133.11180114746094,115.74810791015625,77.68254852294922,41.90087127685547,38.22248077392578,145.17758178710938,99.06848907470703
2024-10-30,46.15529251098633,91.49606323242188,42.24277877807617,46.285648345947266,132.8860626220703,113.90760040283203,77.55695343017578,42.053897857666016,38.13087844848633,144.90367126464844,98.9299545288086
2024-10-31,45.545677185058594,90.6978759765625,42.50666809082031,45.64728546142578,131.35491943359375,110.25141143798828,77.40238189697266,41.31745147705078,38.52621841430664,143.68081665039062,97.41595458984375
2024-11-01,45.41887664794922,91.05262756347656,42.237972259521484,45.80442428588867,131.53158569335938,111.07988739013672,77.43136596679688,40.87750244140625,37.66804122924805,144.53192138671875,98.99922180175781
2024-11-04,45.618831634521484,90.74713897705078,42.976890563964844,45.450870513916016,131.38436889648438,110.99555969238281,77.64390563964844,41.336578369140625,37.21966552734375,143.58299255371094,98.65782928466797
2024-11-05,45.687110900878906,91.75227355957031,43.264774322509766,45.8731689453125,133.5829315185547,112.55823516845703,78.13660430908203,41.90087127685547,37.7789306640625,144.63954162597656,100.40438079833984
2024-11-06,46.31623458862305,94.00887298583984,44.89134216308594,48.66228485107422,138.81434631347656,115.76298522949219,76.86137390136719,40.781856536865234,37.38841247558594,144.82540893554688,103.61546325683594
2024-11-07,46.496681213378906,95.24065399169922,44.68501663208008,47.87661361694336,137.98008728027344,117.7820816040039,77.14153289794922,41.288753509521484,37.45590591430664,145.87217712402344,104.94640350341797
2024-11-08,46.0723876953125,94.77750396728516,44.98250198364258,48.308738708496094,139.46214294433594,117.6530990600586,78.07862854003906,41.99650955200195,38.17426300048828,146.9189453125,106.4356689453125
2024-11-11,45.8724365234375,95.30963134765625,45.2368049621582,48.99618911743164,140.54180908203125,117.00322723388672,77.8081283569336,41.6330680847168,38.280338287353516,146.0580596923828,108.5829849243164
2024-11-12,45.09212875366211,95.74322509765625,44.99689865112305,48.848880767822266,139.33456420898438,117.15203857421875,77.89508056640625,41.107032775878906,37.84160614013672,144.02322387695312,107.13330078125
2024-11-13,45.19941711425781,95.78263092041016,45.347164154052734,48.87834548950195,139.62899780273438,116.74525451660156,78.12693786621094,41.43221664428711,37.77410888671875,143.6416778564453,108.04863739013672
2024-11-14,44.82876968383789,95.67424011230469,45.519901275634766,48.750675201416016,137.27337646484375,116.34838104248047,77.9337158203125,41.05921936035156,37.6439323425293,141.38185119628906,106.51483917236328
2024-11-15,44.51665115356445,93.76252746582031,45.45272445678711,48.9765510559082,136.53726196289062,113.46112823486328,77.24781036376953,41.107032775878906,38.208011627197266,138.76002502441406,105.60446166992188
2024-11-18,44.862911224365234,94.68881225585938,46.05728530883789,49.12386703491211,136.3507843017578,113.82823181152344,77.78881072998047,41.47048568725586,38.540679931640625,138.85787963867188,106.57915496826172
2024-11-19,44.71660614013672,95.30963134765625,45.76459884643555,48.799774169921875,136.23301696777344,114.7608871459961,77.89508056640625,41.642635345458984,38.78656005859375,138.14370727539062,106.6583251953125
2024-11-20,45.08237075805664,95.92058563232422,46.225223541259766,48.6524658203125,136.38023376464844,114.66166687011719,77.49899291992188,41.57569122314453,38.805843353271484,139.7774658203125,106.18827819824219
2024-11-21,45.63346481323242,95.67424011230469,46.59947967529297,49.271175384521484,138.08802795410156,115.82748413085938,78.3394775390625,41.85304641723633,39.480812072753906,140.9024658203125,106.37629699707031
2024-11-22,45.88706588745117,95.46730041503906,46.671451568603516,49.821144104003906,140.0117950439453,115.88700866699219,79.06403350830078,42.16866683959961,39.2686767578125,141.02964782714844,107.91009521484375
2024-11-25,46.36012649536133,95.95999908447266,45.75020980834961,50.14523696899414,140.8853302001953,115.88204193115234,79.49877166748047,42.73295974731445,39.340999603271484,142.2329559326172,109.01344299316406
2024-11-26,46.01386642456055,96.31475067138672,45.68783187866211,50.243446350097656,141.0522003173828,116.46247100830078,79.82723999023438,42.94337463378906,39.96775436401367,142.9960174560547,109.40925598144531
2024-11-27,45.98948669433594,96.44285583496094,45.63985061645508,50.34164810180664,140.531982421875,114.88491821289062,79.99148559570312,43.23986053466797,39.96775436401367,143.7590789794922,108.86994934082031
2024-11-29,46.223575592041016,96.96514129638672,45.83657455444336,50.42021942138672,141.3270263671875,115.95149993896484,80.39723205566406,43.03900909423828,39.98221969604492,144.2091064453125,109.98815155029297
2024-12-02,46.19431686401367,97.7633285522461,45.351959228515625,49.91935729980469,140.28659057617188,117.0528335571289,80.30062103271484,42.388641357421875,39.12404251098633,143.95474243164062,110.94800567626953
2024-12-03,46.04800796508789,98.5516586303711,45.347164154052734,49.54615783691406,139.40325927734375,117.47451782226562,79.88521575927734,42.139976501464844,38.78656005859375,143.63189697265625,110.86389923095703
2024-12-04,45.59933090209961,98.77830505371094,44.25319290161133,49.359561920166016,140.0117950439453,119.6225814819336,79.66300964355469,42.02519989013672,38.78173828125,143.5536346435547,111.89301300048828
2024-12-05,44.99946594238281,98.5516586303711,44.42592239379883,49.506874084472656,138.31378173828125,119.0173568725586,79.98181915283203,41.920005798339844,38.90226745605469,141.9492645263672,112.808349609375
2024-12-06,44.82389831542969,99.45824432373047,43.67261505126953,49.49706268310547,137.96044921875,119.47870635986328,79.58570861816406,41.86261749267578,38.42014694213867,141.14706420898438,115.18326568603516
2024-12-09,44.81413650512695,97.33959197998047,43.60064697265625,48.819419860839844,136.76300048828125,118.69985961914062,79.46012115478516,41.948692321777344,37.93803024291992,141.5579376220703,114.81712341308594
2024-12-10,44.355712890625,98.86700439453125,43.30316162109375,48.80959701538086,136.42930603027344,117.0528335571289,79.83690643310547,41.26963424682617,37.66322326660156,140.97097778320312,115.00515747070312
2024-12-11,44.19964599609375,100.48307800292969,43.37512969970703,48.90780258178711,136.11521911621094,118.74945831298828,79.228271484375,41.16442108154297,37.42698287963867,139.05352783203125,117.02381896972656
2024-12-12,43.892398834228516,100.67031860351562,43.024871826171875,48.691749572753906,135.24166870117188,118.08470153808594,79.46012115478516,41.13572692871094,37.40769577026367,137.9480743408203,116.05406188964844
2024-12-13,43.51688003540039,99.46810913085938,42.808956146240234,48.6524658203125,134.88833618164062,118.59071350097656,79.25726318359375,40.96358108520508,37.431800842285156,137.92849731445312,116.51421356201172
2024-12-16,43.1316032409668,99.85240936279297,41.8685188293457,48.56407928466797,135.00611877441406,119.7763671875,78.84183502197266,40.75316619873047,37.13288879394531,136.28497314453125,118.092529296875
2024-12-17,42.89263153076172,99.10348510742188,41.556640625,48.2203483581543,133.7694091796875,119.05207061767578,78.70658874511719,40.57143783569336,36.97861099243164,136.18714904785156,118.46360778808594
2024-12-18,41.673397064208984,96.27534484863281,40.32831573486328,46.77668380737305,129.99063110351562,115.21232604980469,77.50865173339844,38.98377990722656,36.10597229003906,134.3381805419922,113.12501525878906
2024-12-19,41.2247200012207,96.00928497314453,39.97805404663086,46.943641662597656,129.8237762451172,115.33634948730469,76.95799255371094,38.31428527832031,36.269893646240234,133.32078552246094,112.97163391113281
2024-12-20,41.73679733276367,96.53154754638672,40.371498107910156,47.64091873168945,131.3450927734375,117.05780029296875,77.2284927368164,39.01247024536133,36.84843444824219,135.00341796875,113.25860595703125
2024-12-23,41.704437255859375,97.05913543701172,40.60858154296875,47.75532150268555,131.31549072265625,118.29806518554688,76.82160186767578,39.190345764160156,36.97385025024414,136.35169982910156,113.60212707519531
2024-12-24,41.9299430847168,97.97795104980469,40.95210647583008,48.317501068115234,132.34140014648438,119.52043914794922,77.32776641845703,39.451358795166016,37.17802810668945,136.911865234375,116.22938537597656
2024-12-26,41.866214752197266,97.8495101928711,40.91823959350586,48.43585205078125,132.44004821777344,119.5999526977539,77.57112121582031,39.50935745239258,37.09052276611328,137.18702697753906,115.79812622070312
2024-12-27,41.640708923339844,96.98009490966797,40.91339874267578,48.08079528808594,131.45359802246094,118.00984954833984,77.19149780273438,39.190345764160156,36.983577728271484,136.54824829101562,113.88468170166016
2024-12-30,41.08184051513672,95.96247100830078,40.90856170654297,47.617244720458984,130.13177490234375,116.50920104980469,76.28622436523438,39.00667190551758,36.82802200317383,134.86781311035156,112.05551147460938
2024-12-31,41.24851608276367,95.64632415771484,41.44562530517578,47.66656494140625,129.97393798828125,115.54023742675781,76.51984405517578,39.31601333618164,36.79399108886719,135.19210815429688,111.21279907226562
2025-01-02,40.79259490966797,96.11066436767578,41.92946243286133,47.5482063293457,129.52017211914062,115.2669448852539,76.28622436523438,38.948673248291016,37.07593536376953,135.2313995361328,109.75043487548828
2025-01-03,40.782798767089844,96.70346069335938,42.321372985839844,47.922996520996094,130.92091369628906,117.1452407836914,76.24728393554688,39.48036193847656,37.46969223022461,136.55809020996094,111.97122955322266
2025-01-06,41.05732727050781,97.75072479248047,42.127838134765625,47.775047302246094,130.6348419189453,118.63595581054688,75.4490966796875,38.93900680541992,37.051631927490234,136.61705017089844,112.41242218017578
2025-01-07,41.03281784057617,96.66394805908203,42.54877853393555,47.66656494140625,130.50662231445312,116.25578308105469,75.18626403808594,38.648990631103516,36.95927047729492,137.2951202392578,110.23624420166016
2025-01-08,41.25832748413086,96.0909194946289,42.59231948852539,47.82436752319336,131.0195770263672,116.21602630615234,75.32254791259766,38.813331604003906,36.94955062866211,138.00265502929688,110.54853820800781
2025-01-10,40.83671951293945,94.6583480834961,42.766502380371094,46.67042541503906,129.5497589111328,113.68181610107422,74.31018829345703,37.87562561035156,36.74052047729492,137.22633361816406,109.46292877197266
2025-01-13,41.74856185913086,94.69786071777344,43.66644287109375,47.005760192871094,131.0688934326172,112.8768310546875,74.4367446899414,38.358978271484375,36.31273651123047,139.01486206054688,110.08257293701172
2025-01-14,42.26821517944336,94.38170623779297,44.135765075683594,47.5876579284668,132.61761474609375,113.17497253417969,74.45620727539062,38.687660217285156,36.78913116455078,137.58010864257812,109.86941528320312
2025-01-15,42.67020797729492,95.9328384399414,44.78894805908203,48.8007698059082,133.45608520507812,115.42594146728516,74.20313262939453,38.85199737548828,37.32872009277344,138.14027404785156,112.66522979736328
2025-01-16,43.02317810058594,95.38945007324219,45.11311721801758,49.126243591308594,135.0738525390625,114.53649139404297,74.75797271728516,39.72203826904297,38.27178192138672,138.69056701660156,112.05551147460938
2025-01-17,43.3026123046875,96.21935272216797,45.461483001708984,49.54047775268555,135.88275146484375,116.330322265625,75.18626403808594,39.712371826171875,38.325252532958984,137.75697326660156,113.62691497802734
2025-01-21,43.85657501220703,97.0887680053711,45.229244232177734,49.9547119140625,138.6743927001953,117.29927825927734,75.53669738769531,40.437400817871094,38.9134521484375,140.03689575195312,114.4596939086914
2025-01-22,43.50361251831055,98.05699157714844,44.40671157836914,49.7180061340332,138.34886169433594,119.9477767944336,75.16680145263672,39.73170852661133,38.072471618652344,139.722412109375,114.0284423828125
2025-01-23,43.74382400512695,98.3138656616211,44.60992431640625,50.0040283203125,139.74961853027344,120.16144561767578,75.43936157226562,40.05071258544922,38.25233840942383,141.58958435058594,114.71746826171875
2025-01-24,43.631072998046875,99.20304870605469,44.17930603027344,50.1519660949707,139.15774536132812,118.90924835205078,75.82872772216797,40.16672134399414,38.6412239074707,141.8155975341797,114.01850891113281
2025-01-27,43.65558624267578,99.716796875,43.71966552734375,50.70427703857422,137.29335021972656,113.08056640625,77.88261413574219,40.563072204589844,37.74677658081055,144.99960327148438,114.66790771484375
2025-01-28,43.51341247558594,100.20091247558594,43.303565979003906,50.615516662597656,136.3858184814453,116.09677124023438,76.66585540771484,40.07005310058594,37.22663497924805,143.98741149902344,114.80670166015625
2025-01-29,43.434974670410156,100.64550018310547,43.40032958984375,50.57606506347656,135.9221954345703,115.15265655517578,76.85079193115234,39.60603332519531,37.304412841796875,143.1422882080078,114.47953033447266
2025-01-30,43.846778869628906,100.74429321289062,43.62289810180664,51.0593376159668,137.4413299560547,115.36631774902344,77.61006164550781,40.128047943115234,38.082191467285156,144.79322814941406,115.59983825683594
2025-01-31,43.52811813354492,101.14936828613281,42.403621673583984,50.763458251953125,136.47462463378906,114.69052124023438,76.8800048828125,40.04104995727539,37.85858154296875,144.3313446044922,115.0892562866211
2025-02-03,43.57223892211914,101.3667221069336,42.669734954833984,50.55634307861328,135.1231689453125,113.14515686035156,77.1817626953125,39.9733772277832,38.06275177001953,144.89151000976562,113.56742095947266
2025-02-04,43.699703216552734,102.2756576538086,43.56483459472656,50.437984466552734,135.1626434326172,114.7750015258789,76.52957916259766,39.9733772277832,37.72732925415039,144.4984130859375,114.90583801269531
2025-02-05,43.66538619995117,101.28768920898438,43.656768798828125,50.97057342529297,135.2612762451172,116.37007141113281,77.00654602050781,40.60173797607422,38.10649871826172,145.884033203125,113.60212707519531
2025-02-06,43.81735610961914,101.72239685058594,42.85359573364258,51.39467239379883,135.8728790283203,116.6880874633789,77.35697937011719,40.71774673461914,38.06275177001953,144.57704162597656,114.05322265625
2025-02-07,43.28300476074219,101.50504302978516,42.8487548828125,51.1086540222168,135.46844482421875,115.68931579589844,77.24016571044922,40.5727424621582,37.9849739074707,143.8989715576172,111.82252502441406
2025-02-10,43.50361251831055,101.95951080322266,43.79224395751953,50.70427703857422,136.6817626953125,117.37879180908203,77.71713256835938,40.630741119384766,38.398170471191406,143.7711944580078,112.20421600341797
2025-02-11,43.7585334777832,102.12747192382812,44.145442962646484,50.83250045776367,136.73109436035156,117.4334487915039,78.46666717529297,40.853084564208984,38.59261703491211,143.505859375,110.93023681640625
2025-02-12,43.44477844238281,102.23615264892578,43.080997467041016,50.654972076416016,135.88275146484375,117.18002319335938,78.40826416015625,40.505069732666016,38.524559020996094,143.29953002929688,110.91041564941406
2025-02-13,44.19974899291992,103.4118423461914,43.40516662597656,50.99029541015625,136.02084350585938,118.83967590332031,79.255126953125,40.82408142089844,38.612060546875,143.85964965820312,112.57600402832031
2025-02-14,44.047767639160156,104.04414367675781,43.57935333251953,51.088924407958984,135.68545532226562,119.24217987060547,78.46666717529297,40.65974044799805,38.45164108276367,142.29713439941406,112.52642822265625
2025-02-18,44.60664367675781,103.5600357055664,44.17447280883789,51.4538459777832,136.75082397460938,120.33040618896484,78.74895477294922,40.80474853515625,38.811363220214844,142.02198791503906,112.21412658691406
2025-02-19,44.08208465576172,103.67860412597656,44.5228385925293,51.473575592041016,136.888916015625,120.34033203125,79.38167572021484,40.8820915222168,39.015533447265625,143.8694610595703,112.14969635009766
2025-02-20,43.9791374206543,103.1944808959961,44.92926025390625,50.68455123901367,135.99124145507812,119.95772552490234,79.07018280029297,41.16243362426758,39.01067352294922,144.67530822753906,111.18304443359375
2025-02-21,43.175148010253906,101.78166961669922,43.995452880859375,50.0533447265625,133.01217651367188,116.70796203613281,79.99491882324219,40.82408142089844,39.02039337158203,143.8989715576172,108.25836181640625
2025-02-24,43.12612533569336,101.9792709350586,44.005126953125,50.270320892333984,132.4104461669922,115.03836822509766,80.23827362060547,41.007755279541016,38.825950622558594,145.06837463378906,107.85187530517578
2025-02-25,43.45948791503906,100.4676742553711,43.371299743652344,50.26045608520508,133.09107971191406,113.54763793945312,81.37715911865234,41.44277572631836,38.63150405883789,146.31643676757812,107.28675842285156
2025-02-26,43.43988037109375,100.28983306884766,43.124542236328125,50.1519660949707,133.17002868652344,114.78494262695312,79.8197021484375,41.239768981933594,38.79191970825195,145.2649383544922,106.8455810546875
2025-02-27,43.1457405090332,99.32160949707031,43.35678482055664,50.428123474121094,132.70639038085938,110.60597229003906,79.80996704101562,41.42344284057617,37.93149948120117,144.67530822753906,105.30391693115234
2025-02-28,43.51341247558594,100.77394104003906,44.029319763183594,51.463714599609375,134.48199462890625,112.0668716430664,80.87098693847656,41.71345520019531,38.509979248046875,146.35574340820312,107.05377960205078
2025-03-03,42.64079284667969,99.76619720458984,42.49071502685547,51.02975082397461,132.56829833984375,108.65811157226562,81.29928588867188,42.071136474609375,38.563453674316406,146.9945068359375,105.08084106445312
2025-03-04,42.06231689453125,98.97582244873047,42.07944869995117,49.23473358154297,129.98382568359375,108.57363891601562,79.91703796386719,41.5877799987793,37.936363220214844,145.6285400390625,103.22689056396484
2025-03-05,43.16044235229492,100.25030517578125,41.46497344970703,49.520751953125,132.03561401367188,110.09913635253906,80.24800872802734,41.97446060180664,37.66899871826172,147.0927734375,104.79829406738281
2025-03-06,42.934932708740234,98.45218658447266,41.59077453613281,48.7021484375,130.90118408203125,107.04317474365234,80.39400482177734,40.82408142089844,36.8863525390625,146.68988037109375,102.14128875732422
2025-03-07,43.05259323120117,99.08448791503906,42.3020133972168,48.445716857910156,132.43017578125,108.593505859375,80.6568374633789,41.05609130859375,37.571781158447266,146.69970703125,101.9529037475586
2025-03-10,42.155452728271484,96.61455535888672,42.616512298583984,47.360816955566406,130.358642578125,103.9772720336914,80.48162841796875,40.65974044799805,37.9849739074707,145.11752319335938,98.31439208984375
2025-03-11,41.8318977355957,95.19185638427734,42.27782440185547,46.956443786621094,128.35617065429688,103.55489349365234,79.30379486083984,40.23439025878906,37.63011169433594,143.53533935546875,97.35271453857422
2025-03-12,41.635807037353516,95.66608428955078,42.47135925292969,47.02548599243164,128.3463134765625,105.18474578857422,77.58086395263672,40.08938980102539,37.5134391784668,142.10060119628906,97.9178237915039
2025-03-13,41.60639190673828,93.69999694824219,42.181060791015625,46.76905059814453,127.03434753417969,103.18720245361328,77.220703125,39.30635070800781,37.605804443359375,141.34390258789062,95.4739761352539
2025-03-14,42.15055465698242,95.4190902709961,43.42936706542969,47.85395431518555,129.3524932861328,106.30775451660156,77.39591217041016,40.07005310058594,38.33983612060547,142.4248809814453,97.50637817382812
2025-03-17,42.68001174926758,96.10079193115234,44.12125015258789,48.4161262512207,131.137939453125,107.04814147949219,78.52506256103516,40.77574920654297,38.5002555847168,144.23309326171875,97.66004943847656
2025-03-18,42.606475830078125,94.75714111328125,44.193824768066406,48.35694885253906,130.09231567382812,105.41828918457031,77.62953186035156,40.52439880371094,38.23289108276367,144.30186462402344,95.92010498046875
2025-03-19,42.74864196777344,95.8834457397461,44.91474533081055,48.8895378112793,131.818603515625,106.78974914550781,77.62953186035156,40.5727424621582,38.37386703491211,144.3804931640625,97.75919342041016
2025-03-20,42.47901153564453,95.67595672607422,45.07925033569336,48.958580017089844,131.1576690673828,106.02948760986328,77.2499008178711,40.52439880371094,38.529422760009766,144.4689178466797,97.52621459960938
2025-03-21,42.05740737915039,96.42681884765625,44.76475143432617,48.781044006347656,130.45730590820312,106.31769561767578,77.220703125,40.128047943115234,38.28150177001953,144.06602478027344,97.87816619873047
2025-03-24,42.6273193359375,97.79230499267578,45.27479553222656,49.6412353515625,132.87655639648438,108.3311996459961,77.69823455810547,40.686500549316406,38.269264221191406,145.16598510742188,101.54756927490234
2025-03-25,42.617462158203125,99.03092193603516,45.4600944519043,49.918392181396484,133.074462890625,108.68960571289062,76.99366760253906,40.200050354003906,37.65730667114258,143.31134033203125,102.35780334472656
2025-03-26,42.6962776184082,98.18865203857422,45.72827911376953,49.76991271972656,132.19381713867188,106.26542663574219,78.1875228881836,40.40435791015625,37.906986236572266,142.78848266601562,101.02066802978516
2025-03-27,42.676578521728516,97.7526626586914,45.284549713134766,49.670928955078125,131.49130249023438,105.28480529785156,79.07801055908203,40.307064056396484,37.897193908691406,143.01539611816406,101.08529663085938
2025-03-28,41.89338684082031,94.86912536621094,45.070003509521484,48.71076583862305,128.78013610839844,102.73121643066406,78.68659210205078,40.28761291503906,38.176246643066406,142.5714569091797,97.94377136230469
2025-03-31,42.351478576660156,95.57266998291016,45.56736755371094,49.304683685302734,129.69044494628906,102.7809829711914,79.9195785522461,40.71567916870117,38.60216522216797,144.04135131835938,98.15254974365234
2025-04-01,42.50910568237305,95.63212585449219,45.83555221557617,49.24529266357422,130.42266845703125,103.53263092041016,80.03701782226562,40.744873046875,38.7000846862793,141.4073486328125,99.17652893066406
2025-04-02,42.858829498291016,95.96903228759766,45.89894104003906,49.65113067626953,131.6496124267578,104.29920959472656,79.80216217041016,40.939453125,38.88121795654297,142.3544158935547,101.06044006347656
2025-04-03,40.92301559448242,91.6883316040039,42.29548645019531,47.2061882019043,124.525390625,97.18099975585938,80.2620849609375,39.71360397338867,38.636436462402344,141.20018005371094,94.95635223388672
2025-04-04,38.36163330078125,86.43653869628906,38.40434646606445,43.751590728759766,116.69865417480469,90.77957916259766,76.77838134765625,37.904014587402344,36.48725128173828,133.45602416992188,90.86044311523438
2025-04-07,37.74591064453125,86.5554428100586,38.155662536621094,43.6427116394043,116.15443420410156,91.3221664428711,75.88788604736328,36.9894905090332,35.92914581298828,132.65695190429688,89.78677368164062
2025-04-08,36.583438873291016,85.34654235839844,37.2730827331543,43.474430084228516,115.19464874267578,89.46544647216797,74.71360778808594,36.074974060058594,35.78227233886719,131.18704223632812,87.65431213378906
2025-04-09,39.78024673461914,92.88732147216797,40.15974807739258,46.7508544921875,125.42581939697266,101.476806640625,77.61016082763672,38.14723587036133,37.19221878051758,136.88909912109375,97.19815826416016
2025-04-10,38.50940704345703,89.67678833007812,37.53639221191406,45.44424819946289,122.19023132324219,96.7529067993164,77.64930725097656,37.33974075317383,36.91316604614258,133.0712890625,93.40050506591797
2025-04-11,39.65217208862305,90.43978881835938,38.46773147583008,46.196533203125,124.34728240966797,98.73406219482422,78.62787628173828,37.86509704589844,37.36356735229492,135.02459716796875,94.30519104003906
2025-04-14,40.12997055053711,91.04423522949219,38.60426330566406,46.671669006347656,125.64350128173828,99.6350326538086,79.96851348876953,38.70178985595703,38.034271240234375,136.6720733642578,94.57856750488281
2025-04-15,39.81472396850586,91.27214813232422,38.545753479003906,46.79045104980469,125.02012634277344,99.9984130859375,79.29329681396484,38.760162353515625,38.02937698364258,135.8335418701172,93.89757537841797
2025-04-16,39.50440216064453,88.81470489501953,38.86269760131836,46.057952880859375,123.30833435058594,96.52393341064453,78.44194793701172,38.74070739746094,37.686683654785156,134.452392578125,91.58121490478516
2025-04-17,39.77531814575195,89.38943481445312,39.74039840698242,46.17674255371094,123.98118591308594,96.00126647949219,80.11529541015625,39.35363006591797,38.07343673706055,133.6632080078125,92.1578140258789
2025-04-21,39.16944885253906,87.37789916992188,38.701786041259766,45.18688201904297,121.20075988769531,93.5223388671875,79.35201263427734,38.53639602661133,37.17263412475586,130.78257751464844,89.6972885131836
2025-04-22,40.08563995361328,89.656982421875,39.686763763427734,46.68156814575195,123.3182373046875,95.80216217041016,80.47737121582031,39.32444381713867,38.18603515625,133.23899841308594,92.53559875488281
2025-04-23,40.1348991394043,91.09378814697266,39.61362075805664,47.23588562011719,124.86181640625,98.57975006103516,80.01744079589844,39.373085021972656,38.347591400146484,133.89996337890625,94.60343170166016
2025-04-24,41.00182342529297,92.91704559326172,40.24751663208008,47.7605094909668,127.66204071044922,102.25831604003906,79.31288146972656,39.48983383178711,38.406341552734375,135.53758239746094,96.48734283447266
2025-04-25,40.69643020629883,93.50167846679688,40.174373626708984,47.532840728759766,127.65213012695312,103.77156829833984,79.10736846923828,39.431461334228516,38.28884506225586,136.18869018554688,98.2221450805664
2025-04-28,40.77031707763672,93.85840606689453,40.457191467285156,47.68132019042969,128.07762145996094,103.6023178100586,78.84315490722656,39.674686431884766,38.52383804321289,136.73126220703125,98.2569351196289
2025-04-29,41.110191345214844,94.5421371459961,40.34016418457031,48.176246643066406,128.9087677001953,104.08516693115234,79.4988021850586,39.99574279785156,38.822471618652344,137.402099609375,98.95284271240234
2025-04-30,41.321998596191406,94.57185363769531,39.25278854370117,48.26533126831055,129.83888244628906,104.51823425292969,80.07615661621094,40.18058776855469,38.626644134521484,138.5760498046875,98.05313110351562
2025-05-01,41.13974380493164,95.05740356445312,39.399070739746094,48.255435943603516,130.81846618652344,106.05138397216797,79.3813705444336,40.29733657836914,38.73924255371094,134.7976837158203,98.5949478149414
2025-05-02,41.83427429199219,96.53384399414062,39.974456787109375,49.25518798828125,133.16351318359375,107.82347106933594,79.81193542480469,40.793514251708984,39.04277420043945,136.66221618652344,100.12593078613281
2025-05-05,41.523956298828125,96.76175689697266,39.25278854370117,48.93843078613281,133.23275756835938,107.25102996826172,79.74344635009766,40.744873046875,38.944862365722656,136.2774658203125,99.06219482421875
2025-05-06,41.22348403930664,96.74192810058594,39.26253890991211,48.66127395629883,132.065185546875,106.36000061035156,79.6064453125,40.462730407714844,39.419734954833984,132.5188446044922,98.19728088378906
2025-05-07,40.99690246582031,96.56356811523438,39.27716827392578,48.948333740234375,132.73802185058594,107.42524719238281,79.73365783691406,40.43354415893555,39.5323371887207,133.5349578857422,98.96278381347656
2025-05-08,41.54365539550781,96.7914810180664,39.79404067993164,49.35417175292969,134.56854248046875,108.45066833496094,79.63579559326172,40.23896408081055,39.2141227722168,132.33140563964844,100.13090515136719
2025-05-09,41.65201950073242,96.29602813720703,40.193878173828125,49.35417175292969,134.6774139404297,108.31626892089844,79.1758804321289,40.4821891784668,39.28266143798828,130.8910675048828,100.61308288574219
2025-05-12,42.617462158203125,98.29764556884766,41.242244720458984,50.35392379760742,138.82330322265625,113.34381103515625,79.29329681396484,40.5211067199707,39.047672271728516,134.12686157226562,105.61365509033203
2025-05-13,42.40565872192383,99.25882720947266,41.82250213623047,50.56180191040039,139.79298400878906,115.79287719726562,78.22666931152344,39.97628402709961,38.99381637573242,130.0919952392578,107.01043701171875
2025-05-14,42.01652908325195,99.77410888671875,41.568946838378906,50.4232177734375,139.12014770507812,116.54452514648438,77.80587768554688,39.63576889038086,38.822471618652344,127.0338134765625,107.42301177978516
2025-05-15,42.445068359375,100.17046356201172,41.74448776245117,50.759769439697266,140.66372680664062,116.70380401611328,79.40093994140625,40.36544418334961,39.64982986450195,128.70101928710938,107.18441009521484
2025-05-16,42.8785285949707,100.85418701171875,41.681095123291016,51.06662368774414,142.2666778564453,116.9228286743164,80.3110122680664,40.87134552001953,40.23241424560547,131.29556274414062,108.19844818115234
2025-05-19,42.98689651489258,100.9532699584961,41.13984680175781,51.096317291259766,142.7515106201172,116.75359344482422,80.54586791992188,40.95890808105469,40.40376663208008,132.55828857421875,107.94493865966797
2025-05-20,42.91301727294922,100.70555114746094,40.75950622558594,50.81916046142578,142.23699951171875,116.31554412841797,80.82965850830078,40.744873046875,40.52125930786133,132.88385009765625,107.38323974609375
2025-05-21,42.34162139892578,99.95246887207031,40.00858688354492,49.77981185913086,139.8325653076172,114.13030242919922,79.89022827148438,39.66495895385742,39.78201675415039,129.80592346191406,105.20604705810547
2025-05-22,42.29729461669922,99.7344741821289,39.85255432128906,49.720420837402344,139.80287170410156,114.16017150878906,79.5575180053711,39.528751373291016,39.2141227722168,128.78982543945312,105.65838623046875
2025-05-23,42.213558197021484,99.27864837646484,39.97932815551758,49.5422477722168,139.34771728515625,112.90079498291016,79.85108947753906,39.53847885131836,39.68410110473633,128.58262634277344,104.70896911621094
2025-05-27,42.952415466308594,100.89382934570312,40.32553482055664,50.41332244873047,141.80162048339844,115.58380889892578,80.5752182006836,40.19032287597656,39.98273849487305,130.3780975341797,107.80078887939453
2025-05-28,42.36625671386719,100.87400817871094,39.813541412353516,50.07676696777344,141.09909057617188,115.10594940185547,80.0272216796875,40.19032287597656,39.42463684082031,129.707275390625,106.81160736083984
2025-05-29,42.52388381958008,100.06146240234375,40.110984802246094,50.33413314819336,141.22772216796875,115.30008697509766,80.35015106201172,40.560020446777344,39.698787689208984,130.5753936767578,106.85633850097656
2025-05-30,42.52880096435547,100.47764587402344,39.755027770996094,50.443016052246094,141.31678771972656,114.94168090820312,81.05471801757812,40.59893798828125,40.10512924194336,130.85162353515625,106.27476501464844
2025-06-02,42.78001403808594,100.97309112548828,40.27677536010742,50.46281433105469,141.138671875,115.95714569091797,81.10365295410156,40.657310485839844,40.23241424560547,130.9305419921875,106.52330780029297
2025-06-03,43.218406677246094,100.68572998046875,40.754634857177734,50.56180191040039,142.22711181640625,117.69935607910156,81.02537536621094,40.511375427246094,40.34012222290039,131.23635864257812,107.08997344970703
2025-06-04,43.38095474243164,101.32982635498047,39.95982360839844,50.27473831176758,142.30625915527344,117.87358856201172,80.45779418945312,40.63785171508789,39.63514709472656,131.4928436279297,106.80663299560547
2025-06-05,43.124820709228516,101.46855163574219,39.92081832885742,50.13616180419922,142.20730590820312,117.54006958007812,79.68472290039062,40.62812042236328,39.571502685546875,131.31529235839844,104.11248016357422
2025-06-06,43.23810958862305,102.76663208007812,40.67173767089844,50.759769439697266,143.40457153320312,118.65011596679688,79.93916320800781,40.744873046875,39.74774932861328,132.56817626953125,105.46453094482422
2025-06-09,43.52872848510742,102.46936798095703,40.749755859375,50.482608795166016,143.27593994140625,119.23251342773438,79.83151245117188,40.72541046142578,39.4931755065918,132.3412628173828,106.30955505371094
2025-06-10,43.799644470214844,103.76744842529297,41.47629928588867,50.5420036315918,142.65257263183594,119.8995361328125,80.00765991210938,41.085384368896484,39.58618927001953,133.8506317138672,107.58206939697266
2025-06-11,43.366180419921875,103.52963256835938,42.07606506347656,50.482608795166016,142.72183227539062,119.63571166992188,79.73365783691406,40.86161422729492,39.61067199707031,133.91969299316406,106.73207092285156
2025-06-12,43.54843521118164,102.6873550415039,42.22234344482422,50.482608795166016,142.34584045410156,120.74575805664062,80.203369140625,41.085384368896484,40.0904426574707,134.96539306640625,106.23002624511719
2025-06-13,43.04107666015625,101.64691162109375,42.95864486694336,49.45315933227539,141.14857482910156,119.05330657958984,79.22480010986328,40.754600524902344,39.860347747802734,134.29457092285156,105.25078582763672
2025-06-16,43.40558624267578,103.39089965820312,42.83185958862305,50.01737976074219,142.11825561523438,120.97970581054688,79.47923278808594,40.793514251708984,39.664520263671875,133.8802490234375,106.38411712646484
2025-06-17,42.98197555541992,102.4792709350586,43.23170471191406,49.73031997680664,141.04962158203125,120.12353515625,78.80401611328125,40.62812042236328,39.33651351928711,131.67044067382812,104.54991912841797
2025-06-18,42.858829498291016,102.52881622314453,42.948890686035156,49.71052551269531,140.7132110595703,120.26789093017578,78.70616149902344,40.70595169067383,39.4393196105957,131.44354248046875,104.59961700439453
2025-06-20,42.568206787109375,101.904541015625,43.38774490356445,49.84910202026367,140.8715057373047,119.73526763916016,79.28351593017578,40.69622802734375,39.54702377319336,130.81216430664062,104.72388458251953
2025-06-23,43.04249954223633,103.19485473632812,42.29053497314453,50.47683334350586,142.77906799316406,121.10044860839844,80.20179748535156,41.2901496887207,40.048370361328125,131.00050354003906,106.79959869384766
2025-06-24,43.39896011352539,104.52589416503906,41.73997116088867,51.23170471191406,143.97006225585938,123.27434539794922,80.13282775878906,41.486488342285156,40.22090530395508,132.60629272460938,107.39237976074219
2025-06-25,42.98308563232422,104.50602722167969,41.55808639526367,51.06285095214844,142.69967651367188,124.32640075683594,79.05886840820312,40.475341796875,39.68357467651367,132.7252197265625,106.12712860107422
2025-06-26,43.45836639404297,105.71786499023438,42.15289306640625,51.440284729003906,144.24795532226562,125.18399810791016,78.98989868164062,40.2201042175293,40.013858795166016,133.0424346923828,107.10346221923828
2025-06-27,43.51282501220703,106.9594955444336,41.93168640136719,51.589271545410156,145.6870574951172,125.03441619873047,79.36431121826172,40.36735534667969,40.09273910522461,132.7549591064453,108.88677978515625
2025-06-30,43.47322082519531,107.8038101196289,41.6908073425293,52.01636505126953,146.4115753173828,126.26097106933594,79.77812194824219,40.661865234375,40.25541687011719,133.607421875,108.2591323852539
2025-07-01,44.59706115722656,107.0389633178711,42.01033401489258,52.30440902709961,146.89788818359375,125.1341323852539,80.77325439453125,40.93674087524414,40.3934440612793,135.51058959960938,108.72239685058594
2025-07-02,45.265419006347656,106.73103332519531,42.73295593261719,52.264678955078125,147.04676818847656,126.45542907714844,81.00972747802734,41.01527404785156,40.04343795776367,134.17242431640625,109.59412384033203
2025-07-03,45.2357177734375,107.31708526611328,42.78211212158203,52.83082962036133,148.2972869873047,128.12075805664062,80.9703140258789,41.034912109375,40.344146728515625,134.3112030029297,110.19188690185547
2025-07-07,44.80004119873047,106.28404235839844,42.36919021606445,52.324275970458984,147.7812042236328,127.10360717773438,80.9013442993164,40.720767974853516,40.42795181274414,133.1811981201172,108.7921371459961
2025-07-08,45.166404724121094,106.06551361083984,43.50965118408203,51.85744857788086,147.74151611328125,127.78669738769531,80.15253448486328,40.661865234375,39.99907302856445,133.7858428955078,108.42351531982422
2025-07-09,45.43870162963867,106.34364318847656,43.2884407043457,52.046165466308594,148.773681640625,128.55453491210938,79.63033294677734,40.642234802246094,40.37372589111328,134.30128479003906,109.06610107421875
2025-07-10,45.68128967285156,105.98605346679688,43.617801666259766,52.35407257080078,149.60739135742188,128.1307373046875,79.91606140136719,40.848388671875,40.704010009765625,135.12400817871094,110.2715835571289
2025-07-11,45.30997848510742,105.30067443847656,43.81442642211914,51.80778503417969,149.07144165039062,127.56731414794922,79.62047576904297,40.809120178222656,40.64485168457031,134.00390625,110.30147552490234
2025-07-14,45.05748748779297,106.33370971679688,43.33268356323242,52.19514846801758,149.87535095214844,127.46260833740234,79.68944549560547,41.08399200439453,40.807533264160156,133.84532165527344,110.7099380493164
2025-07-15,44.13167953491211,105.28079986572266,42.7083740234375,51.301231384277344,148.7538604736328,128.5944366455078,78.89137268066406,40.55388259887695,40.4180908203125,131.4366455078125,109.12588500976562
2025-07-16,44.2504997253418,105.5986557006836,42.339691162109375,51.65879821777344,149.2798614501953,128.99331665039062,79.16725158691406,40.99563980102539,40.437808990478516,133.07215881347656,109.32513427734375
2025-07-17,44.56240463256836,105.9661865234375,42.6002311706543,52.15542221069336,150.659423828125,130.16502380371094,79.91606140136719,40.95637512207031,40.60541915893555,131.5555877685547,109.69873809814453
2025-07-18,44.6663703918457,105.4794692993164,42.25612258911133,52.18522262573242,150.3219757080078,130.0802764892578,79.69930267333984,41.07417678833008,41.285709381103516,130.6833038330078,110.67009735107422
2025-07-21,44.894107818603516,106.88996124267578,41.81861877441406,52.036231994628906,149.52798461914062,130.2498016357422,79.68944549560547,41.23124694824219,41.41880416870117,129.9398956298828,111.19313049316406
2025-07-22,45.512962341308594,107.13829040527344,42.01525115966797,52.324275970458984,149.88528442382812,129.0431671142578,80.4185562133789,41.9478874206543,41.92656326293945,132.35848999023438,112.31890869140625
2025-07-23,45.66643524169922,107.7243423461914,42.67396545410156,52.74143600463867,152.5749053955078,129.78111267089844,80.4481201171875,42.06569290161133,41.61106872558594,135.07444763183594,112.85191345214844
2025-07-24,45.19610595703125,107.90313720703125,42.9787483215332,52.711639404296875,152.31686401367188,130.32957458496094,80.16238403320312,42.00679016113281,41.55683898925781,134.56890869140625,110.98391723632812
2025-07-25,45.730796813964844,106.89990234375,42.81652069091797,53.07914352416992,153.825439453125,130.62872314453125,80.30032348632812,42.00679016113281,41.665287017822266,135.28260803222656,112.01504516601562
2025-07-28,45.0673828125,106.32378387451172,43.30318832397461,52.711639404296875,153.3490447998047,131.67080688476562,79.47268676757812,41.28033447265625,41.22162628173828,134.10304260253906,112.6676025390625
2025-07-29,44.894107818603516,105.4099349975586,43.72594451904297,52.44346237182617,151.60227966308594,131.67579650878906,79.99488830566406,41.96752166748047,41.69486999511719,133.25057983398438,111.89051818847656
2025-07-30,43.98810577392578,105.73772430419922,43.10164260864258,52.344139099121094,150.85791015625,131.969970703125,79.28549194335938,41.37850570678711,42.00543212890625,133.0126953125,111.18317413330078
2025-07-31,43.433616638183594,106.6913070678711,42.870601654052734,52.01636505126953,150.86782836914062,131.00267028808594,78.60564422607422,40.65205001831055,42.23219680786133,129.28567504882812,110.30147552490234
2025-08-01,42.9335823059082,105.4099349975586,42.07423782348633,51.052921295166016,148.61489868164062,128.17559814453125,78.98004913330078,40.534244537353516,42.29628372192383,129.97955322265625,107.64144134521484
2025-08-04,43.5029296875,107.43629455566406,41.98084259033203,51.55947494506836,149.98451232910156,130.77830505371094,79.36431121826172,40.877838134765625,43.04558563232422,131.84304809570312,108.90670776367188
2025-08-05,43.80987548828125,106.6019058227539,42.034915924072266,51.350894927978516,149.67686462402344,129.6963348388672,79.28549194335938,41.01527404785156,42.58713150024414,131.3375244140625,109.04618835449219
2025-08-06,43.3345947265625,107.00917053222656,41.646568298339844,51.599205017089844,149.7959442138672,131.15724182128906,80.4185562133789,40.67168045043945,42.207550048828125,129.36497497558594,111.31269073486328
2025-08-07,43.52273178100586,106.55223846435547,41.48434829711914,51.02311706542969,149.57762145996094,131.27691650390625,81.02942657470703,40.82875442504883,42.66600799560547,127.87812805175781,111.27781677246094
2025-08-08,43.740562438964844,106.90982818603516,41.74980163574219,51.4998779296875,149.6967010498047,132.58824157714844,81.26589965820312,40.49497985839844,42.48360824584961,129.01805114746094,111.47208404541016
2025-08-11,43.64154815673828,107.4561538696289,41.41552734375,51.480018615722656,149.21038818359375,131.6907501220703,81.19692993164062,40.259368896484375,42.35050964355469,129.1468963623047,111.76100158691406
2025-08-12,44.21089553833008,109.5123062133789,41.6170768737793,52.10575866699219,150.7586669921875,133.73004150390625,81.41368103027344,40.32809066772461,42.53290557861328,130.0390167236328,112.9465560913086
2025-08-13,45.042633056640625,110.36654663085938,42.098819732666016,52.40373229980469,151.3343048095703,133.77989196777344,81.41368103027344,40.593143463134766,42.62656784057617,132.12057495117188,114.4957504272461
2025-08-14,44.572303771972656,110.45594024658203,42.05949401855469,52.65204620361328,149.9944610595703,133.49070739746094,80.68457794189453,40.30845642089844,42.33079147338867,132.7847137451172,114.3662338256836
2025-08-15,44.572303771972656,110.73406982421875,42.05949401855469,52.10575866699219,149.30963134765625,132.47854614257812,80.81266784667969,40.573516845703125,42.207550048828125,135.0149688720703,114.0922622680664
2025-08-18,44.31486511230469,110.05862426757812,41.80879211425781,52.14548873901367,149.89520263671875,132.7627410888672,80.70429229736328,40.190650939941406,42.025150299072266,134.69778442382812,114.55055236816406
2025-08-19,44.58220672607422,109.4427719116211,41.82353591918945,52.24481201171875,150.22271728515625,130.44424438476562,81.53192138671875,40.90728759765625,42.4343147277832,135.5601348876953,114.4957504272461
2025-08-20,44.61686325073242,109.11497497558594,42.17255783081055,52.51298904418945,150.0837860107422,129.5617218017578,81.99500274658203,41.064361572265625,42.47867965698242,136.29364013671875,113.364990234375
2025-08-21,44.75053405761719,108.99578857421875,42.46258544921875,52.344139099121094,149.54783630371094,129.09303283691406,81.25604248046875,40.91710662841797,42.18783187866211,135.83767700195312,112.6925048828125
2025-08-22,45.6367301940918,110.5652084350586,43.32776641845703,53.2082633972168,151.98934936523438,130.8431396484375,81.25604248046875,41.565025329589844,42.41459655761719,136.957763671875,116.11468505859375
2025-08-25,45.384239196777344,110.74400329589844,43.44083023071289,52.90035629272461,150.47085571289062,130.54893493652344,79.8667984008789,41.35887145996094,41.93642044067383,135.0050506591797,115.88056182861328
2025-08-26,45.50800704956055,110.25728607177734,43.372013092041016,53.307586669921875,152.01913452148438,131.14727783203125,79.34459686279297,41.241065979003906,42.030086517333984,135.84759521484375,116.41355895996094
2025-08-27,45.621883392333984,110.44600677490234,43.858673095703125,53.41684341430664,151.999267578125,131.85528564453125,79.58106994628906,41.41777038574219,42.039939880371094,135.76829528808594,116.43846130371094
2025-08-28,45.621883392333984,110.86319732666016,44.19294357299805,53.48637008666992,152.26724243164062,132.89736938476562,79.07858276367188,41.30978775024414,41.71951675415039,135.23301696777344,116.6377182006836
2025-08-29,45.686241149902344,110.64466857910156,44.43382263183594,53.625431060791016,150.86782836914062,130.8580780029297,79.5909194946289,41.53557586669922,41.56669616699219,136.22425842285156,115.43721771240234
2025-09-02,45.34463119506836,110.45594024658203,44.49772644042969,53.22813034057617,149.42872619628906,129.5367889404297,79.46283721923828,40.82875442504883,41.42866897583008,136.35311889648438,114.57544708251953
2025-09-03,45.037681579589844,112.30349731445312,43.499820709228516,53.138736724853516,148.6744384765625,130.30963134765625,79.40371704101562,40.720767974853516,41.32514572143555,135.70883178710938,115.0387191772461
2025-09-04,45.210960388183594,113.3166732788086,43.789852142333984,53.6949577331543,150.35174560546875,130.95281982421875,79.4529800415039,40.99563980102539,41.275848388671875,136.22425842285156,117.14083862304688
2025-09-05,45.52781295776367,113.92259216308594,42.9443359375,52.711639404296875,149.7959442138672,131.0625,79.67959594726562,41.407955169677734,41.14767837524414,136.6901397705078,117.11592102050781
2025-09-08,45.567420959472656,114.05171966552734,42.84602355957031,52.751373291015625,150.13340759277344,132.04473876953125,79.3840103149414,41.133079528808594,40.728660583496094,136.64059448242188,117.56922912597656
2025-09-09,44.82479476928711,114.69737243652344,43.052486419677734,52.979820251464844,149.12106323242188,132.29904174804688,79.54165649414062,41.11344909667969,41.00965118408203,137.37408447265625,117.40484619140625
2025-09-10,44.90896224975586,113.85306549072266,43.80459976196289,52.80103302001953,150.22271728515625,134.6973114013672,78.76329040527344,41.09381103515625,41.71458435058594,136.12513732910156,116.00010681152344
2025-09-11,45.84961700439453,115.60128021240234,43.81442642211914,53.665157318115234,151.6519012451172,135.1510467529297,79.40371704101562,41.7613639831543,41.93642044067383,138.49417114257812,118.25664520263672
2025-09-12,45.389190673828125,116.56478881835938,43.55389404296875,53.436710357666016,150.44107055664062,135.06129455566406,79.13768768310547,41.5748405456543,42.14839172363281,136.89830017089844,118.86935424804688
2025-09-15,45.022830963134766,118.2037582397461,43.40642166137695,53.31752014160156,151.1358184814453,136.27789306640625,78.23123931884766,41.5257568359375,42.246986389160156,135.7286376953125,119.90048217773438
2025-09-16,44.88420486450195,117.72695922851562,44.13395309448242,53.198333740234375,150.68919372558594,135.80421447753906,78.5859375,41.28033447265625,41.477962493896484,135.7286376953125,120.63772583007812
2025-09-17,44.98817443847656,118.0348892211914,44.237186431884766,53.714820861816406,150.00437927246094,135.3355255126953,79.05886840820312,41.26070022583008,41.581485748291016,135.99627685546875,120.33386993408203
2025-09-18,44.98817443847656,118.12428283691406,44.099544525146484,53.76448440551758,151.60227966308594,137.67396545410156,78.36917877197266,41.2901496887207,41.61106872558594,136.263916015625,119.79090118408203
2025-09-19,44.9683723449707,118.61101531982422,43.514564514160156,53.883670806884766,151.96949768066406,139.070068359375,78.2115249633789,41.08399200439453,41.877262115478516,136.0854949951172,120.24420166015625
2025-09-22,44.95295333862305,118.19734954833984,43.46449279785156,53.81192398071289,152.47776794433594,141.11595153808594,77.33952331542969,41.219512939453125,42.28322219848633,136.05064392089844,119.85247802734375
2025-09-23,44.80869674682617,118.02790069580078,44.213111877441406,53.572757720947266,152.5176239013672,139.89781188964844,77.7264175415039,41.54594802856445,42.5015869140625,136.3593292236328,118.72471618652344
2025-09-24,44.26152038574219,117.05106353759766,44.7882080078125,53.423282623291016,151.73031616210938,139.0341033935547,77.89506530761719,41.1205940246582,42.804317474365234,135.81166076660156,119.56305694580078
2025-09-25,43.68449783325195,116.65235137939453,45.189788818359375,53.28377151489258,150.70384216308594,138.78948974609375,77.15103149414062,41.02167892456055,42.39240264892578,133.56124877929688,117.87639617919922
2025-09-26,44.19187927246094,117.7886734008789,45.60623550415039,53.67241287231445,152.0592041015625,139.20884704589844,77.33952331542969,41.42724609375,43.08223342895508,134.92543029785156,119.61795043945312
2025-09-29,44.36100769042969,118.16744995117188,44.76837921142578,53.941471099853516,152.527587890625,139.9527130126953,77.48833465576172,41.506378173828125,43.20630645751953,135.32373046875,120.14189910888672
2025-09-30,44.57987976074219,117.98802947998047,44.29243469238281,53.682376861572266,153.70355224609375,140.716552734375,77.74626159667969,41.67454147338867,43.2807502746582,138.57986450195312,119.58301544189453
2025-10-01,44.11228942871094,116.33338165283203,44.29243469238281,53.20404815673828,153.27503967285156,142.09446716308594,77.6272201538086,41.67454147338867,43.697628021240234,142.86163330078125,120.33152770996094
2025-10-02,44.6246452331543,116.07421875,43.84624099731445,53.164188385009766,153.6736602783203,142.86331176757812,77.31968688964844,41.4569206237793,43.618221282958984,142.58282470703125,119.46324920654297
2025-10-03,44.69926071166992,116.01441955566406,44.079254150390625,53.532901763916016,153.88294982910156,142.14439392089844,77.40896606445312,41.625083923339844,44.12443161010742,144.20591735839844,118.69477081298828
2025-10-06,44.65946578979492,116.134033203125,44.297393798828125,53.512969970703125,154.60049438476562,143.58221435546875,76.843505859375,41.20962142944336,44.55122756958008,143.50888061523438,119.71275329589844
2025-10-07,44.48038864135742,115.68547821044922,44.36680221557617,53.582725524902344,153.72349548339844,142.62367248535156,77.55777740478516,41.08102798461914,44.75470733642578,143.618408203125,117.61690521240234
2025-10-08,44.71915817260742,115.20703125,44.10900115966797,53.323631286621094,155.0589141845703,145.1248779296875,77.1708755493164,40.87329864501953,45.06240463256836,143.897216796875,117.96621704101562
2025-10-09,44.10731506347656,114.54915618896484,43.50911331176758,53.13429260253906,152.7667694091797,144.8802490234375,77.41889190673828,40.68535232543945,44.94825744628906,143.57858276367188,117.37738800048828
2025-10-10,43.201988220214844,112.43600463867188,42.249847412109375,51.97833251953125,149.38833618164062,138.98419189453125,77.47840881347656,40.24021911621094,44.76462936401367,141.5074005126953,114.1487808227539
2025-10-13,43.88844680786133,113.47264099121094,42.82494354248047,52.476593017578125,150.94302368164062,142.3690643310547,77.22047424316406,40.46773147583008,45.1070671081543,141.34808349609375,116.69873046875
2025-10-14,44.32618713378906,114.22022247314453,42.81998825073242,53.05457305908203,152.71694946289062,140.54183959960938,78.46052551269531,40.853511810302734,45.50905227661133,141.73641967773438,116.94324493408203
2025-10-15,44.12721252441406,115.0276107788086,42.79520034790039,53.05457305908203,152.07913208007812,141.93470764160156,78.59941864013672,41.44702911376953,46.10459518432617,141.9554901123047,117.11290740966797
2025-10-16,43.79890823364258,113.80158233642578,42.27959442138672,51.5797233581543,151.08255004882812,142.03956604003906,78.05379486083984,41.31843185424805,45.60334777832031,141.71652221679688,115.98014831542969
2025-10-17,43.7143440246582,114.56909942626953,42.62663650512695,51.99826431274414,151.21209716796875,142.2891845703125,79.09544372558594,41.585514068603516,45.44453811645508,142.66249084472656,116.9781723022461
2025-10-20,44.23664855957031,115.86489868164062,43.077789306640625,52.60614013671875,152.99598693847656,143.87677001953125,79.0260009765625,42.020755767822266,45.429649353027344,144.17604064941406,117.90633392333984
2025-10-21,44.06752014160156,116.2735824584961,42.9786376953125,52.546348571777344,154.35134887695312,143.95166015625,78.65894317626953,41.89216232299805,44.968109130859375,144.5146026611328,119.34848022460938
2025-10-22,43.9332160949707,115.26683807373047,43.52894592285156,52.24739456176758,152.34820556640625,142.52880859375,79.10535430908203,42.080108642578125,44.863887786865234,145.34109497070312,118.41532897949219
2025-10-23,44.46049118041992,114.87809753417969,44.10900115966797,52.35700988769531,154.25167846679688,144.32608032226562,78.71846008300781,42.04054260253906,44.82915115356445,145.4207305908203,118.94926452636719
2025-10-24,44.27644348144531,115.17713165283203,43.662803649902344,52.925025939941406,154.38124084472656,146.56768798828125,78.46052551269531,42.18892288208008,45.35520553588867,145.41078186035156,118.594970703125
2025-10-27,44.25654602050781,116.78193664550781,43.76691436767578,53.14426040649414,155.25823974609375,149.27359008789062,78.5895004272461,42.277950286865234,45.479278564453125,145.7493438720703,120.30158996582031
2025-10-28,44.31623458862305,116.20380401611328,43.3108024597168,52.805442810058594,154.1520233154297,150.7513427734375,77.8057861328125,41.338218688964844,44.72989273071289,144.83323669433594,120.33152770996094
2025-10-29,43.44572830200195,115.91474151611328,43.633056640625,51.90857696533203,154.5506591796875,151.83470153808594,75.97051239013672,40.21054458618164,44.715003967285156,143.36947631835938,119.33849334716797
2025-10-30,42.86373519897461,113.95109558105469,43.37525177001953,52.04808807373047,154.16200256347656,149.96754455566406,75.89114379882812,40.43805694580078,44.52641677856445,143.68812561035156,116.64383697509766
2025-10-31,42.61501693725586,114.43951416015625,43.69254684448242,52.187599182128906,154.53073120117188,150.1123046875,75.67289733886719,40.45783996582031,44.218719482421875,143.63833618164062,119.72772216796875
2025-11-03,42.35137939453125,113.22344970703125,43.697505950927734,51.96836853027344,153.8729705810547,150.72637939453125,75.07767486572266,40.38859558105469,44.24353790283203,143.8374786376953,120.85049438476562
2025-11-04,42.142459869384766,112.44596862792969,43.226524353027344,52.2374267578125,152.08909606933594,146.74742126464844,75.38520050048828,40.497406005859375,44.0847282409668,144.4847412109375,118.84447479248047
2025-11-05,42.39117431640625,113.05400085449219,43.34054946899414,52.41679763793945,152.6770782470703,147.32154846191406,75.33560180664062,40.48751449584961,44.09465026855469,145.0423583984375,120.29161071777344
2025-11-06,42.182254791259766,112.03729248046875,43.76195526123047,52.22746276855469,152.06915283203125,144.3610382080078,74.99830627441406,40.289676666259766,43.901100158691406,145.3211669921875,117.51212310791016
2025-11-07,42.689632415771484,111.74822998046875,44.3915901184082,52.59617233276367,152.806640625,143.86178588867188,76.09947204589844,40.82383728027344,44.51152801513672,145.5203094482422,117.6967544555664
2025-11-10,43.092552185058594,112.9144515991211,44.79316711425781,52.78551483154297,153.6736602783203,147.5412139892578,75.82170104980469,40.79416275024414,44.49664306640625,146.65548706054688,119.24369049072266
2025-11-11,43.54024124145508,113.83148193359375,45.37818145751953,53.02467346191406,153.71353149414062,146.2831268310547,76.8137435913086,41.24919128417969,44.521453857421875,150.0410614013672,119.53810119628906
2025-11-12,43.84865188598633,113.17361450195312,44.74359130859375,53.483070373535156,153.86302185058594,146.73744201660156,76.70462036132812,40.92275619506836,44.62567138671875,152.1719970703125,118.73469543457031
2025-11-13,43.56013870239258,111.56880950927734,44.85762023925781,52.795475006103516,151.48117065429688,143.07797241210938,76.70462036132812,40.38859558105469,44.010284423828125,152.0923309326172,115.77056884765625
2025-11-14,43.162193298339844,110.97074890136719,45.62110900878906,52.2673225402832,151.4911346435547,143.85679626464844,76.64509582519531,40.50729751586914,44.04998779296875,151.18618774414062,115.21666717529297
2025-11-17,42.50558090209961,110.82122802734375,44.7882080078125,51.27080535888672,150.0062255859375,141.605224609375,76.15898895263672,40.24021911621094,44.4470100402832,151.05673217773438,114.1338119506836
2025-11-18,42.540401458740234,111.4491958618164,45.145164489746094,51.19108200073242,149.33851623535156,139.3037109375,76.48636627197266,40.38859558105469,44.27827453613281,151.94296264648438,112.02798461914062
2025-11-19,42.649837493896484,110.8311996459961,44.56015396118164,51.38042449951172,149.83680725097656,140.27223205566406,75.90106964111328,40.072052001953125,43.906063079833984,151.68406677246094,112.03297424316406
2025-11-20,42.013126373291016,109.6151351928711,44.054466247558594,50.93199157714844,147.32540893554688,135.86891174316406,76.44668579101562,39.93356704711914,43.682735443115234,150.77792358398438,110.36128997802734
2025-11-21,42.95327377319336,111.53890991210938,44.332096099853516,51.49003601074219,149.1192626953125,136.39312744140625,77.2800064086914,40.45783996582031,43.74725341796875,153.95440673828125,112.52699279785156
2025-11-24,43.03783416748047,112.64532470703125,44.208152770996094,51.70927429199219,149.48800659179688,139.6431884765625,76.38716888427734,40.517189025878906,44.24353790283203,154.6016387939453,114.02901458740234
2025-11-25,43.67952346801758,113.93116760253906,43.93052291870117,52.35700988769531,151.4014434814453,140.0176239013672,77.43872833251953,40.843624114990234,44.074798583984375,158.09677124023438,116.46917724609375
2025-11-26,44.21675109863281,114.09064483642578,44.26268768310547,52.76558303833008,152.2784423828125,141.67510986328125,78.28196716308594,41.02167892456055,44.6604118347168,157.7482452392578,117.2676010131836
2025-11-28,44.47044372558594,115.01764678955078,44.842742919921875,53.14426040649414,153.1654052734375,142.8932647705078,78.7383041381836,41.219512939453125,44.978031158447266,156.98150634765625,117.99616241455078
2025-12-01,44.36100769042969,114.47938537597656,45.27406692504883,52.70579147338867,150.923095703125,142.95816040039062,78.65894317626953,40.64578628540039,43.9259147644043,154.6315155029297,118.06602478027344
2025-12-02,43.95808792114258,114.85816192626953,44.689056396484375,52.65596389770508,152.2385711669922,144.43092346191406,78.14307403564453,40.54686737060547,43.613258361816406,153.70545959472656,117.98617553710938
2025-12-03,44.26649475097656,114.75848388671875,45.526912689208984,53.36349105834961,153.6836395263672,144.77540588378906,78.20260620117188,40.625999450683594,43.47429656982422,154.4224090576172,119.25865936279297
2025-12-04,44.00783157348633,115.41635131835938,45.72026443481445,53.47311019897461,154.48089599609375,145.31459045410156,77.82562255859375,40.556758880615234,43.38496780395508,153.24740600585938,118.8344955444336
2025-12-05,43.86357498168945,116.75202941894531,45.53186798095703,53.493038177490234,154.0523681640625,146.3779754638672,77.8355484008789,40.54686737060547,42.9780158996582,152.61012268066406,119.49319458007812
2025-12-08,43.25670623779297,115.88484191894531,45.036094665527344,53.29373550415039,153.86302185058594,147.4064178466797,77.19071960449219,40.29956817626953,42.4023323059082,150.78787231445312,117.75662994384766
2025-12-09,43.16716766357422,116.01441955566406,45.3137321472168,53.09443283081055,152.7368621826172,147.7958221435547,77.3692855834961,40.062164306640625,42.432106018066406,149.32412719726562,117.74665832519531
2025-12-10,44.0128059387207,116.69222259521484,45.7896728515625,53.702308654785156,155.52731323242188,148.50474548339844,77.59745788574219,40.141300201416016,42.412254333496094,151.494873046875,119.47322845458984
2025-12-11,44.888282775878906,116.43305969238281,45.571533203125,54.67889404296875,157.19161987304688,147.7458953857422,78.17284393310547,40.358917236328125,42.71995162963867,152.92877197265625,119.94229888916016
2025-12-12,44.91813278198242,116.17390441894531,45.125335693359375,54.75861740112305,156.2050018310547,143.47238159179688,78.78790283203125,40.3094596862793,42.511512756347656,153.40673828125,120.46126556396484
2025-12-15,44.888282775878906,116.19383239746094,44.808040618896484,54.79847717285156,156.4541473388672,142.08448791503906,79.00615692138672,40.46773147583008,42.89861297607422,155.43809509277344,121.4892349243164
2025-12-16,44.76890182495117,116.2735824584961,43.43970489501953,54.4496955871582,155.52731323242188,142.34408569335938,78.64901733398438,40.11162185668945,42.71995162963867,153.4167022705078,121.6888427734375
2025-12-17,44.957923889160156,115.43628692626953,44.40150451660156,54.43973159790039,153.00595092773438,139.17889404296875,79.01607513427734,40.289676666259766,42.44203186035156,153.13787841796875,120.28162384033203
2025-12-18,44.938026428222656,116.09416198730469,43.75699996948242,54.35004425048828,154.00253295898438,141.3256378173828,78.55973815917969,40.04237747192383,42.858909606933594,153.2573699951172,122.0980224609375
2025-12-19,45.137001037597656,116.14399719238281,43.75699996948242,54.64899826049805,155.3280029296875,144.38101196289062,78.15299987792969,39.89400100708008,42.3129997253418,154.2830047607422,121.60899353027344
2025-12-22,45.66999816894531,116.66000366210938,44.209999084472656,55.31999969482422,157.0500030517578,145.16000366210938,77.87999725341797,40.189998626708984,42.470001220703125,155.3000030517578,122.33999633789062
2025-12-23,45.75,117.38999938964844,44.5,55.43000030517578,156.99000549316406,145.9499969482422,77.51000213623047,40.18000030517578,42.619998931884766,154.99000549316406,122.16999816894531
2025-12-24,45.84000015258789,118.08999633789062,44.369998931884766,55.72999954223633,157.5,146.3000030517578,78.12000274658203,40.439998626708984,42.810001373291016,155.8000030517578,122.58999633789062
2025-12-26,46.11000061035156,117.97000122070312,44.20000076293945,55.619998931884766,157.2100067138672,146.52999877929688,78.2300033569336,40.52000045776367,42.779998779296875,156.0500030517578,122.05000305175781
2025-12-29,45.7400016784668,117.88999938964844,44.619998931884766,55.31999969482422,156.8699951171875,145.8699951171875,78.27999877929688,40.630001068115234,42.86000061035156,155.80999755859375,120.8499984741211
2025-12-30,45.72999954223633,118.29000091552734,44.959999084472656,55.18000030517578,156.4199981689453,145.41000366210938,78.1500015258789,40.720001220703125,42.959999084472656,155.67999267578125,120.36000061035156
